<?xml version="1.0" ?>
<gpx xmlns="http://www.topografix.com/GPX/1/1" version="1.1" creator="ERO1">
  <trk>
    <name>riviere_des_prairies — baseline — zone 2</name>
    <trkseg>
      <trkpt lat="45.6527802" lon="-73.5044584"/>
      <trkpt lat="45.6539501" lon="-73.5049075"/>
      <trkpt lat="45.6545337" lon="-73.5050926"/>
      <trkpt lat="45.6550945" lon="-73.5050247"/>
      <trkpt lat="45.6549561" lon="-73.5041066"/>
      <trkpt lat="45.6556112" lon="-73.5038892"/>
      <trkpt lat="45.656289" lon="-73.5036466"/>
      <trkpt lat="45.6569284" lon="-73.5034369"/>
      <trkpt lat="45.6575767" lon="-73.503235"/>
      <trkpt lat="45.6570668" lon="-73.499956"/>
      <trkpt lat="45.6565631" lon="-73.4966545"/>
      <trkpt lat="45.6561228" lon="-73.4938219"/>
      <trkpt lat="45.6581091" lon="-73.4941498"/>
      <trkpt lat="45.6561228" lon="-73.4938219"/>
      <trkpt lat="45.6554368" lon="-73.4937275"/>
      <trkpt lat="45.6561228" lon="-73.4938219"/>
      <trkpt lat="45.6559615" lon="-73.4927637"/>
      <trkpt lat="45.6558186" lon="-73.4918803"/>
      <trkpt lat="45.6557926" lon="-73.4913894"/>
      <trkpt lat="45.6551962" lon="-73.4909777"/>
      <trkpt lat="45.6546359" lon="-73.4905567"/>
      <trkpt lat="45.6550562" lon="-73.4931527"/>
      <trkpt lat="45.6546359" lon="-73.4905567"/>
      <trkpt lat="45.6536157" lon="-73.4900922"/>
      <trkpt lat="45.6538013" lon="-73.4915429"/>
      <trkpt lat="45.6538013" lon="-73.4915429"/>
      <trkpt lat="45.6536157" lon="-73.4900922"/>
      <trkpt lat="45.6528404" lon="-73.4898064"/>
      <trkpt lat="45.6527633" lon="-73.4920835"/>
      <trkpt lat="45.6527149" lon="-73.4927641"/>
      <trkpt lat="45.6513994" lon="-73.4925608"/>
      <trkpt lat="45.6527149" lon="-73.4927641"/>
      <trkpt lat="45.6544675" lon="-73.4931115"/>
      <trkpt lat="45.6527149" lon="-73.4927641"/>
      <trkpt lat="45.6527633" lon="-73.4920835"/>
      <trkpt lat="45.6521721" lon="-73.4906412"/>
      <trkpt lat="45.6513678" lon="-73.4908204"/>
      <trkpt lat="45.6514504" lon="-73.4919479"/>
      <trkpt lat="45.6513994" lon="-73.4925608"/>
      <trkpt lat="45.650387" lon="-73.4923917"/>
      <trkpt lat="45.6504165" lon="-73.4919927"/>
      <trkpt lat="45.6504034" lon="-73.4916927"/>
      <trkpt lat="45.6502679" lon="-73.4907715"/>
      <trkpt lat="45.6499577" lon="-73.4895127"/>
      <trkpt lat="45.6504336" lon="-73.489385"/>
      <trkpt lat="45.6499577" lon="-73.4895127"/>
      <trkpt lat="45.6497095" lon="-73.4880168"/>
      <trkpt lat="45.6499577" lon="-73.4895127"/>
      <trkpt lat="45.6502679" lon="-73.4907715"/>
      <trkpt lat="45.6512261" lon="-73.4905608"/>
      <trkpt lat="45.6502679" lon="-73.4907715"/>
      <trkpt lat="45.6504034" lon="-73.4916927"/>
      <trkpt lat="45.6504165" lon="-73.4919927"/>
      <trkpt lat="45.650387" lon="-73.4923917"/>
      <trkpt lat="45.650023" lon="-73.4923356"/>
      <trkpt lat="45.650387" lon="-73.4923917"/>
      <trkpt lat="45.6513994" lon="-73.4925608"/>
      <trkpt lat="45.6514504" lon="-73.4919479"/>
      <trkpt lat="45.6512261" lon="-73.4905608"/>
      <trkpt lat="45.6513002" lon="-73.4903906"/>
      <trkpt lat="45.6513678" lon="-73.4908204"/>
      <trkpt lat="45.6521721" lon="-73.4906412"/>
      <trkpt lat="45.6521059" lon="-73.4894442"/>
      <trkpt lat="45.6521721" lon="-73.4906412"/>
      <trkpt lat="45.6527633" lon="-73.4920835"/>
      <trkpt lat="45.6528404" lon="-73.4898064"/>
      <trkpt lat="45.6521059" lon="-73.4894442"/>
      <trkpt lat="45.6512047" lon="-73.4888491"/>
      <trkpt lat="45.6513002" lon="-73.4903906"/>
      <trkpt lat="45.6512047" lon="-73.4888491"/>
      <trkpt lat="45.6497095" lon="-73.4880168"/>
      <trkpt lat="45.6491335" lon="-73.4879127"/>
      <trkpt lat="45.6495686" lon="-73.4907448"/>
      <trkpt lat="45.6494302" lon="-73.4907846"/>
      <trkpt lat="45.6495686" lon="-73.4907448"/>
      <trkpt lat="45.6499512" lon="-73.4927844"/>
      <trkpt lat="45.6498135" lon="-73.4928108"/>
      <trkpt lat="45.6484249" lon="-73.4926131"/>
      <trkpt lat="45.6479065" lon="-73.4955668"/>
      <trkpt lat="45.6459853" lon="-73.4933979"/>
      <trkpt lat="45.6461332" lon="-73.4944311"/>
      <trkpt lat="45.645501" lon="-73.4946267"/>
      <trkpt lat="45.644868" lon="-73.4948313"/>
      <trkpt lat="45.6442388" lon="-73.4950525"/>
      <trkpt lat="45.6436076" lon="-73.4952569"/>
      <trkpt lat="45.6429139" lon="-73.495497"/>
      <trkpt lat="45.6422954" lon="-73.4956941"/>
      <trkpt lat="45.6425977" lon="-73.4977544"/>
      <trkpt lat="45.6429315" lon="-73.4998378"/>
      <trkpt lat="45.6432359" lon="-73.5018763"/>
      <trkpt lat="45.6438509" lon="-73.5016612"/>
      <trkpt lat="45.6445651" lon="-73.5014253"/>
      <trkpt lat="45.6442528" lon="-73.4993841"/>
      <trkpt lat="45.6448783" lon="-73.4991687"/>
      <trkpt lat="45.6452032" lon="-73.5012292"/>
      <trkpt lat="45.6448783" lon="-73.4991687"/>
      <trkpt lat="45.6455066" lon="-73.4989714"/>
      <trkpt lat="45.6461339" lon="-73.4987604"/>
      <trkpt lat="45.6464545" lon="-73.500823"/>
      <trkpt lat="45.6461339" lon="-73.4987604"/>
      <trkpt lat="45.6458161" lon="-73.4966876"/>
      <trkpt lat="45.6461339" lon="-73.4987604"/>
      <trkpt lat="45.6467795" lon="-73.4985376"/>
      <trkpt lat="45.6461339" lon="-73.4987604"/>
      <trkpt lat="45.6455066" lon="-73.4989714"/>
      <trkpt lat="45.6448783" lon="-73.4991687"/>
      <trkpt lat="45.6445614" lon="-73.4971125"/>
      <trkpt lat="45.6448783" lon="-73.4991687"/>
      <trkpt lat="45.6442528" lon="-73.4993841"/>
      <trkpt lat="45.6445651" lon="-73.5014253"/>
      <trkpt lat="45.6452032" lon="-73.5012292"/>
      <trkpt lat="45.6458245" lon="-73.5010266"/>
      <trkpt lat="45.6464545" lon="-73.500823"/>
      <trkpt lat="45.646772" lon="-73.5028743"/>
      <trkpt lat="45.647092" lon="-73.504948"/>
      <trkpt lat="45.6474132" lon="-73.5070022"/>
      <trkpt lat="45.6477381" lon="-73.5091128"/>
      <trkpt lat="45.6471116" lon="-73.5093108"/>
      <trkpt lat="45.6464863" lon="-73.5095231"/>
      <trkpt lat="45.6458501" lon="-73.5097269"/>
      <trkpt lat="45.6451355" lon="-73.5099738"/>
      <trkpt lat="45.6445123" lon="-73.5101789"/>
      <trkpt lat="45.6441885" lon="-73.5080603"/>
      <trkpt lat="45.6445123" lon="-73.5101789"/>
      <trkpt lat="45.6439094" lon="-73.5103641"/>
      <trkpt lat="45.6445123" lon="-73.5101789"/>
      <trkpt lat="45.6448343" lon="-73.5122406"/>
      <trkpt lat="45.6445123" lon="-73.5101789"/>
      <trkpt lat="45.6451355" lon="-73.5099738"/>
      <trkpt lat="45.6448082" lon="-73.5078598"/>
      <trkpt lat="45.6441885" lon="-73.5080603"/>
      <trkpt lat="45.643871" lon="-73.5060031"/>
      <trkpt lat="45.6432735" lon="-73.5061945"/>
      <trkpt lat="45.6435831" lon="-73.5082597"/>
      <trkpt lat="45.6432735" lon="-73.5061945"/>
      <trkpt lat="45.6429519" lon="-73.5041367"/>
      <trkpt lat="45.6432735" lon="-73.5061945"/>
      <trkpt lat="45.6426476" lon="-73.5064033"/>
      <trkpt lat="45.6432735" lon="-73.5061945"/>
      <trkpt lat="45.643871" lon="-73.5060031"/>
      <trkpt lat="45.6441885" lon="-73.5080603"/>
      <trkpt lat="45.6435831" lon="-73.5082597"/>
      <trkpt lat="45.6439094" lon="-73.5103641"/>
      <trkpt lat="45.6442271" lon="-73.5124472"/>
      <trkpt lat="45.6436384" lon="-73.5126515"/>
      <trkpt lat="45.6438075" lon="-73.513748"/>
      <trkpt lat="45.6449475" lon="-73.5133789"/>
      <trkpt lat="45.6456249" lon="-73.5131399"/>
      <trkpt lat="45.6456517" lon="-73.5133255"/>
      <trkpt lat="45.6457809" lon="-73.5142589"/>
      <trkpt lat="45.6456517" lon="-73.5133255"/>
      <trkpt lat="45.6456249" lon="-73.5131399"/>
      <trkpt lat="45.6461424" lon="-73.5129647"/>
      <trkpt lat="45.6461742" lon="-73.5131445"/>
      <trkpt lat="45.6461424" lon="-73.5129647"/>
      <trkpt lat="45.646536" lon="-73.5128148"/>
      <trkpt lat="45.6465689" lon="-73.5130078"/>
      <trkpt lat="45.6461742" lon="-73.5131445"/>
      <trkpt lat="45.6456517" lon="-73.5133255"/>
      <trkpt lat="45.6449813" lon="-73.5135612"/>
      <trkpt lat="45.6449475" lon="-73.5133789"/>
      <trkpt lat="45.6449813" lon="-73.5135612"/>
      <trkpt lat="45.6438353" lon="-73.5139521"/>
      <trkpt lat="45.6441159" lon="-73.5156587"/>
      <trkpt lat="45.644011" lon="-73.5156889"/>
      <trkpt lat="45.6441159" lon="-73.5156587"/>
      <trkpt lat="45.6441819" lon="-73.5160665"/>
      <trkpt lat="45.6440784" lon="-73.5160979"/>
      <trkpt lat="45.6441819" lon="-73.5160665"/>
      <trkpt lat="45.6444349" lon="-73.5176321"/>
      <trkpt lat="45.6443364" lon="-73.5176652"/>
      <trkpt lat="45.6444349" lon="-73.5176321"/>
      <trkpt lat="45.6446248" lon="-73.5188066"/>
      <trkpt lat="45.6447579" lon="-73.5195644"/>
      <trkpt lat="45.6449151" lon="-73.5203645"/>
      <trkpt lat="45.6462743" lon="-73.5238033"/>
      <trkpt lat="45.6473782" lon="-73.5262403"/>
      <trkpt lat="45.647957" lon="-73.5265096"/>
      <trkpt lat="45.6495002" lon="-73.5266649"/>
      <trkpt lat="45.6512179" lon="-73.5250935"/>
      <trkpt lat="45.6530332" lon="-73.5234912"/>
      <trkpt lat="45.6505521" lon="-73.5177776"/>
      <trkpt lat="45.6530332" lon="-73.5234912"/>
      <trkpt lat="45.6545164" lon="-73.5221872"/>
      <trkpt lat="45.6548052" lon="-73.5219127"/>
      <trkpt lat="45.6555081" lon="-73.5212868"/>
      <trkpt lat="45.6576777" lon="-73.5193695"/>
      <trkpt lat="45.6637895" lon="-73.517625"/>
      <trkpt lat="45.6664171" lon="-73.5181114"/>
      <trkpt lat="45.6679046" lon="-73.5186951"/>
      <trkpt lat="45.693156" lon="-73.509964"/>
      <trkpt lat="45.6989725" lon="-73.5084983"/>
      <trkpt lat="45.6987395" lon="-73.5096424"/>
      <trkpt lat="45.6943672" lon="-73.5097206"/>
      <trkpt lat="45.6680989" lon="-73.5190277"/>
      <trkpt lat="45.6556099" lon="-73.5217508"/>
      <trkpt lat="45.6545134" lon="-73.5230422"/>
      <trkpt lat="45.652018" lon="-73.5252436"/>
      <trkpt lat="45.6502931" lon="-73.5267474"/>
      <trkpt lat="45.648456" lon="-73.5282754"/>
      <trkpt lat="45.6476605" lon="-73.5289984"/>
      <trkpt lat="45.6435134" lon="-73.5328099"/>
      <trkpt lat="45.6432061" lon="-73.5322335"/>
      <trkpt lat="45.6474885" lon="-73.5284758"/>
      <trkpt lat="45.6484187" lon="-73.5276493"/>
      <trkpt lat="45.6479177" lon="-73.5274181"/>
      <trkpt lat="45.6485743" lon="-73.5288753"/>
      <trkpt lat="45.648456" lon="-73.5282754"/>
      <trkpt lat="45.6476605" lon="-73.5289984"/>
      <trkpt lat="45.6435134" lon="-73.5328099"/>
      <trkpt lat="45.6432061" lon="-73.5322335"/>
      <trkpt lat="45.6474885" lon="-73.5284758"/>
      <trkpt lat="45.6484187" lon="-73.5276493"/>
      <trkpt lat="45.6495002" lon="-73.5266649"/>
      <trkpt lat="45.6512179" lon="-73.5250935"/>
      <trkpt lat="45.6530332" lon="-73.5234912"/>
      <trkpt lat="45.6545164" lon="-73.5221872"/>
      <trkpt lat="45.6548052" lon="-73.5219127"/>
      <trkpt lat="45.6541805" lon="-73.519538"/>
      <trkpt lat="45.6543015" lon="-73.5194321"/>
      <trkpt lat="45.6541805" lon="-73.519538"/>
      <trkpt lat="45.653653" lon="-73.5168257"/>
      <trkpt lat="45.6516457" lon="-73.5174279"/>
      <trkpt lat="45.653653" lon="-73.5168257"/>
      <trkpt lat="45.6537719" lon="-73.51679"/>
      <trkpt lat="45.653653" lon="-73.5168257"/>
      <trkpt lat="45.6531738" lon="-73.5138067"/>
      <trkpt lat="45.6533173" lon="-73.5137644"/>
      <trkpt lat="45.6531738" lon="-73.5138067"/>
      <trkpt lat="45.651157" lon="-73.5144504"/>
      <trkpt lat="45.6516457" lon="-73.5174279"/>
      <trkpt lat="45.6505521" lon="-73.5177776"/>
      <trkpt lat="45.6476566" lon="-73.5186882"/>
      <trkpt lat="45.6505521" lon="-73.5177776"/>
      <trkpt lat="45.6516457" lon="-73.5174279"/>
      <trkpt lat="45.651157" lon="-73.5144504"/>
      <trkpt lat="45.6471599" lon="-73.5157881"/>
      <trkpt lat="45.6476566" lon="-73.5186882"/>
      <trkpt lat="45.6463796" lon="-73.5190659"/>
      <trkpt lat="45.6452139" lon="-73.5194241"/>
      <trkpt lat="45.6449151" lon="-73.5203645"/>
      <trkpt lat="45.6462743" lon="-73.5238033"/>
      <trkpt lat="45.647852" lon="-73.5224624"/>
      <trkpt lat="45.6462743" lon="-73.5238033"/>
      <trkpt lat="45.6461957" lon="-73.5238723"/>
      <trkpt lat="45.6462743" lon="-73.5238033"/>
      <trkpt lat="45.6473782" lon="-73.5262403"/>
      <trkpt lat="45.6476084" lon="-73.5267738"/>
      <trkpt lat="45.647957" lon="-73.5265096"/>
      <trkpt lat="45.6495002" lon="-73.5266649"/>
      <trkpt lat="45.6512179" lon="-73.5250935"/>
      <trkpt lat="45.6530332" lon="-73.5234912"/>
      <trkpt lat="45.6545164" lon="-73.5221872"/>
      <trkpt lat="45.6548052" lon="-73.5219127"/>
      <trkpt lat="45.6555081" lon="-73.5212868"/>
      <trkpt lat="45.6576777" lon="-73.5193695"/>
      <trkpt lat="45.6598087" lon="-73.5174977"/>
      <trkpt lat="45.6609293" lon="-73.516146"/>
      <trkpt lat="45.6615933" lon="-73.5152429"/>
      <trkpt lat="45.6619002" lon="-73.5148202"/>
      <trkpt lat="45.6629469" lon="-73.5134088"/>
      <trkpt lat="45.6636085" lon="-73.5124587"/>
      <trkpt lat="45.6635637" lon="-73.5120486"/>
      <trkpt lat="45.6628308" lon="-73.5073972"/>
      <trkpt lat="45.6635637" lon="-73.5120486"/>
      <trkpt lat="45.6637691" lon="-73.5121927"/>
      <trkpt lat="45.6642894" lon="-73.5112746"/>
      <trkpt lat="45.6644058" lon="-73.5119972"/>
      <trkpt lat="45.6648476" lon="-73.5146698"/>
      <trkpt lat="45.6654553" lon="-73.5144633"/>
      <trkpt lat="45.6661744" lon="-73.5142157"/>
      <trkpt lat="45.6669154" lon="-73.5139704"/>
      <trkpt lat="45.6663736" lon="-73.5106368"/>
      <trkpt lat="45.6656224" lon="-73.5108755"/>
      <trkpt lat="45.6663736" lon="-73.5106368"/>
      <trkpt lat="45.6660448" lon="-73.5086521"/>
      <trkpt lat="45.6663736" lon="-73.5106368"/>
      <trkpt lat="45.6670282" lon="-73.5104313"/>
      <trkpt lat="45.6663736" lon="-73.5106368"/>
      <trkpt lat="45.6669154" lon="-73.5139704"/>
      <trkpt lat="45.6672313" lon="-73.5159504"/>
      <trkpt lat="45.6669154" lon="-73.5139704"/>
      <trkpt lat="45.6670282" lon="-73.5104313"/>
      <trkpt lat="45.6671226" lon="-73.5081246"/>
      <trkpt lat="45.668616" lon="-73.5079644"/>
      <trkpt lat="45.6685082" lon="-73.5073814"/>
      <trkpt lat="45.6685082" lon="-73.5073814"/>
      <trkpt lat="45.668616" lon="-73.5079644"/>
      <trkpt lat="45.669218" lon="-73.508741"/>
      <trkpt lat="45.668616" lon="-73.5079644"/>
      <trkpt lat="45.6671226" lon="-73.5081246"/>
      <trkpt lat="45.669218" lon="-73.508741"/>
      <trkpt lat="45.6693946" lon="-73.5097522"/>
      <trkpt lat="45.669218" lon="-73.508741"/>
      <trkpt lat="45.6671226" lon="-73.5081246"/>
      <trkpt lat="45.6670282" lon="-73.5104313"/>
      <trkpt lat="45.6693946" lon="-73.5097522"/>
      <trkpt lat="45.6701028" lon="-73.5095292"/>
      <trkpt lat="45.6693946" lon="-73.5097522"/>
      <trkpt lat="45.6670282" lon="-73.5104313"/>
      <trkpt lat="45.6669154" lon="-73.5139704"/>
      <trkpt lat="45.6661744" lon="-73.5142157"/>
      <trkpt lat="45.6656224" lon="-73.5108755"/>
      <trkpt lat="45.6661744" lon="-73.5142157"/>
      <trkpt lat="45.6664693" lon="-73.5161528"/>
      <trkpt lat="45.6661744" lon="-73.5142157"/>
      <trkpt lat="45.6654553" lon="-73.5144633"/>
      <trkpt lat="45.6649239" lon="-73.5111057"/>
      <trkpt lat="45.6656224" lon="-73.5108755"/>
      <trkpt lat="45.6654603" lon="-73.5099158"/>
      <trkpt lat="45.6656224" lon="-73.5108755"/>
      <trkpt lat="45.6649239" lon="-73.5111057"/>
      <trkpt lat="45.6648416" lon="-73.511128"/>
      <trkpt lat="45.6649239" lon="-73.5111057"/>
      <trkpt lat="45.6654553" lon="-73.5144633"/>
      <trkpt lat="45.6648476" lon="-73.5146698"/>
      <trkpt lat="45.6641177" lon="-73.5149015"/>
      <trkpt lat="45.6639437" lon="-73.5149798"/>
      <trkpt lat="45.6641177" lon="-73.5149015"/>
      <trkpt lat="45.6648476" lon="-73.5146698"/>
      <trkpt lat="45.6644058" lon="-73.5119972"/>
      <trkpt lat="45.6642894" lon="-73.5112746"/>
      <trkpt lat="45.6644058" lon="-73.5119972"/>
      <trkpt lat="45.6634235" lon="-73.5140121"/>
      <trkpt lat="45.6625049" lon="-73.5158268"/>
      <trkpt lat="45.6604112" lon="-73.5199159"/>
      <trkpt lat="45.6598108" lon="-73.5211921"/>
      <trkpt lat="45.6589103" lon="-73.5228738"/>
      <trkpt lat="45.6591351" lon="-73.5231697"/>
      <trkpt lat="45.6601798" lon="-73.5219686"/>
      <trkpt lat="45.6591351" lon="-73.5231697"/>
      <trkpt lat="45.658637" lon="-73.5234275"/>
      <trkpt lat="45.6561783" lon="-73.5285881"/>
      <trkpt lat="45.656043" lon="-73.5285003"/>
      <trkpt lat="45.6587055" lon="-73.5229209"/>
      <trkpt lat="45.6588257" lon="-73.5226287"/>
      <trkpt lat="45.6596948" lon="-73.5199611"/>
      <trkpt lat="45.6609293" lon="-73.516146"/>
      <trkpt lat="45.6615933" lon="-73.5152429"/>
      <trkpt lat="45.6619002" lon="-73.5148202"/>
      <trkpt lat="45.6629469" lon="-73.5134088"/>
      <trkpt lat="45.6636085" lon="-73.5124587"/>
      <trkpt lat="45.6637691" lon="-73.5121927"/>
      <trkpt lat="45.6642894" lon="-73.5112746"/>
      <trkpt lat="45.6637589" lon="-73.5080711"/>
      <trkpt lat="45.6643707" lon="-73.5078762"/>
      <trkpt lat="45.6650917" lon="-73.5076434"/>
      <trkpt lat="45.6649241" lon="-73.5066756"/>
      <trkpt lat="45.6650917" lon="-73.5076434"/>
      <trkpt lat="45.6653356" lon="-73.5091703"/>
      <trkpt lat="45.6650917" lon="-73.5076434"/>
      <trkpt lat="45.6643707" lon="-73.5078762"/>
      <trkpt lat="45.6648149" lon="-73.5101813"/>
      <trkpt lat="45.6643707" lon="-73.5078762"/>
      <trkpt lat="45.6642063" lon="-73.5069073"/>
      <trkpt lat="45.6643707" lon="-73.5078762"/>
      <trkpt lat="45.6637589" lon="-73.5080711"/>
      <trkpt lat="45.6642894" lon="-73.5112746"/>
      <trkpt lat="45.6648149" lon="-73.5101813"/>
      <trkpt lat="45.6653356" lon="-73.5091703"/>
      <trkpt lat="45.6664097" lon="-73.5069824"/>
      <trkpt lat="45.6663089" lon="-73.505809"/>
      <trkpt lat="45.667843" lon="-73.5052818"/>
      <trkpt lat="45.6675288" lon="-73.5034002"/>
      <trkpt lat="45.6682632" lon="-73.5031568"/>
      <trkpt lat="45.6685814" lon="-73.5050529"/>
      <trkpt lat="45.6682632" lon="-73.5031568"/>
      <trkpt lat="45.6689789" lon="-73.5029166"/>
      <trkpt lat="45.6690645" lon="-73.5028879"/>
      <trkpt lat="45.6689789" lon="-73.5029166"/>
      <trkpt lat="45.6682632" lon="-73.5031568"/>
      <trkpt lat="45.6675288" lon="-73.5034002"/>
      <trkpt lat="45.6664884" lon="-73.502588"/>
      <trkpt lat="45.6675288" lon="-73.5034002"/>
      <trkpt lat="45.6666675" lon="-73.5036752"/>
      <trkpt lat="45.6675288" lon="-73.5034002"/>
      <trkpt lat="45.6682632" lon="-73.5031568"/>
      <trkpt lat="45.6677096" lon="-73.4998765"/>
      <trkpt lat="45.666992" lon="-73.5001228"/>
      <trkpt lat="45.6663369" lon="-73.5003251"/>
      <trkpt lat="45.6647635" lon="-73.5008318"/>
      <trkpt lat="45.6640044" lon="-73.5010849"/>
      <trkpt lat="45.6647635" lon="-73.5008318"/>
      <trkpt lat="45.6645762" lon="-73.4996609"/>
      <trkpt lat="45.6655446" lon="-73.499393"/>
      <trkpt lat="45.6650674" lon="-73.4964599"/>
      <trkpt lat="45.6648922" lon="-73.4952061"/>
      <trkpt lat="45.6650674" lon="-73.4964599"/>
      <trkpt lat="45.6661477" lon="-73.4991843"/>
      <trkpt lat="45.6650674" lon="-73.4964599"/>
      <trkpt lat="45.6655446" lon="-73.499393"/>
      <trkpt lat="45.6661477" lon="-73.4991843"/>
      <trkpt lat="45.6655446" lon="-73.499393"/>
      <trkpt lat="45.6645762" lon="-73.4996609"/>
      <trkpt lat="45.6647635" lon="-73.5008318"/>
      <trkpt lat="45.6649474" lon="-73.5019376"/>
      <trkpt lat="45.6647635" lon="-73.5008318"/>
      <trkpt lat="45.6663369" lon="-73.5003251"/>
      <trkpt lat="45.6661477" lon="-73.4991843"/>
      <trkpt lat="45.6663369" lon="-73.5003251"/>
      <trkpt lat="45.666992" lon="-73.5001228"/>
      <trkpt lat="45.6663093" lon="-73.5015157"/>
      <trkpt lat="45.6664884" lon="-73.502588"/>
      <trkpt lat="45.6666675" lon="-73.5036752"/>
      <trkpt lat="45.6665187" lon="-73.5037278"/>
      <trkpt lat="45.6660987" lon="-73.5038622"/>
      <trkpt lat="45.6660176" lon="-73.5038873"/>
      <trkpt lat="45.6660987" lon="-73.5038622"/>
      <trkpt lat="45.6665187" lon="-73.5037278"/>
      <trkpt lat="45.6666675" lon="-73.5036752"/>
      <trkpt lat="45.6664884" lon="-73.502588"/>
      <trkpt lat="45.6663093" lon="-73.5015157"/>
      <trkpt lat="45.6656613" lon="-73.5017186"/>
      <trkpt lat="45.6663093" lon="-73.5015157"/>
      <trkpt lat="45.666992" lon="-73.5001228"/>
      <trkpt lat="45.6662582" lon="-73.4954163"/>
      <trkpt lat="45.666992" lon="-73.5001228"/>
      <trkpt lat="45.6677096" lon="-73.4998765"/>
      <trkpt lat="45.6684268" lon="-73.4996364"/>
      <trkpt lat="45.6677096" lon="-73.4998765"/>
      <trkpt lat="45.6684268" lon="-73.4996364"/>
      <trkpt lat="45.667748" lon="-73.4956459"/>
      <trkpt lat="45.6669878" lon="-73.4955302"/>
      <trkpt lat="45.6677096" lon="-73.4998765"/>
      <trkpt lat="45.6669878" lon="-73.4955302"/>
      <trkpt lat="45.6662582" lon="-73.4954163"/>
      <trkpt lat="45.6648922" lon="-73.4952061"/>
      <trkpt lat="45.6638028" lon="-73.4950219"/>
      <trkpt lat="45.6635955" lon="-73.4938272"/>
      <trkpt lat="45.6643285" lon="-73.4940014"/>
      <trkpt lat="45.6644144" lon="-73.4946244"/>
      <trkpt lat="45.6643285" lon="-73.4940014"/>
      <trkpt lat="45.6635955" lon="-73.4938272"/>
      <trkpt lat="45.6633243" lon="-73.4922313"/>
      <trkpt lat="45.6635955" lon="-73.4938272"/>
      <trkpt lat="45.6627652" lon="-73.4936373"/>
      <trkpt lat="45.6624874" lon="-73.4919668"/>
      <trkpt lat="45.6627652" lon="-73.4936373"/>
      <trkpt lat="45.6618589" lon="-73.4934268"/>
      <trkpt lat="45.6608613" lon="-73.4932016"/>
      <trkpt lat="45.6609373" lon="-73.4938352"/>
      <trkpt lat="45.6608613" lon="-73.4932016"/>
      <trkpt lat="45.6606981" lon="-73.4931626"/>
      <trkpt lat="45.6585149" lon="-73.4925999"/>
      <trkpt lat="45.6582023" lon="-73.4905761"/>
      <trkpt lat="45.6585149" lon="-73.4925999"/>
      <trkpt lat="45.658694" lon="-73.4937835"/>
      <trkpt lat="45.6585149" lon="-73.4925999"/>
      <trkpt lat="45.6577106" lon="-73.4923333"/>
      <trkpt lat="45.6576038" lon="-73.4913819"/>
      <trkpt lat="45.6571695" lon="-73.4915243"/>
      <trkpt lat="45.6576038" lon="-73.4913819"/>
      <trkpt lat="45.6574842" lon="-73.4905881"/>
      <trkpt lat="45.6574265" lon="-73.4902027"/>
      <trkpt lat="45.6574842" lon="-73.4905881"/>
      <trkpt lat="45.65708" lon="-73.4907081"/>
      <trkpt lat="45.6574842" lon="-73.4905881"/>
      <trkpt lat="45.6576038" lon="-73.4913819"/>
      <trkpt lat="45.6577106" lon="-73.4923333"/>
      <trkpt lat="45.6567209" lon="-73.491978"/>
      <trkpt lat="45.6564873" lon="-73.4918648"/>
      <trkpt lat="45.6576174" lon="-73.4933347"/>
      <trkpt lat="45.6576174" lon="-73.4933347"/>
      <trkpt lat="45.6564873" lon="-73.4918648"/>
      <trkpt lat="45.6567209" lon="-73.491978"/>
      <trkpt lat="45.6577106" lon="-73.4923333"/>
      <trkpt lat="45.6585149" lon="-73.4925999"/>
      <trkpt lat="45.6606981" lon="-73.4931626"/>
      <trkpt lat="45.6603286" lon="-73.4907391"/>
      <trkpt lat="45.6606981" lon="-73.4931626"/>
      <trkpt lat="45.6608613" lon="-73.4932016"/>
      <trkpt lat="45.6618589" lon="-73.4934268"/>
      <trkpt lat="45.6623411" lon="-73.4914967"/>
      <trkpt lat="45.6618589" lon="-73.4934268"/>
      <trkpt lat="45.6627652" lon="-73.4936373"/>
      <trkpt lat="45.6635955" lon="-73.4938272"/>
      <trkpt lat="45.6638028" lon="-73.4950219"/>
      <trkpt lat="45.663469" lon="-73.49782"/>
      <trkpt lat="45.6640044" lon="-73.5010849"/>
      <trkpt lat="45.6645931" lon="-73.5044661"/>
      <trkpt lat="45.6640044" lon="-73.5010849"/>
      <trkpt lat="45.6632785" lon="-73.5013286"/>
      <trkpt lat="45.6640044" lon="-73.5010849"/>
      <trkpt lat="45.663469" lon="-73.49782"/>
      <trkpt lat="45.6638028" lon="-73.4950219"/>
      <trkpt lat="45.6642241" lon="-73.497557"/>
      <trkpt lat="45.6638028" lon="-73.4950219"/>
      <trkpt lat="45.6642241" lon="-73.497557"/>
      <trkpt lat="45.6645762" lon="-73.4996609"/>
      <trkpt lat="45.6642241" lon="-73.497557"/>
      <trkpt lat="45.663469" lon="-73.49782"/>
      <trkpt lat="45.6627559" lon="-73.4980515"/>
      <trkpt lat="45.662172" lon="-73.4982534"/>
      <trkpt lat="45.6625658" lon="-73.5006869"/>
      <trkpt lat="45.6627041" lon="-73.5015198"/>
      <trkpt lat="45.662041" lon="-73.5017488"/>
      <trkpt lat="45.6600305" lon="-73.5024181"/>
      <trkpt lat="45.6598613" lon="-73.5013607"/>
      <trkpt lat="45.6580574" lon="-73.5019725"/>
      <trkpt lat="45.6598613" lon="-73.5013607"/>
      <trkpt lat="45.6600305" lon="-73.5024181"/>
      <trkpt lat="45.662041" lon="-73.5017488"/>
      <trkpt lat="45.6615338" lon="-73.4984599"/>
      <trkpt lat="45.662041" lon="-73.5017488"/>
      <trkpt lat="45.6627041" lon="-73.5015198"/>
      <trkpt lat="45.6625658" lon="-73.5006869"/>
      <trkpt lat="45.6627559" lon="-73.4980515"/>
      <trkpt lat="45.662172" lon="-73.4982534"/>
      <trkpt lat="45.6625658" lon="-73.5006869"/>
      <trkpt lat="45.662172" lon="-73.4982534"/>
      <trkpt lat="45.6620335" lon="-73.4974277"/>
      <trkpt lat="45.662172" lon="-73.4982534"/>
      <trkpt lat="45.6615338" lon="-73.4984599"/>
      <trkpt lat="45.6616717" lon="-73.4952065"/>
      <trkpt lat="45.6620335" lon="-73.4974277"/>
      <trkpt lat="45.6616717" lon="-73.4952065"/>
      <trkpt lat="45.6615338" lon="-73.4984599"/>
      <trkpt lat="45.662041" lon="-73.5017488"/>
      <trkpt lat="45.6626778" lon="-73.5058092"/>
      <trkpt lat="45.6633591" lon="-73.5055969"/>
      <trkpt lat="45.6635806" lon="-73.5069472"/>
      <trkpt lat="45.6633591" lon="-73.5055969"/>
      <trkpt lat="45.6645931" lon="-73.5044661"/>
      <trkpt lat="45.6633591" lon="-73.5055969"/>
      <trkpt lat="45.6631645" lon="-73.5043631"/>
      <trkpt lat="45.6633591" lon="-73.5055969"/>
      <trkpt lat="45.6626778" lon="-73.5058092"/>
      <trkpt lat="45.6620203" lon="-73.506037"/>
      <trkpt lat="45.6626778" lon="-73.5058092"/>
      <trkpt lat="45.662041" lon="-73.5017488"/>
      <trkpt lat="45.6627041" lon="-73.5015198"/>
      <trkpt lat="45.6632785" lon="-73.5013286"/>
      <trkpt lat="45.6627041" lon="-73.5015198"/>
      <trkpt lat="45.6631645" lon="-73.5043631"/>
      <trkpt lat="45.6627041" lon="-73.5015198"/>
      <trkpt lat="45.6632785" lon="-73.5013286"/>
      <trkpt lat="45.6631645" lon="-73.5043631"/>
      <trkpt lat="45.6633591" lon="-73.5055969"/>
      <trkpt lat="45.6645931" lon="-73.5044661"/>
      <trkpt lat="45.6653024" lon="-73.5041188"/>
      <trkpt lat="45.6645931" lon="-73.5044661"/>
      <trkpt lat="45.6653024" lon="-73.5041188"/>
      <trkpt lat="45.6660176" lon="-73.5038873"/>
      <trkpt lat="45.6653024" lon="-73.5041188"/>
      <trkpt lat="45.6649474" lon="-73.5019376"/>
      <trkpt lat="45.6653024" lon="-73.5041188"/>
      <trkpt lat="45.6660176" lon="-73.5038873"/>
      <trkpt lat="45.6656613" lon="-73.5017186"/>
      <trkpt lat="45.6649474" lon="-73.5019376"/>
      <trkpt lat="45.6656613" lon="-73.5017186"/>
      <trkpt lat="45.6660176" lon="-73.5038873"/>
      <trkpt lat="45.6660987" lon="-73.5038622"/>
      <trkpt lat="45.6665187" lon="-73.5037278"/>
      <trkpt lat="45.6666675" lon="-73.5036752"/>
      <trkpt lat="45.6675288" lon="-73.5034002"/>
      <trkpt lat="45.667843" lon="-73.5052818"/>
      <trkpt lat="45.6685814" lon="-73.5050529"/>
      <trkpt lat="45.6687885" lon="-73.505718"/>
      <trkpt lat="45.6681191" lon="-73.5063097"/>
      <trkpt lat="45.6660448" lon="-73.5086521"/>
      <trkpt lat="45.6654603" lon="-73.5099158"/>
      <trkpt lat="45.6653356" lon="-73.5091703"/>
      <trkpt lat="45.6654603" lon="-73.5099158"/>
      <trkpt lat="45.6648416" lon="-73.511128"/>
      <trkpt lat="45.6644058" lon="-73.5119972"/>
      <trkpt lat="45.6634235" lon="-73.5140121"/>
      <trkpt lat="45.6625049" lon="-73.5158268"/>
      <trkpt lat="45.6637895" lon="-73.517625"/>
      <trkpt lat="45.6664171" lon="-73.5181114"/>
      <trkpt lat="45.6706043" lon="-73.5199997"/>
      <trkpt lat="45.6669949" lon="-73.519137"/>
      <trkpt lat="45.6671197" lon="-73.5205729"/>
      <trkpt lat="45.6669949" lon="-73.519137"/>
      <trkpt lat="45.6662095" lon="-73.5189662"/>
      <trkpt lat="45.6655471" lon="-73.5188441"/>
      <trkpt lat="45.6662095" lon="-73.5189662"/>
      <trkpt lat="45.6655471" lon="-73.5188441"/>
      <trkpt lat="45.6644197" lon="-73.5186228"/>
      <trkpt lat="45.6587963" lon="-73.5194463"/>
      <trkpt lat="45.6566663" lon="-73.5211274"/>
      <trkpt lat="45.6545134" lon="-73.5230422"/>
      <trkpt lat="45.652018" lon="-73.5252436"/>
      <trkpt lat="45.6502931" lon="-73.5267474"/>
      <trkpt lat="45.6491289" lon="-73.5293242"/>
      <trkpt lat="45.648858" lon="-73.5295475"/>
      <trkpt lat="45.6487485" lon="-73.5296059"/>
      <trkpt lat="45.6475464" lon="-73.5268885"/>
      <trkpt lat="45.6476084" lon="-73.5267738"/>
      <trkpt lat="45.647957" lon="-73.5265096"/>
      <trkpt lat="45.6495002" lon="-73.5266649"/>
      <trkpt lat="45.6512179" lon="-73.5250935"/>
      <trkpt lat="45.6530332" lon="-73.5234912"/>
      <trkpt lat="45.6545164" lon="-73.5221872"/>
      <trkpt lat="45.6555652" lon="-73.5215732"/>
      <trkpt lat="45.6679046" lon="-73.5186951"/>
      <trkpt lat="45.693156" lon="-73.509964"/>
      <trkpt lat="45.6989725" lon="-73.5084983"/>
      <trkpt lat="45.6987395" lon="-73.5096424"/>
      <trkpt lat="45.6943672" lon="-73.5097206"/>
      <trkpt lat="45.6680989" lon="-73.5190277"/>
      <trkpt lat="45.6662095" lon="-73.5189662"/>
      <trkpt lat="45.6655471" lon="-73.5188441"/>
      <trkpt lat="45.6644197" lon="-73.5186228"/>
      <trkpt lat="45.6598108" lon="-73.5211921"/>
      <trkpt lat="45.6589103" lon="-73.5228738"/>
      <trkpt lat="45.658637" lon="-73.5234275"/>
      <trkpt lat="45.6561783" lon="-73.5285881"/>
      <trkpt lat="45.656043" lon="-73.5285003"/>
      <trkpt lat="45.6587055" lon="-73.5229209"/>
      <trkpt lat="45.6589103" lon="-73.5228738"/>
      <trkpt lat="45.658637" lon="-73.5234275"/>
      <trkpt lat="45.6561783" lon="-73.5285881"/>
      <trkpt lat="45.656043" lon="-73.5285003"/>
      <trkpt lat="45.6587055" lon="-73.5229209"/>
      <trkpt lat="45.6588257" lon="-73.5226287"/>
      <trkpt lat="45.6581657" lon="-73.5208498"/>
      <trkpt lat="45.6566663" lon="-73.5211274"/>
      <trkpt lat="45.6545134" lon="-73.5230422"/>
      <trkpt lat="45.652018" lon="-73.5252436"/>
      <trkpt lat="45.6502931" lon="-73.5267474"/>
      <trkpt lat="45.6491289" lon="-73.5293242"/>
      <trkpt lat="45.648858" lon="-73.5295475"/>
      <trkpt lat="45.6487485" lon="-73.5296059"/>
      <trkpt lat="45.6475464" lon="-73.5268885"/>
      <trkpt lat="45.6472727" lon="-73.5263296"/>
      <trkpt lat="45.6461957" lon="-73.5238723"/>
      <trkpt lat="45.6446421" lon="-73.5196058"/>
      <trkpt lat="45.6443364" lon="-73.5176652"/>
      <trkpt lat="45.6440784" lon="-73.5160979"/>
      <trkpt lat="45.644011" lon="-73.5156889"/>
      <trkpt lat="45.643749" lon="-73.5139794"/>
      <trkpt lat="45.6428197" lon="-73.5143042"/>
      <trkpt lat="45.6427801" lon="-73.5141177"/>
      <trkpt lat="45.6428197" lon="-73.5143042"/>
      <trkpt lat="45.6420337" lon="-73.5145691"/>
      <trkpt lat="45.6413773" lon="-73.5147859"/>
      <trkpt lat="45.6413483" lon="-73.5146327"/>
      <trkpt lat="45.6413773" lon="-73.5147859"/>
      <trkpt lat="45.6416674" lon="-73.5164615"/>
      <trkpt lat="45.6413773" lon="-73.5147859"/>
      <trkpt lat="45.641" lon="-73.5149146"/>
      <trkpt lat="45.6409877" lon="-73.5147484"/>
      <trkpt lat="45.641" lon="-73.5149146"/>
      <trkpt lat="45.6407332" lon="-73.5150057"/>
      <trkpt lat="45.6407017" lon="-73.5148382"/>
      <trkpt lat="45.6407332" lon="-73.5150057"/>
      <trkpt lat="45.6400445" lon="-73.5152398"/>
      <trkpt lat="45.6400178" lon="-73.5150595"/>
      <trkpt lat="45.6400445" lon="-73.5152398"/>
      <trkpt lat="45.641831" lon="-73.5223325"/>
      <trkpt lat="45.6400445" lon="-73.5152398"/>
      <trkpt lat="45.6387606" lon="-73.5156763"/>
      <trkpt lat="45.6394378" lon="-73.5200083"/>
      <trkpt lat="45.6387606" lon="-73.5156763"/>
      <trkpt lat="45.6387332" lon="-73.5155208"/>
      <trkpt lat="45.6387606" lon="-73.5156763"/>
      <trkpt lat="45.6387332" lon="-73.5155208"/>
      <trkpt lat="45.6400178" lon="-73.5150595"/>
      <trkpt lat="45.6407017" lon="-73.5148382"/>
      <trkpt lat="45.6409877" lon="-73.5147484"/>
      <trkpt lat="45.6413483" lon="-73.5146327"/>
      <trkpt lat="45.6420024" lon="-73.5143982"/>
      <trkpt lat="45.6417546" lon="-73.5128257"/>
      <trkpt lat="45.6412251" lon="-73.509558"/>
      <trkpt lat="45.6407355" lon="-73.5065101"/>
      <trkpt lat="45.6403132" lon="-73.5038801"/>
      <trkpt lat="45.6396439" lon="-73.5041084"/>
      <trkpt lat="45.6390029" lon="-73.5043119"/>
      <trkpt lat="45.638578" lon="-73.5016617"/>
      <trkpt lat="45.6379315" lon="-73.5018856"/>
      <trkpt lat="45.6372696" lon="-73.5021168"/>
      <trkpt lat="45.6367878" lon="-73.4990905"/>
      <trkpt lat="45.6374388" lon="-73.4988743"/>
      <trkpt lat="45.6367878" lon="-73.4990905"/>
      <trkpt lat="45.6361254" lon="-73.4993182"/>
      <trkpt lat="45.6367878" lon="-73.4990905"/>
      <trkpt lat="45.6361509" lon="-73.4951408"/>
      <trkpt lat="45.6367878" lon="-73.4990905"/>
      <trkpt lat="45.6372696" lon="-73.5021168"/>
      <trkpt lat="45.6366073" lon="-73.5023414"/>
      <trkpt lat="45.6358821" lon="-73.502592"/>
      <trkpt lat="45.6350854" lon="-73.5028588"/>
      <trkpt lat="45.6358821" lon="-73.502592"/>
      <trkpt lat="45.6353977" lon="-73.4995795"/>
      <trkpt lat="45.6358821" lon="-73.502592"/>
      <trkpt lat="45.6363093" lon="-73.5052258"/>
      <trkpt lat="45.6355251" lon="-73.5054874"/>
      <trkpt lat="45.6350854" lon="-73.5028588"/>
      <trkpt lat="45.6346102" lon="-73.4998568"/>
      <trkpt lat="45.6353977" lon="-73.4995795"/>
      <trkpt lat="45.6358821" lon="-73.502592"/>
      <trkpt lat="45.6363093" lon="-73.5052258"/>
      <trkpt lat="45.6358821" lon="-73.502592"/>
      <trkpt lat="45.6366073" lon="-73.5023414"/>
      <trkpt lat="45.6361254" lon="-73.4993182"/>
      <trkpt lat="45.6353977" lon="-73.4995795"/>
      <trkpt lat="45.6348611" lon="-73.4963094"/>
      <trkpt lat="45.6353977" lon="-73.4995795"/>
      <trkpt lat="45.6346102" lon="-73.4998568"/>
      <trkpt lat="45.6341372" lon="-73.4969795"/>
      <trkpt lat="45.6348611" lon="-73.4963094"/>
      <trkpt lat="45.6341372" lon="-73.4969795"/>
      <trkpt lat="45.6348611" lon="-73.4963094"/>
      <trkpt lat="45.6353977" lon="-73.4995795"/>
      <trkpt lat="45.6361254" lon="-73.4993182"/>
      <trkpt lat="45.6355407" lon="-73.495675"/>
      <trkpt lat="45.6348611" lon="-73.4963094"/>
      <trkpt lat="45.6355407" lon="-73.495675"/>
      <trkpt lat="45.6361254" lon="-73.4993182"/>
      <trkpt lat="45.6366073" lon="-73.5023414"/>
      <trkpt lat="45.6370386" lon="-73.5049822"/>
      <trkpt lat="45.6366073" lon="-73.5023414"/>
      <trkpt lat="45.6372696" lon="-73.5021168"/>
      <trkpt lat="45.6376981" lon="-73.5047543"/>
      <trkpt lat="45.6372696" lon="-73.5021168"/>
      <trkpt lat="45.6379315" lon="-73.5018856"/>
      <trkpt lat="45.638578" lon="-73.5016617"/>
      <trkpt lat="45.6390029" lon="-73.5043119"/>
      <trkpt lat="45.6383527" lon="-73.5045345"/>
      <trkpt lat="45.6379315" lon="-73.5018856"/>
      <trkpt lat="45.638578" lon="-73.5016617"/>
      <trkpt lat="45.639234" lon="-73.5014402"/>
      <trkpt lat="45.638578" lon="-73.5016617"/>
      <trkpt lat="45.6380908" lon="-73.4986465"/>
      <trkpt lat="45.6374388" lon="-73.4988743"/>
      <trkpt lat="45.6379315" lon="-73.5018856"/>
      <trkpt lat="45.6374388" lon="-73.4988743"/>
      <trkpt lat="45.6367604" lon="-73.4946503"/>
      <trkpt lat="45.6374388" lon="-73.4988743"/>
      <trkpt lat="45.6380908" lon="-73.4986465"/>
      <trkpt lat="45.63875" lon="-73.4984198"/>
      <trkpt lat="45.6380908" lon="-73.4986465"/>
      <trkpt lat="45.6373819" lon="-73.4942004"/>
      <trkpt lat="45.6367604" lon="-73.4946503"/>
      <trkpt lat="45.6374388" lon="-73.4988743"/>
      <trkpt lat="45.6379315" lon="-73.5018856"/>
      <trkpt lat="45.6383527" lon="-73.5045345"/>
      <trkpt lat="45.638777" lon="-73.5071781"/>
      <trkpt lat="45.6383527" lon="-73.5045345"/>
      <trkpt lat="45.6376981" lon="-73.5047543"/>
      <trkpt lat="45.6370386" lon="-73.5049822"/>
      <trkpt lat="45.6363093" lon="-73.5052258"/>
      <trkpt lat="45.6355251" lon="-73.5054874"/>
      <trkpt lat="45.6363093" lon="-73.5052258"/>
      <trkpt lat="45.6370386" lon="-73.5049822"/>
      <trkpt lat="45.6376981" lon="-73.5047543"/>
      <trkpt lat="45.6383527" lon="-73.5045345"/>
      <trkpt lat="45.6390029" lon="-73.5043119"/>
      <trkpt lat="45.6394285" lon="-73.5069475"/>
      <trkpt lat="45.6399154" lon="-73.5099981"/>
      <trkpt lat="45.6394285" lon="-73.5069475"/>
      <trkpt lat="45.638777" lon="-73.5071781"/>
      <trkpt lat="45.6394285" lon="-73.5069475"/>
      <trkpt lat="45.6400797" lon="-73.5067452"/>
      <trkpt lat="45.6394285" lon="-73.5069475"/>
      <trkpt lat="45.6390029" lon="-73.5043119"/>
      <trkpt lat="45.6396439" lon="-73.5041084"/>
      <trkpt lat="45.639234" lon="-73.5014402"/>
      <trkpt lat="45.63875" lon="-73.4984198"/>
      <trkpt lat="45.6393964" lon="-73.4981906"/>
      <trkpt lat="45.6400469" lon="-73.497968"/>
      <trkpt lat="45.6411104" lon="-73.4976004"/>
      <trkpt lat="45.6405944" lon="-73.4944775"/>
      <trkpt lat="45.6406871" lon="-73.4944315"/>
      <trkpt lat="45.6405944" lon="-73.4944775"/>
      <trkpt lat="45.6405043" lon="-73.4939321"/>
      <trkpt lat="45.6401887" lon="-73.4940219"/>
      <trkpt lat="45.6401887" lon="-73.4940219"/>
      <trkpt lat="45.6405043" lon="-73.4939321"/>
      <trkpt lat="45.6406016" lon="-73.4939094"/>
      <trkpt lat="45.6405043" lon="-73.4939321"/>
      <trkpt lat="45.6403022" lon="-73.4927093"/>
      <trkpt lat="45.6392677" lon="-73.4931385"/>
      <trkpt lat="45.6403022" lon="-73.4927093"/>
      <trkpt lat="45.6403961" lon="-73.492669"/>
      <trkpt lat="45.6403022" lon="-73.4927093"/>
      <trkpt lat="45.6392677" lon="-73.4931385"/>
      <trkpt lat="45.6400469" lon="-73.497968"/>
      <trkpt lat="45.6393964" lon="-73.4981906"/>
      <trkpt lat="45.6386373" lon="-73.4934422"/>
      <trkpt lat="45.6393964" lon="-73.4981906"/>
      <trkpt lat="45.63875" lon="-73.4984198"/>
      <trkpt lat="45.6380142" lon="-73.493802"/>
      <trkpt lat="45.6373819" lon="-73.4942004"/>
      <trkpt lat="45.6367604" lon="-73.4946503"/>
      <trkpt lat="45.6361509" lon="-73.4951408"/>
      <trkpt lat="45.6355407" lon="-73.495675"/>
      <trkpt lat="45.6354766" lon="-73.4952217"/>
      <trkpt lat="45.6355407" lon="-73.495675"/>
      <trkpt lat="45.6361509" lon="-73.4951408"/>
      <trkpt lat="45.6367604" lon="-73.4946503"/>
      <trkpt lat="45.6373819" lon="-73.4942004"/>
      <trkpt lat="45.6380142" lon="-73.493802"/>
      <trkpt lat="45.6386373" lon="-73.4934422"/>
      <trkpt lat="45.6380142" lon="-73.493802"/>
      <trkpt lat="45.63875" lon="-73.4984198"/>
      <trkpt lat="45.639234" lon="-73.5014402"/>
      <trkpt lat="45.6398782" lon="-73.5012199"/>
      <trkpt lat="45.639234" lon="-73.5014402"/>
      <trkpt lat="45.6396439" lon="-73.5041084"/>
      <trkpt lat="45.6400797" lon="-73.5067452"/>
      <trkpt lat="45.6396439" lon="-73.5041084"/>
      <trkpt lat="45.6403132" lon="-73.5038801"/>
      <trkpt lat="45.6409608" lon="-73.5036592"/>
      <trkpt lat="45.6403132" lon="-73.5038801"/>
      <trkpt lat="45.6398782" lon="-73.5012199"/>
      <trkpt lat="45.6393964" lon="-73.4981906"/>
      <trkpt lat="45.6398782" lon="-73.5012199"/>
      <trkpt lat="45.6403132" lon="-73.5038801"/>
      <trkpt lat="45.6407355" lon="-73.5065101"/>
      <trkpt lat="45.6413899" lon="-73.5062763"/>
      <trkpt lat="45.6409608" lon="-73.5036592"/>
      <trkpt lat="45.6412916" lon="-73.5035463"/>
      <trkpt lat="45.6409608" lon="-73.5036592"/>
      <trkpt lat="45.6405382" lon="-73.5009862"/>
      <trkpt lat="45.6409608" lon="-73.5036592"/>
      <trkpt lat="45.6413899" lon="-73.5062763"/>
      <trkpt lat="45.6407355" lon="-73.5065101"/>
      <trkpt lat="45.6400797" lon="-73.5067452"/>
      <trkpt lat="45.6407355" lon="-73.5065101"/>
      <trkpt lat="45.6412251" lon="-73.509558"/>
      <trkpt lat="45.6418766" lon="-73.5093346"/>
      <trkpt lat="45.6429752" lon="-73.5089613"/>
      <trkpt lat="45.6418766" lon="-73.5093346"/>
      <trkpt lat="45.6413899" lon="-73.5062763"/>
      <trkpt lat="45.6418766" lon="-73.5093346"/>
      <trkpt lat="45.6412251" lon="-73.509558"/>
      <trkpt lat="45.6405695" lon="-73.5097827"/>
      <trkpt lat="45.6399154" lon="-73.5099981"/>
      <trkpt lat="45.639266" lon="-73.5102249"/>
      <trkpt lat="45.638777" lon="-73.5071781"/>
      <trkpt lat="45.639266" lon="-73.5102249"/>
      <trkpt lat="45.6399154" lon="-73.5099981"/>
      <trkpt lat="45.6404466" lon="-73.5132735"/>
      <trkpt lat="45.6399154" lon="-73.5099981"/>
      <trkpt lat="45.6405695" lon="-73.5097827"/>
      <trkpt lat="45.6412251" lon="-73.509558"/>
      <trkpt lat="45.6417546" lon="-73.5128257"/>
      <trkpt lat="45.6410888" lon="-73.5130555"/>
      <trkpt lat="45.6405695" lon="-73.5097827"/>
      <trkpt lat="45.6410888" lon="-73.5130555"/>
      <trkpt lat="45.6404466" lon="-73.5132735"/>
      <trkpt lat="45.639266" lon="-73.5102249"/>
      <trkpt lat="45.6404466" lon="-73.5132735"/>
      <trkpt lat="45.6410888" lon="-73.5130555"/>
      <trkpt lat="45.6417546" lon="-73.5128257"/>
      <trkpt lat="45.6423896" lon="-73.512613"/>
      <trkpt lat="45.6418766" lon="-73.5093346"/>
      <trkpt lat="45.6423896" lon="-73.512613"/>
      <trkpt lat="45.6417546" lon="-73.5128257"/>
      <trkpt lat="45.6420024" lon="-73.5143982"/>
      <trkpt lat="45.6420337" lon="-73.5145691"/>
      <trkpt lat="45.6420024" lon="-73.5143982"/>
      <trkpt lat="45.6427801" lon="-73.5141177"/>
      <trkpt lat="45.6437186" lon="-73.5137815"/>
      <trkpt lat="45.6438075" lon="-73.513748"/>
      <trkpt lat="45.6438353" lon="-73.5139521"/>
      <trkpt lat="45.643749" lon="-73.5139794"/>
      <trkpt lat="45.6437186" lon="-73.5137815"/>
      <trkpt lat="45.643553" lon="-73.5126773"/>
      <trkpt lat="45.6436384" lon="-73.5126515"/>
      <trkpt lat="45.643553" lon="-73.5126773"/>
      <trkpt lat="45.6434889" lon="-73.5122538"/>
      <trkpt lat="45.6433262" lon="-73.5112128"/>
      <trkpt lat="45.6434037" lon="-73.5111731"/>
      <trkpt lat="45.6433262" lon="-73.5112128"/>
      <trkpt lat="45.6429111" lon="-73.5114258"/>
      <trkpt lat="45.6433262" lon="-73.5112128"/>
      <trkpt lat="45.6429752" lon="-73.5089613"/>
      <trkpt lat="45.6430526" lon="-73.508946"/>
      <trkpt lat="45.6434037" lon="-73.5111731"/>
      <trkpt lat="45.6435681" lon="-73.5122265"/>
      <trkpt lat="45.6434889" lon="-73.5122538"/>
      <trkpt lat="45.6423896" lon="-73.512613"/>
      <trkpt lat="45.6434889" lon="-73.5122538"/>
      <trkpt lat="45.6435681" lon="-73.5122265"/>
      <trkpt lat="45.6436384" lon="-73.5126515"/>
      <trkpt lat="45.6442271" lon="-73.5124472"/>
      <trkpt lat="45.6439094" lon="-73.5103641"/>
      <trkpt lat="45.6435831" lon="-73.5082597"/>
      <trkpt lat="45.6441885" lon="-73.5080603"/>
      <trkpt lat="45.6448082" lon="-73.5078598"/>
      <trkpt lat="45.6451355" lon="-73.5099738"/>
      <trkpt lat="45.6454558" lon="-73.512034"/>
      <trkpt lat="45.6451355" lon="-73.5099738"/>
      <trkpt lat="45.6458501" lon="-73.5097269"/>
      <trkpt lat="45.6455285" lon="-73.5076249"/>
      <trkpt lat="45.6448082" lon="-73.5078598"/>
      <trkpt lat="45.6444893" lon="-73.5058004"/>
      <trkpt lat="45.643871" lon="-73.5060031"/>
      <trkpt lat="45.6444893" lon="-73.5058004"/>
      <trkpt lat="45.6448082" lon="-73.5078598"/>
      <trkpt lat="45.6455285" lon="-73.5076249"/>
      <trkpt lat="45.6458501" lon="-73.5097269"/>
      <trkpt lat="45.6461786" lon="-73.5118085"/>
      <trkpt lat="45.6458501" lon="-73.5097269"/>
      <trkpt lat="45.6464863" lon="-73.5095231"/>
      <trkpt lat="45.6461629" lon="-73.5074201"/>
      <trkpt lat="45.6455285" lon="-73.5076249"/>
      <trkpt lat="45.6452048" lon="-73.5055685"/>
      <trkpt lat="45.6444893" lon="-73.5058004"/>
      <trkpt lat="45.6452048" lon="-73.5055685"/>
      <trkpt lat="45.6455285" lon="-73.5076249"/>
      <trkpt lat="45.6461629" lon="-73.5074201"/>
      <trkpt lat="45.6458363" lon="-73.5053584"/>
      <trkpt lat="45.6452048" lon="-73.5055685"/>
      <trkpt lat="45.6458363" lon="-73.5053584"/>
      <trkpt lat="45.6464663" lon="-73.5051521"/>
      <trkpt lat="45.6458363" lon="-73.5053584"/>
      <trkpt lat="45.6461629" lon="-73.5074201"/>
      <trkpt lat="45.6467843" lon="-73.5072095"/>
      <trkpt lat="45.6461629" lon="-73.5074201"/>
      <trkpt lat="45.6464863" lon="-73.5095231"/>
      <trkpt lat="45.6468062" lon="-73.5116029"/>
      <trkpt lat="45.6474302" lon="-73.5113891"/>
      <trkpt lat="45.6468062" lon="-73.5116029"/>
      <trkpt lat="45.6469674" lon="-73.5126506"/>
      <trkpt lat="45.6485748" lon="-73.5120932"/>
      <trkpt lat="45.6486095" lon="-73.512303"/>
      <trkpt lat="45.6485748" lon="-73.5120932"/>
      <trkpt lat="45.6491126" lon="-73.5119067"/>
      <trkpt lat="45.6491494" lon="-73.5121166"/>
      <trkpt lat="45.6491126" lon="-73.5119067"/>
      <trkpt lat="45.6505102" lon="-73.5114221"/>
      <trkpt lat="45.650545" lon="-73.511635"/>
      <trkpt lat="45.6505102" lon="-73.5114221"/>
      <trkpt lat="45.6510396" lon="-73.5112385"/>
      <trkpt lat="45.6510841" lon="-73.5114504"/>
      <trkpt lat="45.650545" lon="-73.511635"/>
      <trkpt lat="45.6491494" lon="-73.5121166"/>
      <trkpt lat="45.6486095" lon="-73.512303"/>
      <trkpt lat="45.6469994" lon="-73.5128586"/>
      <trkpt lat="45.6465689" lon="-73.5130078"/>
      <trkpt lat="45.646536" lon="-73.5128148"/>
      <trkpt lat="45.6469674" lon="-73.5126506"/>
      <trkpt lat="45.6469994" lon="-73.5128586"/>
      <trkpt lat="45.6469674" lon="-73.5126506"/>
      <trkpt lat="45.6468062" lon="-73.5116029"/>
      <trkpt lat="45.6461786" lon="-73.5118085"/>
      <trkpt lat="45.6454558" lon="-73.512034"/>
      <trkpt lat="45.6448343" lon="-73.5122406"/>
      <trkpt lat="45.6442271" lon="-73.5124472"/>
      <trkpt lat="45.6448343" lon="-73.5122406"/>
      <trkpt lat="45.6454558" lon="-73.512034"/>
      <trkpt lat="45.6461786" lon="-73.5118085"/>
      <trkpt lat="45.6468062" lon="-73.5116029"/>
      <trkpt lat="45.6464863" lon="-73.5095231"/>
      <trkpt lat="45.6471116" lon="-73.5093108"/>
      <trkpt lat="45.6477381" lon="-73.5091128"/>
      <trkpt lat="45.6490039" lon="-73.5091706"/>
      <trkpt lat="45.6477381" lon="-73.5091128"/>
      <trkpt lat="45.6480618" lon="-73.5111863"/>
      <trkpt lat="45.6477381" lon="-73.5091128"/>
      <trkpt lat="45.6474132" lon="-73.5070022"/>
      <trkpt lat="45.6467843" lon="-73.5072095"/>
      <trkpt lat="45.6474132" lon="-73.5070022"/>
      <trkpt lat="45.6480511" lon="-73.5067951"/>
      <trkpt lat="45.6478741" lon="-73.5056435"/>
      <trkpt lat="45.6492265" lon="-73.5051316"/>
      <trkpt lat="45.6498591" lon="-73.5046193"/>
      <trkpt lat="45.6506434" lon="-73.5036953"/>
      <trkpt lat="45.6504885" lon="-73.5027055"/>
      <trkpt lat="45.6492801" lon="-73.5040253"/>
      <trkpt lat="45.6504885" lon="-73.5027055"/>
      <trkpt lat="45.6514396" lon="-73.5023607"/>
      <trkpt lat="45.6504885" lon="-73.5027055"/>
      <trkpt lat="45.6506434" lon="-73.5036953"/>
      <trkpt lat="45.6507878" lon="-73.5046409"/>
      <trkpt lat="45.6510576" lon="-73.5064349"/>
      <trkpt lat="45.6513874" lon="-73.5084848"/>
      <trkpt lat="45.6504965" lon="-73.5087708"/>
      <trkpt lat="45.6501984" lon="-73.5068195"/>
      <trkpt lat="45.6507714" lon="-73.5065166"/>
      <trkpt lat="45.6510576" lon="-73.5064349"/>
      <trkpt lat="45.6513874" lon="-73.5084848"/>
      <trkpt lat="45.6504965" lon="-73.5087708"/>
      <trkpt lat="45.649935" lon="-73.5089615"/>
      <trkpt lat="45.6504965" lon="-73.5087708"/>
      <trkpt lat="45.6513874" lon="-73.5084848"/>
      <trkpt lat="45.652329" lon="-73.5081988"/>
      <trkpt lat="45.6513874" lon="-73.5084848"/>
      <trkpt lat="45.6510576" lon="-73.5064349"/>
      <trkpt lat="45.6507878" lon="-73.5046409"/>
      <trkpt lat="45.6506434" lon="-73.5036953"/>
      <trkpt lat="45.6507878" lon="-73.5046409"/>
      <trkpt lat="45.6498591" lon="-73.5046193"/>
      <trkpt lat="45.6506434" lon="-73.5036953"/>
      <trkpt lat="45.6498591" lon="-73.5046193"/>
      <trkpt lat="45.6492265" lon="-73.5051316"/>
      <trkpt lat="45.6494779" lon="-73.5060535"/>
      <trkpt lat="45.6492265" lon="-73.5051316"/>
      <trkpt lat="45.6478741" lon="-73.5056435"/>
      <trkpt lat="45.6480511" lon="-73.5067951"/>
      <trkpt lat="45.6487856" lon="-73.5080643"/>
      <trkpt lat="45.6490039" lon="-73.5091706"/>
      <trkpt lat="45.649565" lon="-73.5096344"/>
      <trkpt lat="45.6490039" lon="-73.5091706"/>
      <trkpt lat="45.6487856" lon="-73.5080643"/>
      <trkpt lat="45.6494779" lon="-73.5060535"/>
      <trkpt lat="45.649935" lon="-73.5089615"/>
      <trkpt lat="45.649565" lon="-73.5096344"/>
      <trkpt lat="45.649935" lon="-73.5089615"/>
      <trkpt lat="45.6493634" lon="-73.5106968"/>
      <trkpt lat="45.6492609" lon="-73.5104178"/>
      <trkpt lat="45.649565" lon="-73.5096344"/>
      <trkpt lat="45.649935" lon="-73.5089615"/>
      <trkpt lat="45.6493634" lon="-73.5106968"/>
      <trkpt lat="45.6490604" lon="-73.510805"/>
      <trkpt lat="45.6492609" lon="-73.5104178"/>
      <trkpt lat="45.649565" lon="-73.5096344"/>
      <trkpt lat="45.649935" lon="-73.5089615"/>
      <trkpt lat="45.6494779" lon="-73.5060535"/>
      <trkpt lat="45.6487856" lon="-73.5080643"/>
      <trkpt lat="45.6480511" lon="-73.5067951"/>
      <trkpt lat="45.6474132" lon="-73.5070022"/>
      <trkpt lat="45.647092" lon="-73.504948"/>
      <trkpt lat="45.6464663" lon="-73.5051521"/>
      <trkpt lat="45.6467843" lon="-73.5072095"/>
      <trkpt lat="45.6471116" lon="-73.5093108"/>
      <trkpt lat="45.6474302" lon="-73.5113891"/>
      <trkpt lat="45.6480618" lon="-73.5111863"/>
      <trkpt lat="45.6486957" lon="-73.5109851"/>
      <trkpt lat="45.6485971" lon="-73.5099708"/>
      <trkpt lat="45.6486957" lon="-73.5109851"/>
      <trkpt lat="45.6490604" lon="-73.510805"/>
      <trkpt lat="45.6492609" lon="-73.5104178"/>
      <trkpt lat="45.649565" lon="-73.5096344"/>
      <trkpt lat="45.6492609" lon="-73.5104178"/>
      <trkpt lat="45.6490604" lon="-73.510805"/>
      <trkpt lat="45.6486957" lon="-73.5109851"/>
      <trkpt lat="45.6480618" lon="-73.5111863"/>
      <trkpt lat="45.6474302" lon="-73.5113891"/>
      <trkpt lat="45.6471116" lon="-73.5093108"/>
      <trkpt lat="45.6467843" lon="-73.5072095"/>
      <trkpt lat="45.6464663" lon="-73.5051521"/>
      <trkpt lat="45.647092" lon="-73.504948"/>
      <trkpt lat="45.6477315" lon="-73.5047307"/>
      <trkpt lat="45.6478741" lon="-73.5056435"/>
      <trkpt lat="45.6477315" lon="-73.5047307"/>
      <trkpt lat="45.6492801" lon="-73.5040253"/>
      <trkpt lat="45.6477315" lon="-73.5047307"/>
      <trkpt lat="45.647092" lon="-73.504948"/>
      <trkpt lat="45.646772" lon="-73.5028743"/>
      <trkpt lat="45.6464545" lon="-73.500823"/>
      <trkpt lat="45.6470942" lon="-73.5006099"/>
      <trkpt lat="45.6464545" lon="-73.500823"/>
      <trkpt lat="45.6458245" lon="-73.5010266"/>
      <trkpt lat="45.6455066" lon="-73.4989714"/>
      <trkpt lat="45.6458245" lon="-73.5010266"/>
      <trkpt lat="45.6461453" lon="-73.5030857"/>
      <trkpt lat="45.6464663" lon="-73.5051521"/>
      <trkpt lat="45.6461453" lon="-73.5030857"/>
      <trkpt lat="45.646772" lon="-73.5028743"/>
      <trkpt lat="45.6474892" lon="-73.502702"/>
      <trkpt lat="45.6492801" lon="-73.5040253"/>
      <trkpt lat="45.6474892" lon="-73.502702"/>
      <trkpt lat="45.6485537" lon="-73.4998654"/>
      <trkpt lat="45.6470942" lon="-73.5006099"/>
      <trkpt lat="45.6484183" lon="-73.498994"/>
      <trkpt lat="45.6470942" lon="-73.5006099"/>
      <trkpt lat="45.6485537" lon="-73.4998654"/>
      <trkpt lat="45.6484183" lon="-73.498994"/>
      <trkpt lat="45.6480634" lon="-73.4978984"/>
      <trkpt lat="45.6467795" lon="-73.4985376"/>
      <trkpt lat="45.6480634" lon="-73.4978984"/>
      <trkpt lat="45.6484183" lon="-73.498994"/>
      <trkpt lat="45.6485537" lon="-73.4998654"/>
      <trkpt lat="45.6474892" lon="-73.502702"/>
      <trkpt lat="45.646772" lon="-73.5028743"/>
      <trkpt lat="45.6461453" lon="-73.5030857"/>
      <trkpt lat="45.6458245" lon="-73.5010266"/>
      <trkpt lat="45.6452032" lon="-73.5012292"/>
      <trkpt lat="45.645517" lon="-73.5032957"/>
      <trkpt lat="45.6458363" lon="-73.5053584"/>
      <trkpt lat="45.645517" lon="-73.5032957"/>
      <trkpt lat="45.6461453" lon="-73.5030857"/>
      <trkpt lat="45.645517" lon="-73.5032957"/>
      <trkpt lat="45.6452032" lon="-73.5012292"/>
      <trkpt lat="45.6445651" lon="-73.5014253"/>
      <trkpt lat="45.6448799" lon="-73.5034937"/>
      <trkpt lat="45.6452048" lon="-73.5055685"/>
      <trkpt lat="45.6448799" lon="-73.5034937"/>
      <trkpt lat="45.6445651" lon="-73.5014253"/>
      <trkpt lat="45.6438509" lon="-73.5016612"/>
      <trkpt lat="45.6432359" lon="-73.5018763"/>
      <trkpt lat="45.6435526" lon="-73.5039442"/>
      <trkpt lat="45.643871" lon="-73.5060031"/>
      <trkpt lat="45.6435526" lon="-73.5039442"/>
      <trkpt lat="45.6432359" lon="-73.5018763"/>
      <trkpt lat="45.6426328" lon="-73.5020773"/>
      <trkpt lat="45.6432359" lon="-73.5018763"/>
      <trkpt lat="45.6429315" lon="-73.4998378"/>
      <trkpt lat="45.6435338" lon="-73.499617"/>
      <trkpt lat="45.6442528" lon="-73.4993841"/>
      <trkpt lat="45.6439297" lon="-73.4973098"/>
      <trkpt lat="45.6442528" lon="-73.4993841"/>
      <trkpt lat="45.6435338" lon="-73.499617"/>
      <trkpt lat="45.6438509" lon="-73.5016612"/>
      <trkpt lat="45.6441708" lon="-73.5037331"/>
      <trkpt lat="45.6444893" lon="-73.5058004"/>
      <trkpt lat="45.6441708" lon="-73.5037331"/>
      <trkpt lat="45.6435526" lon="-73.5039442"/>
      <trkpt lat="45.6429519" lon="-73.5041367"/>
      <trkpt lat="45.6426328" lon="-73.5020773"/>
      <trkpt lat="45.6429519" lon="-73.5041367"/>
      <trkpt lat="45.6435526" lon="-73.5039442"/>
      <trkpt lat="45.6441708" lon="-73.5037331"/>
      <trkpt lat="45.6448799" lon="-73.5034937"/>
      <trkpt lat="45.6441708" lon="-73.5037331"/>
      <trkpt lat="45.6438509" lon="-73.5016612"/>
      <trkpt lat="45.6435338" lon="-73.499617"/>
      <trkpt lat="45.6432206" lon="-73.4975447"/>
      <trkpt lat="45.6435338" lon="-73.499617"/>
      <trkpt lat="45.6429315" lon="-73.4998378"/>
      <trkpt lat="45.6423431" lon="-73.5000062"/>
      <trkpt lat="45.6426328" lon="-73.5020773"/>
      <trkpt lat="45.6423431" lon="-73.5000062"/>
      <trkpt lat="45.6429315" lon="-73.4998378"/>
      <trkpt lat="45.6425977" lon="-73.4977544"/>
      <trkpt lat="45.6422954" lon="-73.4956941"/>
      <trkpt lat="45.6416938" lon="-73.4958857"/>
      <trkpt lat="45.6422954" lon="-73.4956941"/>
      <trkpt lat="45.6417625" lon="-73.4922851"/>
      <trkpt lat="45.6422954" lon="-73.4956941"/>
      <trkpt lat="45.6429139" lon="-73.495497"/>
      <trkpt lat="45.6432206" lon="-73.4975447"/>
      <trkpt lat="45.6425977" lon="-73.4977544"/>
      <trkpt lat="45.6420071" lon="-73.4979536"/>
      <trkpt lat="45.6416938" lon="-73.4958857"/>
      <trkpt lat="45.6411527" lon="-73.4924322"/>
      <trkpt lat="45.6416938" lon="-73.4958857"/>
      <trkpt lat="45.6420071" lon="-73.4979536"/>
      <trkpt lat="45.6423431" lon="-73.5000062"/>
      <trkpt lat="45.6420071" lon="-73.4979536"/>
      <trkpt lat="45.6425977" lon="-73.4977544"/>
      <trkpt lat="45.6432206" lon="-73.4975447"/>
      <trkpt lat="45.6429139" lon="-73.495497"/>
      <trkpt lat="45.6423921" lon="-73.4921605"/>
      <trkpt lat="45.6429139" lon="-73.495497"/>
      <trkpt lat="45.6436076" lon="-73.4952569"/>
      <trkpt lat="45.6439297" lon="-73.4973098"/>
      <trkpt lat="45.6432206" lon="-73.4975447"/>
      <trkpt lat="45.6439297" lon="-73.4973098"/>
      <trkpt lat="45.6436076" lon="-73.4952569"/>
      <trkpt lat="45.6431063" lon="-73.4920618"/>
      <trkpt lat="45.6436076" lon="-73.4952569"/>
      <trkpt lat="45.6442388" lon="-73.4950525"/>
      <trkpt lat="45.6445614" lon="-73.4971125"/>
      <trkpt lat="45.6439297" lon="-73.4973098"/>
      <trkpt lat="45.6445614" lon="-73.4971125"/>
      <trkpt lat="45.6442388" lon="-73.4950525"/>
      <trkpt lat="45.6437779" lon="-73.4920451"/>
      <trkpt lat="45.6436994" lon="-73.4915712"/>
      <trkpt lat="45.6443839" lon="-73.4915706"/>
      <trkpt lat="45.6450428" lon="-73.4915944"/>
      <trkpt lat="45.6447389" lon="-73.4895858"/>
      <trkpt lat="45.6441201" lon="-73.489704"/>
      <trkpt lat="45.6447389" lon="-73.4895858"/>
      <trkpt lat="45.6454345" lon="-73.4893285"/>
      <trkpt lat="45.6447389" lon="-73.4895858"/>
      <trkpt lat="45.6450428" lon="-73.4915944"/>
      <trkpt lat="45.6454345" lon="-73.4893285"/>
      <trkpt lat="45.6450428" lon="-73.4915944"/>
      <trkpt lat="45.6443839" lon="-73.4915706"/>
      <trkpt lat="45.6441201" lon="-73.489704"/>
      <trkpt lat="45.6434282" lon="-73.4897694"/>
      <trkpt lat="45.6427719" lon="-73.4898257"/>
      <trkpt lat="45.6430463" lon="-73.4916216"/>
      <trkpt lat="45.6427719" lon="-73.4898257"/>
      <trkpt lat="45.6420451" lon="-73.4898995"/>
      <trkpt lat="45.6413005" lon="-73.4899863"/>
      <trkpt lat="45.6399858" lon="-73.4902341"/>
      <trkpt lat="45.6413005" lon="-73.4899863"/>
      <trkpt lat="45.6415032" lon="-73.490922"/>
      <trkpt lat="45.6413005" lon="-73.4899863"/>
      <trkpt lat="45.6420451" lon="-73.4898995"/>
      <trkpt lat="45.6427719" lon="-73.4898257"/>
      <trkpt lat="45.6430463" lon="-73.4916216"/>
      <trkpt lat="45.6423241" lon="-73.4916811"/>
      <trkpt lat="45.6420451" lon="-73.4898995"/>
      <trkpt lat="45.6427719" lon="-73.4898257"/>
      <trkpt lat="45.6434282" lon="-73.4897694"/>
      <trkpt lat="45.6441201" lon="-73.489704"/>
      <trkpt lat="45.6443839" lon="-73.4915706"/>
      <trkpt lat="45.6436994" lon="-73.4915712"/>
      <trkpt lat="45.6430463" lon="-73.4916216"/>
      <trkpt lat="45.6423241" lon="-73.4916811"/>
      <trkpt lat="45.6430463" lon="-73.4916216"/>
      <trkpt lat="45.6436994" lon="-73.4915712"/>
      <trkpt lat="45.6434282" lon="-73.4897694"/>
      <trkpt lat="45.6436994" lon="-73.4915712"/>
      <trkpt lat="45.6437779" lon="-73.4920451"/>
      <trkpt lat="45.6442388" lon="-73.4950525"/>
      <trkpt lat="45.644868" lon="-73.4948313"/>
      <trkpt lat="45.6451872" lon="-73.4968965"/>
      <trkpt lat="45.6455066" lon="-73.4989714"/>
      <trkpt lat="45.6451872" lon="-73.4968965"/>
      <trkpt lat="45.6445614" lon="-73.4971125"/>
      <trkpt lat="45.6451872" lon="-73.4968965"/>
      <trkpt lat="45.644868" lon="-73.4948313"/>
      <trkpt lat="45.6444362" lon="-73.4920378"/>
      <trkpt lat="45.644868" lon="-73.4948313"/>
      <trkpt lat="45.645501" lon="-73.4946267"/>
      <trkpt lat="45.6458161" lon="-73.4966876"/>
      <trkpt lat="45.6451872" lon="-73.4968965"/>
      <trkpt lat="45.6458161" lon="-73.4966876"/>
      <trkpt lat="45.6464581" lon="-73.496492"/>
      <trkpt lat="45.6468084" lon="-73.4963938"/>
      <trkpt lat="45.6473147" lon="-73.496234"/>
      <trkpt lat="45.6468084" lon="-73.4963938"/>
      <trkpt lat="45.6464581" lon="-73.496492"/>
      <trkpt lat="45.6458161" lon="-73.4966876"/>
      <trkpt lat="45.645501" lon="-73.4946267"/>
      <trkpt lat="45.6451037" lon="-73.4920808"/>
      <trkpt lat="45.645501" lon="-73.4946267"/>
      <trkpt lat="45.6461332" lon="-73.4944311"/>
      <trkpt lat="45.6473147" lon="-73.496234"/>
      <trkpt lat="45.6461332" lon="-73.4944311"/>
      <trkpt lat="45.6459853" lon="-73.4933979"/>
      <trkpt lat="45.6479065" lon="-73.4955668"/>
      <trkpt lat="45.6466196" lon="-73.4974887"/>
      <trkpt lat="45.6467795" lon="-73.4985376"/>
      <trkpt lat="45.6466196" lon="-73.4974887"/>
      <trkpt lat="45.6464581" lon="-73.496492"/>
      <trkpt lat="45.6466196" lon="-73.4974887"/>
      <trkpt lat="45.6479065" lon="-73.4955668"/>
      <trkpt lat="45.6484249" lon="-73.4926131"/>
      <trkpt lat="45.6459121" lon="-73.4921924"/>
      <trkpt lat="45.6459853" lon="-73.4933979"/>
      <trkpt lat="45.6459121" lon="-73.4921924"/>
      <trkpt lat="45.6451037" lon="-73.4920808"/>
      <trkpt lat="45.6444362" lon="-73.4920378"/>
      <trkpt lat="45.6437779" lon="-73.4920451"/>
      <trkpt lat="45.6431063" lon="-73.4920618"/>
      <trkpt lat="45.6423921" lon="-73.4921605"/>
      <trkpt lat="45.6417625" lon="-73.4922851"/>
      <trkpt lat="45.6411527" lon="-73.4924322"/>
      <trkpt lat="45.6403961" lon="-73.492669"/>
      <trkpt lat="45.6403022" lon="-73.4927093"/>
      <trkpt lat="45.6402235" lon="-73.4922643"/>
      <trkpt lat="45.6403259" lon="-73.4922345"/>
      <trkpt lat="45.6403961" lon="-73.492669"/>
      <trkpt lat="45.6406016" lon="-73.4939094"/>
      <trkpt lat="45.6406871" lon="-73.4944315"/>
      <trkpt lat="45.6412007" lon="-73.4975692"/>
      <trkpt lat="45.6411104" lon="-73.4976004"/>
      <trkpt lat="45.6412007" lon="-73.4975692"/>
      <trkpt lat="45.641665" lon="-73.5004058"/>
      <trkpt lat="45.6423431" lon="-73.5000062"/>
      <trkpt lat="45.641665" lon="-73.5004058"/>
      <trkpt lat="45.6419273" lon="-73.5020071"/>
      <trkpt lat="45.6418405" lon="-73.5020385"/>
      <trkpt lat="45.6419273" lon="-73.5020071"/>
      <trkpt lat="45.6423101" lon="-73.5043414"/>
      <trkpt lat="45.6422227" lon="-73.5043773"/>
      <trkpt lat="45.6423101" lon="-73.5043414"/>
      <trkpt lat="45.6426476" lon="-73.5064033"/>
      <trkpt lat="45.6430526" lon="-73.508946"/>
      <trkpt lat="45.6429752" lon="-73.5089613"/>
      <trkpt lat="45.6425643" lon="-73.5064297"/>
      <trkpt lat="45.6426476" lon="-73.5064033"/>
      <trkpt lat="45.6425643" lon="-73.5064297"/>
      <trkpt lat="45.6422227" lon="-73.5043773"/>
      <trkpt lat="45.6418405" lon="-73.5020385"/>
      <trkpt lat="45.6415859" lon="-73.5004689"/>
      <trkpt lat="45.6405382" lon="-73.5009862"/>
      <trkpt lat="45.6398782" lon="-73.5012199"/>
      <trkpt lat="45.6405382" lon="-73.5009862"/>
      <trkpt lat="45.6415859" lon="-73.5004689"/>
      <trkpt lat="45.641665" lon="-73.5004058"/>
      <trkpt lat="45.6415859" lon="-73.5004689"/>
      <trkpt lat="45.6411104" lon="-73.4976004"/>
      <trkpt lat="45.6400469" lon="-73.497968"/>
      <trkpt lat="45.6392677" lon="-73.4931385"/>
      <trkpt lat="45.6386373" lon="-73.4934422"/>
      <trkpt lat="45.6392677" lon="-73.4931385"/>
      <trkpt lat="45.6386373" lon="-73.4934422"/>
      <trkpt lat="45.6385364" lon="-73.4928417"/>
      <trkpt lat="45.6386373" lon="-73.4934422"/>
      <trkpt lat="45.6385364" lon="-73.4928417"/>
      <trkpt lat="45.6382549" lon="-73.4910409"/>
      <trkpt lat="45.6380235" lon="-73.4895957"/>
      <trkpt lat="45.6387548" lon="-73.4893876"/>
      <trkpt lat="45.6386421" lon="-73.4885135"/>
      <trkpt lat="45.6387548" lon="-73.4893876"/>
      <trkpt lat="45.639209" lon="-73.4892818"/>
      <trkpt lat="45.6397324" lon="-73.4891658"/>
      <trkpt lat="45.639209" lon="-73.4892818"/>
      <trkpt lat="45.6387548" lon="-73.4893876"/>
      <trkpt lat="45.6380235" lon="-73.4895957"/>
      <trkpt lat="45.6377914" lon="-73.4896639"/>
      <trkpt lat="45.6380235" lon="-73.4895957"/>
      <trkpt lat="45.6382549" lon="-73.4910409"/>
      <trkpt lat="45.6385364" lon="-73.4928417"/>
      <trkpt lat="45.6392006" lon="-73.4925927"/>
      <trkpt lat="45.6397985" lon="-73.4923868"/>
      <trkpt lat="45.6402235" lon="-73.4922643"/>
      <trkpt lat="45.6400808" lon="-73.4914023"/>
      <trkpt lat="45.640177" lon="-73.4913626"/>
      <trkpt lat="45.6400808" lon="-73.4914023"/>
      <trkpt lat="45.6398943" lon="-73.4902566"/>
      <trkpt lat="45.6394712" lon="-73.4903953"/>
      <trkpt lat="45.6393381" lon="-73.4904625"/>
      <trkpt lat="45.639209" lon="-73.4892818"/>
      <trkpt lat="45.6390886" lon="-73.4882044"/>
      <trkpt lat="45.6390619" lon="-73.4879672"/>
      <trkpt lat="45.6390886" lon="-73.4882044"/>
      <trkpt lat="45.6397324" lon="-73.4891658"/>
      <trkpt lat="45.6399858" lon="-73.4902341"/>
      <trkpt lat="45.6398943" lon="-73.4902566"/>
      <trkpt lat="45.6394712" lon="-73.4903953"/>
      <trkpt lat="45.6393381" lon="-73.4904625"/>
      <trkpt lat="45.6388918" lon="-73.4906911"/>
      <trkpt lat="45.6382549" lon="-73.4910409"/>
      <trkpt lat="45.6376097" lon="-73.4913822"/>
      <trkpt lat="45.6369823" lon="-73.4917171"/>
      <trkpt lat="45.6373025" lon="-73.4936648"/>
      <trkpt lat="45.6369823" lon="-73.4917171"/>
      <trkpt lat="45.6363537" lon="-73.4920515"/>
      <trkpt lat="45.6369823" lon="-73.4917171"/>
      <trkpt lat="45.6363537" lon="-73.4920515"/>
      <trkpt lat="45.6366827" lon="-73.4941631"/>
      <trkpt lat="45.6363537" lon="-73.4920515"/>
      <trkpt lat="45.6357089" lon="-73.4923917"/>
      <trkpt lat="45.6363537" lon="-73.4920515"/>
      <trkpt lat="45.6357089" lon="-73.4923917"/>
      <trkpt lat="45.6360959" lon="-73.494682"/>
      <trkpt lat="45.6357089" lon="-73.4923917"/>
      <trkpt lat="45.6350669" lon="-73.4927138"/>
      <trkpt lat="45.6357089" lon="-73.4923917"/>
      <trkpt lat="45.6350669" lon="-73.4927138"/>
      <trkpt lat="45.6343466" lon="-73.4930698"/>
      <trkpt lat="45.6340944" lon="-73.4932503"/>
      <trkpt lat="45.6339341" lon="-73.4923626"/>
      <trkpt lat="45.6340944" lon="-73.4932503"/>
      <trkpt lat="45.6343466" lon="-73.4930698"/>
      <trkpt lat="45.6340944" lon="-73.4932503"/>
      <trkpt lat="45.6335738" lon="-73.4936228"/>
      <trkpt lat="45.6340944" lon="-73.4932503"/>
      <trkpt lat="45.6335738" lon="-73.4936228"/>
      <trkpt lat="45.6340471" lon="-73.4964757"/>
      <trkpt lat="45.6335738" lon="-73.4936228"/>
      <trkpt lat="45.6340471" lon="-73.4964757"/>
      <trkpt lat="45.6348308" lon="-73.4957778"/>
      <trkpt lat="45.6354766" lon="-73.4952217"/>
      <trkpt lat="45.6350669" lon="-73.4927138"/>
      <trkpt lat="45.6343466" lon="-73.4930698"/>
      <trkpt lat="45.6348308" lon="-73.4957778"/>
      <trkpt lat="45.6354766" lon="-73.4952217"/>
      <trkpt lat="45.6350669" lon="-73.4927138"/>
      <trkpt lat="45.6343466" lon="-73.4930698"/>
      <trkpt lat="45.6350669" lon="-73.4927138"/>
      <trkpt lat="45.6354766" lon="-73.4952217"/>
      <trkpt lat="45.6360959" lon="-73.494682"/>
      <trkpt lat="45.6366827" lon="-73.4941631"/>
      <trkpt lat="45.6373025" lon="-73.4936648"/>
      <trkpt lat="45.6379143" lon="-73.4932155"/>
      <trkpt lat="45.6385364" lon="-73.4928417"/>
      <trkpt lat="45.6392006" lon="-73.4925927"/>
      <trkpt lat="45.6397985" lon="-73.4923868"/>
      <trkpt lat="45.6394712" lon="-73.4903953"/>
      <trkpt lat="45.6393381" lon="-73.4904625"/>
      <trkpt lat="45.6388918" lon="-73.4906911"/>
      <trkpt lat="45.6382549" lon="-73.4910409"/>
      <trkpt lat="45.6376097" lon="-73.4913822"/>
      <trkpt lat="45.6369823" lon="-73.4917171"/>
      <trkpt lat="45.6376097" lon="-73.4913822"/>
      <trkpt lat="45.6379143" lon="-73.4932155"/>
      <trkpt lat="45.6376097" lon="-73.4913822"/>
      <trkpt lat="45.6382549" lon="-73.4910409"/>
      <trkpt lat="45.6388918" lon="-73.4906911"/>
      <trkpt lat="45.6392006" lon="-73.4925927"/>
      <trkpt lat="45.6388918" lon="-73.4906911"/>
      <trkpt lat="45.6393381" lon="-73.4904625"/>
      <trkpt lat="45.6394712" lon="-73.4903953"/>
      <trkpt lat="45.6398943" lon="-73.4902566"/>
      <trkpt lat="45.6399858" lon="-73.4902341"/>
      <trkpt lat="45.640177" lon="-73.4913626"/>
      <trkpt lat="45.6403259" lon="-73.4922345"/>
      <trkpt lat="45.6403961" lon="-73.492669"/>
      <trkpt lat="45.6411527" lon="-73.4924322"/>
      <trkpt lat="45.6417625" lon="-73.4922851"/>
      <trkpt lat="45.6423921" lon="-73.4921605"/>
      <trkpt lat="45.6431063" lon="-73.4920618"/>
      <trkpt lat="45.6437779" lon="-73.4920451"/>
      <trkpt lat="45.6444362" lon="-73.4920378"/>
      <trkpt lat="45.6451037" lon="-73.4920808"/>
      <trkpt lat="45.6459121" lon="-73.4921924"/>
      <trkpt lat="45.6484249" lon="-73.4926131"/>
      <trkpt lat="45.6498135" lon="-73.4928108"/>
      <trkpt lat="45.6494302" lon="-73.4907846"/>
      <trkpt lat="45.6489962" lon="-73.4879231"/>
      <trkpt lat="45.6491335" lon="-73.4879127"/>
      <trkpt lat="45.6489962" lon="-73.4879231"/>
      <trkpt lat="45.6454345" lon="-73.4893285"/>
      <trkpt lat="45.6489962" lon="-73.4879231"/>
      <trkpt lat="45.6491335" lon="-73.4879127"/>
      <trkpt lat="45.6497095" lon="-73.4880168"/>
      <trkpt lat="45.6512047" lon="-73.4888491"/>
      <trkpt lat="45.6521059" lon="-73.4894442"/>
      <trkpt lat="45.6528404" lon="-73.4898064"/>
      <trkpt lat="45.6536157" lon="-73.4900922"/>
      <trkpt lat="45.6546359" lon="-73.4905567"/>
      <trkpt lat="45.6551962" lon="-73.4909777"/>
      <trkpt lat="45.6549237" lon="-73.4892011"/>
      <trkpt lat="45.6551962" lon="-73.4909777"/>
      <trkpt lat="45.6557926" lon="-73.4913894"/>
      <trkpt lat="45.6564873" lon="-73.4918648"/>
      <trkpt lat="45.6557926" lon="-73.4913894"/>
      <trkpt lat="45.6567209" lon="-73.491978"/>
      <trkpt lat="45.6557926" lon="-73.4913894"/>
      <trkpt lat="45.6558186" lon="-73.4918803"/>
      <trkpt lat="45.6559615" lon="-73.4927637"/>
      <trkpt lat="45.6561228" lon="-73.4938219"/>
      <trkpt lat="45.6565631" lon="-73.4966545"/>
      <trkpt lat="45.6568126" lon="-73.4965842"/>
      <trkpt lat="45.6565631" lon="-73.4966545"/>
      <trkpt lat="45.6559194" lon="-73.4968509"/>
      <trkpt lat="45.6554368" lon="-73.4937275"/>
      <trkpt lat="45.6547568" lon="-73.4936146"/>
      <trkpt lat="45.6548793" lon="-73.4945863"/>
      <trkpt lat="45.6545624" lon="-73.4970148"/>
      <trkpt lat="45.6552213" lon="-73.496809"/>
      <trkpt lat="45.6545624" lon="-73.4970148"/>
      <trkpt lat="45.6550193" lon="-73.4999881"/>
      <trkpt lat="45.6552213" lon="-73.496809"/>
      <trkpt lat="45.6550193" lon="-73.4999881"/>
      <trkpt lat="45.6543546" lon="-73.500216"/>
      <trkpt lat="45.6538907" lon="-73.497218"/>
      <trkpt lat="45.6532516" lon="-73.4974069"/>
      <trkpt lat="45.6533466" lon="-73.4980397"/>
      <trkpt lat="45.6526766" lon="-73.4982574"/>
      <trkpt lat="45.6521023" lon="-73.4944998"/>
      <trkpt lat="45.6512739" lon="-73.4947473"/>
      <trkpt lat="45.6518525" lon="-73.4985136"/>
      <trkpt lat="45.6523106" lon="-73.4983806"/>
      <trkpt lat="45.6518525" lon="-73.4985136"/>
      <trkpt lat="45.6512739" lon="-73.4947473"/>
      <trkpt lat="45.6504269" lon="-73.4950209"/>
      <trkpt lat="45.6512739" lon="-73.4947473"/>
      <trkpt lat="45.6521023" lon="-73.4944998"/>
      <trkpt lat="45.6527722" lon="-73.4942892"/>
      <trkpt lat="45.6521023" lon="-73.4944998"/>
      <trkpt lat="45.6526766" lon="-73.4982574"/>
      <trkpt lat="45.6523106" lon="-73.4983806"/>
      <trkpt lat="45.6526766" lon="-73.4982574"/>
      <trkpt lat="45.6533466" lon="-73.4980397"/>
      <trkpt lat="45.6534966" lon="-73.4990347"/>
      <trkpt lat="45.6536433" lon="-73.4999931"/>
      <trkpt lat="45.6526235" lon="-73.5003143"/>
      <trkpt lat="45.6524656" lon="-73.4993411"/>
      <trkpt lat="45.6526235" lon="-73.5003143"/>
      <trkpt lat="45.6527631" lon="-73.5012757"/>
      <trkpt lat="45.6526235" lon="-73.5003143"/>
      <trkpt lat="45.6536433" lon="-73.4999931"/>
      <trkpt lat="45.6537943" lon="-73.500957"/>
      <trkpt lat="45.6536433" lon="-73.4999931"/>
      <trkpt lat="45.6534966" lon="-73.4990347"/>
      <trkpt lat="45.6524656" lon="-73.4993411"/>
      <trkpt lat="45.6523106" lon="-73.4983806"/>
      <trkpt lat="45.6524656" lon="-73.4993411"/>
      <trkpt lat="45.6534966" lon="-73.4990347"/>
      <trkpt lat="45.6533466" lon="-73.4980397"/>
      <trkpt lat="45.6532516" lon="-73.4974069"/>
      <trkpt lat="45.6527722" lon="-73.4942892"/>
      <trkpt lat="45.6532516" lon="-73.4974069"/>
      <trkpt lat="45.6538907" lon="-73.497218"/>
      <trkpt lat="45.6543546" lon="-73.500216"/>
      <trkpt lat="45.6544356" lon="-73.5007607"/>
      <trkpt lat="45.6545735" lon="-73.501673"/>
      <trkpt lat="45.6545735" lon="-73.501673"/>
      <trkpt lat="45.6544356" lon="-73.5007607"/>
      <trkpt lat="45.6537943" lon="-73.500957"/>
      <trkpt lat="45.6527631" lon="-73.5012757"/>
      <trkpt lat="45.6537943" lon="-73.500957"/>
      <trkpt lat="45.6544356" lon="-73.5007607"/>
      <trkpt lat="45.6543546" lon="-73.500216"/>
      <trkpt lat="45.6550193" lon="-73.4999881"/>
      <trkpt lat="45.6545624" lon="-73.4970148"/>
      <trkpt lat="45.6548793" lon="-73.4945863"/>
      <trkpt lat="45.6552213" lon="-73.496809"/>
      <trkpt lat="45.6548793" lon="-73.4945863"/>
      <trkpt lat="45.6547568" lon="-73.4936146"/>
      <trkpt lat="45.6533279" lon="-73.4933969"/>
      <trkpt lat="45.6527722" lon="-73.4942892"/>
      <trkpt lat="45.6533279" lon="-73.4933969"/>
      <trkpt lat="45.6538907" lon="-73.497218"/>
      <trkpt lat="45.6533279" lon="-73.4933969"/>
      <trkpt lat="45.6547568" lon="-73.4936146"/>
      <trkpt lat="45.6554368" lon="-73.4937275"/>
      <trkpt lat="45.6559194" lon="-73.4968509"/>
      <trkpt lat="45.6565631" lon="-73.4966545"/>
      <trkpt lat="45.6570668" lon="-73.499956"/>
      <trkpt lat="45.6582815" lon="-73.4995314"/>
      <trkpt lat="45.6581277" lon="-73.4986279"/>
      <trkpt lat="45.6582196" lon="-73.4950876"/>
      <trkpt lat="45.6581277" lon="-73.4986279"/>
      <trkpt lat="45.6582815" lon="-73.4995314"/>
      <trkpt lat="45.6581091" lon="-73.4941498"/>
      <trkpt lat="45.6582196" lon="-73.4950876"/>
      <trkpt lat="45.6581091" lon="-73.4941498"/>
      <trkpt lat="45.6582815" lon="-73.4995314"/>
      <trkpt lat="45.6570668" lon="-73.499956"/>
      <trkpt lat="45.6575767" lon="-73.503235"/>
      <trkpt lat="45.6580804" lon="-73.5065378"/>
      <trkpt lat="45.6575767" lon="-73.503235"/>
      <trkpt lat="45.6582186" lon="-73.5030192"/>
      <trkpt lat="45.6600305" lon="-73.5024181"/>
      <trkpt lat="45.6601681" lon="-73.5033448"/>
      <trkpt lat="45.65858" lon="-73.505426"/>
      <trkpt lat="45.6590253" lon="-73.5037162"/>
      <trkpt lat="45.6595092" lon="-73.5035606"/>
      <trkpt lat="45.6590253" lon="-73.5037162"/>
      <trkpt lat="45.65858" lon="-73.505426"/>
      <trkpt lat="45.6601681" lon="-73.5033448"/>
      <trkpt lat="45.6595092" lon="-73.5035606"/>
      <trkpt lat="45.6601681" lon="-73.5033448"/>
      <trkpt lat="45.6600305" lon="-73.5024181"/>
      <trkpt lat="45.6582186" lon="-73.5030192"/>
      <trkpt lat="45.6580574" lon="-73.5019725"/>
      <trkpt lat="45.6582186" lon="-73.5030192"/>
      <trkpt lat="45.6575767" lon="-73.503235"/>
      <trkpt lat="45.6569284" lon="-73.5034369"/>
      <trkpt lat="45.6574419" lon="-73.5067399"/>
      <trkpt lat="45.6580804" lon="-73.5065378"/>
      <trkpt lat="45.6584192" lon="-73.5086816"/>
      <trkpt lat="45.6580804" lon="-73.5065378"/>
      <trkpt lat="45.6587113" lon="-73.5063355"/>
      <trkpt lat="45.6603867" lon="-73.5070512"/>
      <trkpt lat="45.6607942" lon="-73.5069858"/>
      <trkpt lat="45.6603867" lon="-73.5070512"/>
      <trkpt lat="45.6605382" lon="-73.5080134"/>
      <trkpt lat="45.6603867" lon="-73.5070512"/>
      <trkpt lat="45.6602977" lon="-73.5060922"/>
      <trkpt lat="45.6609206" lon="-73.5061947"/>
      <trkpt lat="45.6602977" lon="-73.5060922"/>
      <trkpt lat="45.6603867" lon="-73.5070512"/>
      <trkpt lat="45.6587113" lon="-73.5063355"/>
      <trkpt lat="45.65858" lon="-73.505426"/>
      <trkpt lat="45.6587113" lon="-73.5063355"/>
      <trkpt lat="45.6602977" lon="-73.5060922"/>
      <trkpt lat="45.6587113" lon="-73.5063355"/>
      <trkpt lat="45.6580804" lon="-73.5065378"/>
      <trkpt lat="45.6574419" lon="-73.5067399"/>
      <trkpt lat="45.6569284" lon="-73.5034369"/>
      <trkpt lat="45.6564333" lon="-73.5001766"/>
      <trkpt lat="45.6570668" lon="-73.499956"/>
      <trkpt lat="45.6564333" lon="-73.5001766"/>
      <trkpt lat="45.6559194" lon="-73.4968509"/>
      <trkpt lat="45.6564333" lon="-73.5001766"/>
      <trkpt lat="45.6569284" lon="-73.5034369"/>
      <trkpt lat="45.656289" lon="-73.5036466"/>
      <trkpt lat="45.656137" lon="-73.502741"/>
      <trkpt lat="45.656137" lon="-73.502741"/>
      <trkpt lat="45.656289" lon="-73.5036466"/>
      <trkpt lat="45.6556112" lon="-73.5038892"/>
      <trkpt lat="45.6557551" lon="-73.5048155"/>
      <trkpt lat="45.6561496" lon="-73.5073978"/>
      <trkpt lat="45.6557551" lon="-73.5048155"/>
      <trkpt lat="45.6568029" lon="-73.5071108"/>
      <trkpt lat="45.6561496" lon="-73.5073978"/>
      <trkpt lat="45.6551984" lon="-73.5077201"/>
      <trkpt lat="45.6555106" lon="-73.5096894"/>
      <trkpt lat="45.6555347" lon="-73.5099132"/>
      <trkpt lat="45.6555106" lon="-73.5096894"/>
      <trkpt lat="45.6562264" lon="-73.5094415"/>
      <trkpt lat="45.6562615" lon="-73.5096624"/>
      <trkpt lat="45.6562264" lon="-73.5094415"/>
      <trkpt lat="45.6568559" lon="-73.509226"/>
      <trkpt lat="45.6569065" lon="-73.509442"/>
      <trkpt lat="45.6568559" lon="-73.509226"/>
      <trkpt lat="45.6577974" lon="-73.5088973"/>
      <trkpt lat="45.6578316" lon="-73.5091206"/>
      <trkpt lat="45.6569065" lon="-73.509442"/>
      <trkpt lat="45.6562615" lon="-73.5096624"/>
      <trkpt lat="45.6555347" lon="-73.5099132"/>
      <trkpt lat="45.6578215" lon="-73.515479"/>
      <trkpt lat="45.6555347" lon="-73.5099132"/>
      <trkpt lat="45.6547727" lon="-73.5101766"/>
      <trkpt lat="45.6539776" lon="-73.5104505"/>
      <trkpt lat="45.6538142" lon="-73.5102862"/>
      <trkpt lat="45.6546551" lon="-73.5099955"/>
      <trkpt lat="45.6555106" lon="-73.5096894"/>
      <trkpt lat="45.6551984" lon="-73.5077201"/>
      <trkpt lat="45.6561496" lon="-73.5073978"/>
      <trkpt lat="45.6568029" lon="-73.5071108"/>
      <trkpt lat="45.6574419" lon="-73.5067399"/>
      <trkpt lat="45.6568029" lon="-73.5071108"/>
      <trkpt lat="45.6557551" lon="-73.5048155"/>
      <trkpt lat="45.6556112" lon="-73.5038892"/>
      <trkpt lat="45.6549561" lon="-73.5041066"/>
      <trkpt lat="45.6550945" lon="-73.5050247"/>
      <trkpt lat="45.6545337" lon="-73.5050926"/>
      <trkpt lat="45.6539501" lon="-73.5049075"/>
      <trkpt lat="45.6541723" lon="-73.5076276"/>
      <trkpt lat="45.6539501" lon="-73.5049075"/>
      <trkpt lat="45.6527802" lon="-73.5044584"/>
      <trkpt lat="45.6533571" lon="-73.5078803"/>
      <trkpt lat="45.6541723" lon="-73.5076276"/>
      <trkpt lat="45.6551984" lon="-73.5077201"/>
      <trkpt lat="45.6541723" lon="-73.5076276"/>
      <trkpt lat="45.6533571" lon="-73.5078803"/>
      <trkpt lat="45.652454" lon="-73.5081558"/>
      <trkpt lat="45.652329" lon="-73.5081988"/>
      <trkpt lat="45.652454" lon="-73.5081558"/>
      <trkpt lat="45.652815" lon="-73.510623"/>
      <trkpt lat="45.6538142" lon="-73.5102862"/>
      <trkpt lat="45.6546551" lon="-73.5099955"/>
      <trkpt lat="45.6547727" lon="-73.5101766"/>
      <trkpt lat="45.6539776" lon="-73.5104505"/>
      <trkpt lat="45.6528497" lon="-73.5108397"/>
      <trkpt lat="45.6533173" lon="-73.5137644"/>
      <trkpt lat="45.6537719" lon="-73.51679"/>
      <trkpt lat="45.6578215" lon="-73.515479"/>
      <trkpt lat="45.6596124" lon="-73.5164225"/>
      <trkpt lat="45.6590986" lon="-73.5131234"/>
      <trkpt lat="45.6597401" lon="-73.5129294"/>
      <trkpt lat="45.6595969" lon="-73.5120165"/>
      <trkpt lat="45.6594553" lon="-73.5111204"/>
      <trkpt lat="45.6593119" lon="-73.5102156"/>
      <trkpt lat="45.6594553" lon="-73.5111204"/>
      <trkpt lat="45.6605239" lon="-73.5107855"/>
      <trkpt lat="45.6593119" lon="-73.5102156"/>
      <trkpt lat="45.6585933" lon="-73.5098283"/>
      <trkpt lat="45.6593119" lon="-73.5102156"/>
      <trkpt lat="45.6605239" lon="-73.5107855"/>
      <trkpt lat="45.6606692" lon="-73.5116828"/>
      <trkpt lat="45.6610832" lon="-73.5115557"/>
      <trkpt lat="45.6605613" lon="-73.5081828"/>
      <trkpt lat="45.6610832" lon="-73.5115557"/>
      <trkpt lat="45.6606692" lon="-73.5116828"/>
      <trkpt lat="45.6605239" lon="-73.5107855"/>
      <trkpt lat="45.6594553" lon="-73.5111204"/>
      <trkpt lat="45.6595969" lon="-73.5120165"/>
      <trkpt lat="45.6606692" lon="-73.5116828"/>
      <trkpt lat="45.6595969" lon="-73.5120165"/>
      <trkpt lat="45.6597401" lon="-73.5129294"/>
      <trkpt lat="45.6598775" lon="-73.5137972"/>
      <trkpt lat="45.6597401" lon="-73.5129294"/>
      <trkpt lat="45.6609414" lon="-73.5134593"/>
      <trkpt lat="45.6610759" lon="-73.5143218"/>
      <trkpt lat="45.6600119" lon="-73.5146638"/>
      <trkpt lat="45.6610759" lon="-73.5143218"/>
      <trkpt lat="45.6614904" lon="-73.5141965"/>
      <trkpt lat="45.6610832" lon="-73.5115557"/>
      <trkpt lat="45.6614904" lon="-73.5141965"/>
      <trkpt lat="45.6610759" lon="-73.5143218"/>
      <trkpt lat="45.6609414" lon="-73.5134593"/>
      <trkpt lat="45.6598775" lon="-73.5137972"/>
      <trkpt lat="45.6600119" lon="-73.5146638"/>
      <trkpt lat="45.6598775" lon="-73.5137972"/>
      <trkpt lat="45.6609414" lon="-73.5134593"/>
      <trkpt lat="45.6597401" lon="-73.5129294"/>
      <trkpt lat="45.6590986" lon="-73.5131234"/>
      <trkpt lat="45.6585933" lon="-73.5098283"/>
      <trkpt lat="45.6584534" lon="-73.5089054"/>
      <trkpt lat="45.6578316" lon="-73.5091206"/>
      <trkpt lat="45.6577974" lon="-73.5088973"/>
      <trkpt lat="45.6574419" lon="-73.5067399"/>
      <trkpt lat="45.6577974" lon="-73.5088973"/>
      <trkpt lat="45.6584192" lon="-73.5086816"/>
      <trkpt lat="45.6584534" lon="-73.5089054"/>
      <trkpt lat="45.6584192" lon="-73.5086816"/>
      <trkpt lat="45.6605382" lon="-73.5080134"/>
      <trkpt lat="45.6635806" lon="-73.5069472"/>
      <trkpt lat="45.6636073" lon="-73.5071227"/>
      <trkpt lat="45.6637589" lon="-73.5080711"/>
      <trkpt lat="45.6636073" lon="-73.5071227"/>
      <trkpt lat="45.6635806" lon="-73.5069472"/>
      <trkpt lat="45.6648611" lon="-73.5065027"/>
      <trkpt lat="45.6654794" lon="-73.5061339"/>
      <trkpt lat="45.6663089" lon="-73.505809"/>
      <trkpt lat="45.667843" lon="-73.5052818"/>
      <trkpt lat="45.6685814" lon="-73.5050529"/>
      <trkpt lat="45.6687884" lon="-73.5050102"/>
      <trkpt lat="45.6692994" lon="-73.5049055"/>
      <trkpt lat="45.6694072" lon="-73.5048867"/>
      <trkpt lat="45.6694618" lon="-73.5052215"/>
      <trkpt lat="45.6693661" lon="-73.5052823"/>
      <trkpt lat="45.6692994" lon="-73.5049055"/>
      <trkpt lat="45.6691599" lon="-73.5040397"/>
      <trkpt lat="45.6689789" lon="-73.5029166"/>
      <trkpt lat="45.6690645" lon="-73.5028879"/>
      <trkpt lat="45.6694072" lon="-73.5048867"/>
      <trkpt lat="45.6694618" lon="-73.5052215"/>
      <trkpt lat="45.6696459" lon="-73.5063361"/>
      <trkpt lat="45.6695613" lon="-73.5063727"/>
      <trkpt lat="45.6695032" lon="-73.506048"/>
      <trkpt lat="45.6693661" lon="-73.5052823"/>
      <trkpt lat="45.6688644" lon="-73.5056509"/>
      <trkpt lat="45.6687885" lon="-73.505718"/>
      <trkpt lat="45.6681191" lon="-73.5063097"/>
      <trkpt lat="45.6664097" lon="-73.5069824"/>
      <trkpt lat="45.6656357" lon="-73.5067097"/>
      <trkpt lat="45.6654794" lon="-73.5061339"/>
      <trkpt lat="45.6663089" lon="-73.505809"/>
      <trkpt lat="45.667843" lon="-73.5052818"/>
      <trkpt lat="45.6685814" lon="-73.5050529"/>
      <trkpt lat="45.6687884" lon="-73.5050102"/>
      <trkpt lat="45.6691599" lon="-73.5040397"/>
      <trkpt lat="45.6689789" lon="-73.5029166"/>
      <trkpt lat="45.6684268" lon="-73.4996364"/>
      <trkpt lat="45.6685122" lon="-73.4996111"/>
      <trkpt lat="45.6684268" lon="-73.4996364"/>
      <trkpt lat="45.6685122" lon="-73.4996111"/>
      <trkpt lat="45.6691419" lon="-73.4993953"/>
      <trkpt lat="45.6698312" lon="-73.4991628"/>
      <trkpt lat="45.6691419" lon="-73.4993953"/>
      <trkpt lat="45.6685122" lon="-73.4996111"/>
      <trkpt lat="45.6691419" lon="-73.4993953"/>
      <trkpt lat="45.6685362" lon="-73.4957792"/>
      <trkpt lat="45.6691419" lon="-73.4993953"/>
      <trkpt lat="45.6697003" lon="-73.5026808"/>
      <trkpt lat="45.6691419" lon="-73.4993953"/>
      <trkpt lat="45.6698312" lon="-73.4991628"/>
      <trkpt lat="45.6705356" lon="-73.4989232"/>
      <trkpt lat="45.6710862" lon="-73.5022078"/>
      <trkpt lat="45.6717862" lon="-73.5019642"/>
      <trkpt lat="45.6712424" lon="-73.4986905"/>
      <trkpt lat="45.6719502" lon="-73.4984445"/>
      <trkpt lat="45.672584" lon="-73.4982307"/>
      <trkpt lat="45.6732113" lon="-73.4980242"/>
      <trkpt lat="45.6738329" lon="-73.4977976"/>
      <trkpt lat="45.6744215" lon="-73.4976016"/>
      <trkpt lat="45.6750025" lon="-73.4973968"/>
      <trkpt lat="45.6754167" lon="-73.5007687"/>
      <trkpt lat="45.6750025" lon="-73.4973968"/>
      <trkpt lat="45.6746621" lon="-73.4952636"/>
      <trkpt lat="45.6750025" lon="-73.4973968"/>
      <trkpt lat="45.6753353" lon="-73.4957053"/>
      <trkpt lat="45.6750025" lon="-73.4973968"/>
      <trkpt lat="45.6744215" lon="-73.4976016"/>
      <trkpt lat="45.6749768" lon="-73.500899"/>
      <trkpt lat="45.6744215" lon="-73.4976016"/>
      <trkpt lat="45.673989" lon="-73.4951112"/>
      <trkpt lat="45.6746621" lon="-73.4952636"/>
      <trkpt lat="45.6753353" lon="-73.4957053"/>
      <trkpt lat="45.6746621" lon="-73.4952636"/>
      <trkpt lat="45.673989" lon="-73.4951112"/>
      <trkpt lat="45.6744215" lon="-73.4976016"/>
      <trkpt lat="45.6738329" lon="-73.4977976"/>
      <trkpt lat="45.6743933" lon="-73.5010967"/>
      <trkpt lat="45.6738329" lon="-73.4977976"/>
      <trkpt lat="45.6733848" lon="-73.4951912"/>
      <trkpt lat="45.6738329" lon="-73.4977976"/>
      <trkpt lat="45.6732113" lon="-73.4980242"/>
      <trkpt lat="45.6737695" lon="-73.5013044"/>
      <trkpt lat="45.6732113" lon="-73.4980242"/>
      <trkpt lat="45.6727585" lon="-73.4954085"/>
      <trkpt lat="45.6732113" lon="-73.4980242"/>
      <trkpt lat="45.672584" lon="-73.4982307"/>
      <trkpt lat="45.672138" lon="-73.4956187"/>
      <trkpt lat="45.6727585" lon="-73.4954085"/>
      <trkpt lat="45.6733848" lon="-73.4951912"/>
      <trkpt lat="45.673989" lon="-73.4951112"/>
      <trkpt lat="45.6733848" lon="-73.4951912"/>
      <trkpt lat="45.6727585" lon="-73.4954085"/>
      <trkpt lat="45.672138" lon="-73.4956187"/>
      <trkpt lat="45.672584" lon="-73.4982307"/>
      <trkpt lat="45.6731483" lon="-73.5015084"/>
      <trkpt lat="45.672584" lon="-73.4982307"/>
      <trkpt lat="45.6719502" lon="-73.4984445"/>
      <trkpt lat="45.6712424" lon="-73.4986905"/>
      <trkpt lat="45.6707891" lon="-73.4960204"/>
      <trkpt lat="45.6712424" lon="-73.4986905"/>
      <trkpt lat="45.6717862" lon="-73.5019642"/>
      <trkpt lat="45.6725135" lon="-73.5017286"/>
      <trkpt lat="45.6719502" lon="-73.4984445"/>
      <trkpt lat="45.6714987" lon="-73.4958403"/>
      <trkpt lat="45.6719502" lon="-73.4984445"/>
      <trkpt lat="45.6725135" lon="-73.5017286"/>
      <trkpt lat="45.6731483" lon="-73.5015084"/>
      <trkpt lat="45.6737695" lon="-73.5013044"/>
      <trkpt lat="45.6743933" lon="-73.5010967"/>
      <trkpt lat="45.6737695" lon="-73.5013044"/>
      <trkpt lat="45.6731483" lon="-73.5015084"/>
      <trkpt lat="45.6725135" lon="-73.5017286"/>
      <trkpt lat="45.6753107" lon="-73.5012324"/>
      <trkpt lat="45.675243" lon="-73.5008196"/>
      <trkpt lat="45.6749768" lon="-73.500899"/>
      <trkpt lat="45.6743933" lon="-73.5010967"/>
      <trkpt lat="45.6737695" lon="-73.5013044"/>
      <trkpt lat="45.6731483" lon="-73.5015084"/>
      <trkpt lat="45.6725135" lon="-73.5017286"/>
      <trkpt lat="45.6753107" lon="-73.5012324"/>
      <trkpt lat="45.6754167" lon="-73.5007687"/>
      <trkpt lat="45.675243" lon="-73.5008196"/>
      <trkpt lat="45.6754167" lon="-73.5007687"/>
      <trkpt lat="45.675243" lon="-73.5008196"/>
      <trkpt lat="45.6749768" lon="-73.500899"/>
      <trkpt lat="45.675243" lon="-73.5008196"/>
      <trkpt lat="45.6749768" lon="-73.500899"/>
      <trkpt lat="45.6743933" lon="-73.5010967"/>
      <trkpt lat="45.6749768" lon="-73.500899"/>
      <trkpt lat="45.6743933" lon="-73.5010967"/>
      <trkpt lat="45.6737695" lon="-73.5013044"/>
      <trkpt lat="45.6731483" lon="-73.5015084"/>
      <trkpt lat="45.6725135" lon="-73.5017286"/>
      <trkpt lat="45.6717862" lon="-73.5019642"/>
      <trkpt lat="45.6720908" lon="-73.5037842"/>
      <trkpt lat="45.6717862" lon="-73.5019642"/>
      <trkpt lat="45.6710862" lon="-73.5022078"/>
      <trkpt lat="45.6703905" lon="-73.5024496"/>
      <trkpt lat="45.6710862" lon="-73.5022078"/>
      <trkpt lat="45.6720908" lon="-73.5037842"/>
      <trkpt lat="45.6721382" lon="-73.5040694"/>
      <trkpt lat="45.6714426" lon="-73.5043122"/>
      <trkpt lat="45.6707317" lon="-73.5045602"/>
      <trkpt lat="45.6705463" lon="-73.5033883"/>
      <trkpt lat="45.6707317" lon="-73.5045602"/>
      <trkpt lat="45.6714426" lon="-73.5043122"/>
      <trkpt lat="45.672194" lon="-73.5087655"/>
      <trkpt lat="45.6726773" lon="-73.5116194"/>
      <trkpt lat="45.6726773" lon="-73.5116194"/>
      <trkpt lat="45.672194" lon="-73.5087655"/>
      <trkpt lat="45.6714426" lon="-73.5043122"/>
      <trkpt lat="45.6721382" lon="-73.5040694"/>
      <trkpt lat="45.6769948" lon="-73.5023747"/>
      <trkpt lat="45.6721382" lon="-73.5040694"/>
      <trkpt lat="45.6720908" lon="-73.5037842"/>
      <trkpt lat="45.6710862" lon="-73.5022078"/>
      <trkpt lat="45.6705356" lon="-73.4989232"/>
      <trkpt lat="45.6698312" lon="-73.4991628"/>
      <trkpt lat="45.6703905" lon="-73.5024496"/>
      <trkpt lat="45.6698312" lon="-73.4991628"/>
      <trkpt lat="45.6692789" lon="-73.495888"/>
      <trkpt lat="45.6698312" lon="-73.4991628"/>
      <trkpt lat="45.6705356" lon="-73.4989232"/>
      <trkpt lat="45.6712424" lon="-73.4986905"/>
      <trkpt lat="45.6705356" lon="-73.4989232"/>
      <trkpt lat="45.6712424" lon="-73.4986905"/>
      <trkpt lat="45.6707891" lon="-73.4960204"/>
      <trkpt lat="45.6714987" lon="-73.4958403"/>
      <trkpt lat="45.672138" lon="-73.4956187"/>
      <trkpt lat="45.6714987" lon="-73.4958403"/>
      <trkpt lat="45.6707891" lon="-73.4960204"/>
      <trkpt lat="45.6700294" lon="-73.4959886"/>
      <trkpt lat="45.6705356" lon="-73.4989232"/>
      <trkpt lat="45.6700294" lon="-73.4959886"/>
      <trkpt lat="45.6692789" lon="-73.495888"/>
      <trkpt lat="45.6685362" lon="-73.4957792"/>
      <trkpt lat="45.6678413" lon="-73.4956667"/>
      <trkpt lat="45.667748" lon="-73.4956459"/>
      <trkpt lat="45.6675582" lon="-73.4943689"/>
      <trkpt lat="45.6643285" lon="-73.4940014"/>
      <trkpt lat="45.6675582" lon="-73.4943689"/>
      <trkpt lat="45.669744" lon="-73.4942408"/>
      <trkpt lat="45.6675582" lon="-73.4943689"/>
      <trkpt lat="45.6678413" lon="-73.4956667"/>
      <trkpt lat="45.6685122" lon="-73.4996111"/>
      <trkpt lat="45.6690645" lon="-73.5028879"/>
      <trkpt lat="45.6697003" lon="-73.5026808"/>
      <trkpt lat="45.6703905" lon="-73.5024496"/>
      <trkpt lat="45.6697003" lon="-73.5026808"/>
      <trkpt lat="45.6698467" lon="-73.5035651"/>
      <trkpt lat="45.6697003" lon="-73.5026808"/>
      <trkpt lat="45.6690645" lon="-73.5028879"/>
      <trkpt lat="45.6694072" lon="-73.5048867"/>
      <trkpt lat="45.6705956" lon="-73.5046077"/>
      <trkpt lat="45.6707317" lon="-73.5045602"/>
      <trkpt lat="45.6705956" lon="-73.5046077"/>
      <trkpt lat="45.6694618" lon="-73.5052215"/>
      <trkpt lat="45.6696459" lon="-73.5063361"/>
      <trkpt lat="45.6695613" lon="-73.5063727"/>
      <trkpt lat="45.6696459" lon="-73.5063361"/>
      <trkpt lat="45.6697997" lon="-73.5072713"/>
      <trkpt lat="45.6697272" lon="-73.5072993"/>
      <trkpt lat="45.6697997" lon="-73.5072713"/>
      <trkpt lat="45.6701762" lon="-73.5095017"/>
      <trkpt lat="45.672194" lon="-73.5087655"/>
      <trkpt lat="45.6726956" lon="-73.5073575"/>
      <trkpt lat="45.6726956" lon="-73.5073575"/>
      <trkpt lat="45.672194" lon="-73.5087655"/>
      <trkpt lat="45.6701762" lon="-73.5095017"/>
      <trkpt lat="45.6701028" lon="-73.5095292"/>
      <trkpt lat="45.6701762" lon="-73.5095017"/>
      <trkpt lat="45.6701028" lon="-73.5095292"/>
      <trkpt lat="45.6697272" lon="-73.5072993"/>
      <trkpt lat="45.6695613" lon="-73.5063727"/>
      <trkpt lat="45.6695032" lon="-73.506048"/>
      <trkpt lat="45.6688644" lon="-73.5056509"/>
      <trkpt lat="45.6687885" lon="-73.505718"/>
      <trkpt lat="45.6681191" lon="-73.5063097"/>
      <trkpt lat="45.6664097" lon="-73.5069824"/>
      <trkpt lat="45.6656357" lon="-73.5067097"/>
      <trkpt lat="45.6649241" lon="-73.5066756"/>
      <trkpt lat="45.6642063" lon="-73.5069073"/>
      <trkpt lat="45.6636073" lon="-73.5071227"/>
      <trkpt lat="45.6628308" lon="-73.5073972"/>
      <trkpt lat="45.6605613" lon="-73.5081828"/>
      <trkpt lat="45.6605382" lon="-73.5080134"/>
      <trkpt lat="45.6605613" lon="-73.5081828"/>
      <trkpt lat="45.6584534" lon="-73.5089054"/>
      <trkpt lat="45.6585933" lon="-73.5098283"/>
      <trkpt lat="45.6590986" lon="-73.5131234"/>
      <trkpt lat="45.6596124" lon="-73.5164225"/>
      <trkpt lat="45.6578215" lon="-73.515479"/>
      <trkpt lat="45.6537719" lon="-73.51679"/>
      <trkpt lat="45.6543015" lon="-73.5194321"/>
      <trkpt lat="45.6555081" lon="-73.5212868"/>
      <trkpt lat="45.6576777" lon="-73.5193695"/>
      <trkpt lat="45.6598087" lon="-73.5174977"/>
      <trkpt lat="45.6596124" lon="-73.5164225"/>
      <trkpt lat="45.6598087" lon="-73.5174977"/>
      <trkpt lat="45.6609293" lon="-73.516146"/>
      <trkpt lat="45.6615933" lon="-73.5152429"/>
      <trkpt lat="45.661552" lon="-73.5145823"/>
      <trkpt lat="45.6614904" lon="-73.5141965"/>
      <trkpt lat="45.661552" lon="-73.5145823"/>
      <trkpt lat="45.6619002" lon="-73.5148202"/>
      <trkpt lat="45.6629469" lon="-73.5134088"/>
      <trkpt lat="45.6634235" lon="-73.5140121"/>
      <trkpt lat="45.6625049" lon="-73.5158268"/>
      <trkpt lat="45.6604112" lon="-73.5199159"/>
      <trkpt lat="45.6581657" lon="-73.5208498"/>
      <trkpt lat="45.6566663" lon="-73.5211274"/>
      <trkpt lat="45.6545134" lon="-73.5230422"/>
      <trkpt lat="45.652018" lon="-73.5252436"/>
      <trkpt lat="45.6502931" lon="-73.5267474"/>
      <trkpt lat="45.6491289" lon="-73.5293242"/>
      <trkpt lat="45.6490716" lon="-73.5300282"/>
      <trkpt lat="45.6493178" lon="-73.5306805"/>
      <trkpt lat="45.6489434" lon="-73.5299967"/>
      <trkpt lat="45.6487485" lon="-73.5296059"/>
      <trkpt lat="45.6475464" lon="-73.5268885"/>
      <trkpt lat="45.6476084" lon="-73.5267738"/>
      <trkpt lat="45.6479177" lon="-73.5274181"/>
      <trkpt lat="45.6485743" lon="-73.5288753"/>
      <trkpt lat="45.648858" lon="-73.5295475"/>
      <trkpt lat="45.6490716" lon="-73.5300282"/>
      <trkpt lat="45.6493178" lon="-73.5306805"/>
      <trkpt lat="45.6489434" lon="-73.5299967"/>
      <trkpt lat="45.6476605" lon="-73.5289984"/>
      <trkpt lat="45.6435134" lon="-73.5328099"/>
      <trkpt lat="45.6432061" lon="-73.5322335"/>
      <trkpt lat="45.6474885" lon="-73.5284758"/>
      <trkpt lat="45.6472727" lon="-73.5263296"/>
      <trkpt lat="45.6461957" lon="-73.5238723"/>
      <trkpt lat="45.6446421" lon="-73.5196058"/>
      <trkpt lat="45.6443364" lon="-73.5176652"/>
      <trkpt lat="45.6444349" lon="-73.5176321"/>
      <trkpt lat="45.6446248" lon="-73.5188066"/>
      <trkpt lat="45.6452139" lon="-73.5194241"/>
      <trkpt lat="45.6447579" lon="-73.5195644"/>
      <trkpt lat="45.6446421" lon="-73.5196058"/>
      <trkpt lat="45.6447579" lon="-73.5195644"/>
      <trkpt lat="45.6452139" lon="-73.5194241"/>
      <trkpt lat="45.6463796" lon="-73.5190659"/>
      <trkpt lat="45.647852" lon="-73.5224624"/>
      <trkpt lat="45.64851" lon="-73.5239532"/>
      <trkpt lat="45.64851" lon="-73.5239532"/>
      <trkpt lat="45.647852" lon="-73.5224624"/>
      <trkpt lat="45.6463796" lon="-73.5190659"/>
      <trkpt lat="45.6476566" lon="-73.5186882"/>
      <trkpt lat="45.6471599" lon="-73.5157881"/>
      <trkpt lat="45.6465694" lon="-73.5160604"/>
      <trkpt lat="45.6471599" lon="-73.5157881"/>
      <trkpt lat="45.651157" lon="-73.5144504"/>
      <trkpt lat="45.6531738" lon="-73.5138067"/>
      <trkpt lat="45.6527328" lon="-73.5108796"/>
      <trkpt lat="45.6510841" lon="-73.5114504"/>
      <trkpt lat="45.6510396" lon="-73.5112385"/>
      <trkpt lat="45.6527001" lon="-73.5106624"/>
      <trkpt lat="45.652815" lon="-73.510623"/>
      <trkpt lat="45.6528497" lon="-73.5108397"/>
      <trkpt lat="45.6527328" lon="-73.5108796"/>
      <trkpt lat="45.6527001" lon="-73.5106624"/>
      <trkpt lat="45.652329" lon="-73.5081988"/>
      <trkpt lat="45.6514396" lon="-73.5023607"/>
      <trkpt lat="45.6512639" lon="-73.5012475"/>
      <trkpt lat="45.6513926" lon="-73.5012131"/>
      <trkpt lat="45.6512639" lon="-73.5012475"/>
      <trkpt lat="45.6511459" lon="-73.5004999"/>
      <trkpt lat="45.6512735" lon="-73.5004533"/>
      <trkpt lat="45.6511459" lon="-73.5004999"/>
      <trkpt lat="45.651003" lon="-73.4995947"/>
      <trkpt lat="45.6511326" lon="-73.4995531"/>
      <trkpt lat="45.651003" lon="-73.4995947"/>
      <trkpt lat="45.6508827" lon="-73.4988323"/>
      <trkpt lat="45.6505117" lon="-73.4964157"/>
      <trkpt lat="45.6506377" lon="-73.4963655"/>
      <trkpt lat="45.6505117" lon="-73.4964157"/>
      <trkpt lat="45.650304" lon="-73.4950633"/>
      <trkpt lat="45.6480634" lon="-73.4978984"/>
      <trkpt lat="45.650304" lon="-73.4950633"/>
      <trkpt lat="45.6498135" lon="-73.4928108"/>
      <trkpt lat="45.6499512" lon="-73.4927844"/>
      <trkpt lat="45.6504269" lon="-73.4950209"/>
      <trkpt lat="45.650304" lon="-73.4950633"/>
      <trkpt lat="45.6504269" lon="-73.4950209"/>
      <trkpt lat="45.6506377" lon="-73.4963655"/>
      <trkpt lat="45.6510134" lon="-73.4987917"/>
      <trkpt lat="45.6518525" lon="-73.4985136"/>
      <trkpt lat="45.6510134" lon="-73.4987917"/>
      <trkpt lat="45.6508827" lon="-73.4988323"/>
      <trkpt lat="45.6510134" lon="-73.4987917"/>
      <trkpt lat="45.6511326" lon="-73.4995531"/>
      <trkpt lat="45.6512735" lon="-73.5004533"/>
      <trkpt lat="45.6513926" lon="-73.5012131"/>
      <trkpt lat="45.6515665" lon="-73.502322"/>
      <trkpt lat="45.652454" lon="-73.5081558"/>
      <trkpt lat="45.6533571" lon="-73.5078803"/>
      <trkpt lat="45.6527802" lon="-73.5044584"/>
      <trkpt lat="45.6527481" lon="-73.5025987"/>
      <trkpt lat="45.6549561" lon="-73.5041066"/>
      <trkpt lat="45.6527481" lon="-73.5025987"/>
      <trkpt lat="45.6527631" lon="-73.5012757"/>
      <trkpt lat="45.6527481" lon="-73.5025987"/>
      <trkpt lat="45.6515665" lon="-73.502322"/>
      <trkpt lat="45.6514396" lon="-73.5023607"/>
      <trkpt lat="45.6515665" lon="-73.502322"/>
      <trkpt lat="45.6527481" lon="-73.5025987"/>
      <trkpt lat="45.6527802" lon="-73.5044584"/>
    </trkseg>
  </trk>
</gpx>
