{
"type": "FeatureCollection",
"name": "outremont_rues",
"crs": { "type": "name", "properties": { "name": "urn:ogc:def:crs:OGC:1.3:CRS84" } },
"features": [
{ "type": "Feature", "properties": { "u": 29239079, "v": 124524582, "key": 0, "highway": "secondary", "length_km": 0.020547755272541407, "is_crit_economique": true, "is_crit_securitaire": false }, "geometry": { "type": "LineString", "coordinates": [ [ -73.5968218, 45.5161351 ], [ -73.596814, 45.5162198 ], [ -73.5968137, 45.5162438 ], [ -73.5967568, 45.5163084 ] ] } },
{ "type": "Feature", "properties": { "u": 29239079, "v": 29795235, "key": 0, "highway": "secondary", "length_km": 0.19064489993247846, "is_crit_economique": true, "is_crit_securitaire": false }, "geometry": { "type": "LineString", "coordinates": [ [ -73.5968218, 45.5161351 ], [ -73.5966676, 45.5161378 ], [ -73.5966238, 45.5161362 ], [ -73.5958014, 45.5160743 ], [ -73.5949668, 45.5159687 ], [ -73.5945723, 45.5159131 ], [ -73.5944825, 45.5159005 ], [ -73.5944049, 45.5158884 ] ] } },
{ "type": "Feature", "properties": { "u": 29239079, "v": 4504112773, "key": 0, "highway": "secondary", "length_km": 0.14958940104405274, "is_crit_economique": true, "is_crit_securitaire": false }, "geometry": { "type": "LineString", "coordinates": [ [ -73.5968218, 45.5161351 ], [ -73.5969901, 45.5161302 ], [ -73.5970537, 45.5161285 ], [ -73.5982167, 45.5160975 ], [ -73.5985876, 45.5160786 ], [ -73.5986322, 45.5160749 ], [ -73.5987386, 45.5160659 ] ] } },
{ "type": "Feature", "properties": { "u": 29795235, "v": 31777152, "key": 0, "highway": "residential", "length_km": 0.043349829294537352, "is_crit_economique": false, "is_crit_securitaire": false }, "geometry": { "type": "LineString", "coordinates": [ [ -73.5944049, 45.5158884 ], [ -73.5943677, 45.5159283 ], [ -73.5943304, 45.5159681 ], [ -73.5943062, 45.515994 ], [ -73.5941393, 45.5161725 ], [ -73.5941, 45.5162145 ] ] } },
{ "type": "Feature", "properties": { "u": 29795235, "v": 310090260, "key": 0, "highway": "residential", "length_km": 0.18281149079364042, "is_crit_economique": false, "is_crit_securitaire": false }, "geometry": { "type": "LineString", "coordinates": [ [ -73.5944049, 45.5158884 ], [ -73.5944326, 45.5158226 ], [ -73.5944441, 45.5157952 ], [ -73.5944484, 45.5157709 ], [ -73.5944292, 45.515732 ], [ -73.5943658, 45.5156718 ], [ -73.5939292, 45.5153836 ], [ -73.5938914, 45.5153471 ], [ -73.5938721, 45.5153139 ], [ -73.5938641, 45.5152774 ], [ -73.5938776, 45.5152237 ], [ -73.5939166, 45.5151964 ], [ -73.5939766, 45.5151829 ], [ -73.5940355, 45.51518 ], [ -73.5940944, 45.5151846 ], [ -73.5943895, 45.5152311 ], [ -73.5946265, 45.5152682 ], [ -73.5948464, 45.5153109 ], [ -73.5948996, 45.5153164 ], [ -73.5949961, 45.5153264 ] ] } },
{ "type": "Feature", "properties": { "u": 29795235, "v": 29239079, "key": 0, "highway": "secondary", "length_km": 0.19064489993247849, "is_crit_economique": true, "is_crit_securitaire": false }, "geometry": { "type": "LineString", "coordinates": [ [ -73.5944049, 45.5158884 ], [ -73.5944825, 45.5159005 ], [ -73.5945723, 45.5159131 ], [ -73.5949668, 45.5159687 ], [ -73.5958014, 45.5160743 ], [ -73.5966238, 45.5161362 ], [ -73.5966676, 45.5161378 ], [ -73.5968218, 45.5161351 ] ] } },
{ "type": "Feature", "properties": { "u": 29795235, "v": 5413741435, "key": 0, "highway": "secondary", "length_km": 0.039225081449235609, "is_crit_economique": true, "is_crit_securitaire": false }, "geometry": { "type": "LineString", "coordinates": [ [ -73.5944049, 45.5158884 ], [ -73.5943526, 45.5158492 ], [ -73.5943115, 45.5158446 ], [ -73.594019, 45.5158007 ], [ -73.5939384, 45.5158219 ] ] } },
{ "type": "Feature", "properties": { "u": 29795236, "v": 29795237, "key": 0, "highway": "secondary", "length_km": 0.10870113382503403, "is_crit_economique": true, "is_crit_securitaire": false }, "geometry": { "type": "LineString", "coordinates": [ [ -73.5931958, 45.5157397 ], [ -73.5930307, 45.5157484 ], [ -73.5929963, 45.5157495 ], [ -73.5928995, 45.5157673 ], [ -73.5918987, 45.5160787 ] ] } },
{ "type": "Feature", "properties": { "u": 29795236, "v": 5413741435, "key": 0, "highway": "secondary", "length_km": 0.058758014466738361, "is_crit_economique": true, "is_crit_securitaire": false }, "geometry": { "type": "LineString", "coordinates": [ [ -73.5931958, 45.5157397 ], [ -73.5933023, 45.5157409 ], [ -73.593345, 45.5157425 ], [ -73.5934126, 45.5157449 ], [ -73.5939384, 45.5158219 ] ] } },
{ "type": "Feature", "properties": { "u": 29795237, "v": 596988539, "key": 0, "highway": "secondary", "length_km": 0.1386280588263821, "is_crit_economique": true, "is_crit_securitaire": false }, "geometry": { "type": "LineString", "coordinates": [ [ -73.5918987, 45.5160787 ], [ -73.591722, 45.5161237 ], [ -73.5915779, 45.5161487 ], [ -73.5914399, 45.5161619 ], [ -73.5913693, 45.5161632 ], [ -73.5912189, 45.5161395 ], [ -73.5909326, 45.5160532 ], [ -73.5906856, 45.515955 ], [ -73.5904459, 45.5158567 ], [ -73.5904044, 45.5158394 ], [ -73.590341, 45.515816 ], [ -73.5902655, 45.5157881 ] ] } },
{ "type": "Feature", "properties": { "u": 29795237, "v": 29795236, "key": 0, "highway": "secondary", "length_km": 0.10870113382503405, "is_crit_economique": true, "is_crit_securitaire": false }, "geometry": { "type": "LineString", "coordinates": [ [ -73.5918987, 45.5160787 ], [ -73.5928995, 45.5157673 ], [ -73.5929963, 45.5157495 ], [ -73.5930307, 45.5157484 ], [ -73.5931958, 45.5157397 ] ] } },
{ "type": "Feature", "properties": { "u": 29795237, "v": 661852604, "key": 0, "highway": "residential", "length_km": 0.18365334889200144, "is_crit_economique": false, "is_crit_securitaire": false }, "geometry": { "type": "LineString", "coordinates": [ [ -73.5918987, 45.5160787 ], [ -73.5918426, 45.5160483 ], [ -73.5918191, 45.5160317 ], [ -73.5918051, 45.5160212 ], [ -73.5917966, 45.5160047 ], [ -73.591777, 45.5159731 ], [ -73.5917311, 45.5158761 ], [ -73.591742, 45.5157747 ], [ -73.5918321, 45.5156452 ], [ -73.5922113, 45.5153258 ], [ -73.5922731, 45.5152601 ], [ -73.5923175, 45.5151741 ], [ -73.5923808, 45.5147452 ], [ -73.5923815, 45.5147262 ], [ -73.5923946, 45.5145981 ] ] } },
{ "type": "Feature", "properties": { "u": 31700055, "v": 31700077, "key": 0, "highway": "residential", "length_km": 0.046688946837657112, "is_crit_economique": false, "is_crit_securitaire": false }, "geometry": { "type": "LineString", "coordinates": [ [ -73.6122236, 45.5101943 ], [ -73.6121064, 45.5101417 ], [ -73.6120643, 45.5101261 ], [ -73.6119128, 45.5100582 ], [ -73.6117952, 45.5100056 ], [ -73.6117161, 45.5099713 ] ] } },
{ "type": "Feature", "properties": { "u": 31700055, "v": 300103857, "key": 0, "highway": "tertiary", "length_km": 0.073982163695449299, "is_crit_economique": false, "is_crit_securitaire": false }, "geometry": { "type": "LineString", "coordinates": [ [ -73.6122236, 45.5101943 ], [ -73.6123714, 45.5102633 ], [ -73.6126021, 45.5103681 ], [ -73.6128837, 45.5104943 ], [ -73.6129629, 45.5105295 ], [ -73.6130166, 45.5105597 ] ] } },
{ "type": "Feature", "properties": { "u": 31700076, "v": 31700077, "key": 0, "highway": "residential", "length_km": 0.16322959536891468, "is_crit_economique": false, "is_crit_securitaire": false }, "geometry": { "type": "LineString", "coordinates": [ [ -73.6099728, 45.5091575 ], [ -73.6104058, 45.5093623 ], [ -73.6106118, 45.5094558 ], [ -73.611304, 45.5097809 ], [ -73.6116122, 45.5099246 ], [ -73.6117161, 45.5099713 ] ] } },
{ "type": "Feature", "properties": { "u": 31700077, "v": 31700055, "key": 0, "highway": "residential", "length_km": 0.046688946837657119, "is_crit_economique": false, "is_crit_securitaire": false }, "geometry": { "type": "LineString", "coordinates": [ [ -73.6117161, 45.5099713 ], [ -73.6117952, 45.5100056 ], [ -73.6119128, 45.5100582 ], [ -73.6120643, 45.5101261 ], [ -73.6121064, 45.5101417 ], [ -73.6122236, 45.5101943 ] ] } },
{ "type": "Feature", "properties": { "u": 31700077, "v": 31700076, "key": 0, "highway": "residential", "length_km": 0.16322959536891465, "is_crit_economique": false, "is_crit_securitaire": false }, "geometry": { "type": "LineString", "coordinates": [ [ -73.6117161, 45.5099713 ], [ -73.6116122, 45.5099246 ], [ -73.611304, 45.5097809 ], [ -73.6106118, 45.5094558 ], [ -73.6104058, 45.5093623 ], [ -73.6099728, 45.5091575 ] ] } },
{ "type": "Feature", "properties": { "u": 31700077, "v": 3964969147, "key": 0, "highway": "residential", "length_km": 0.24438066622201202, "is_crit_economique": false, "is_crit_securitaire": false }, "geometry": { "type": "LineString", "coordinates": [ [ -73.6117161, 45.5099713 ], [ -73.6116334, 45.5100459 ], [ -73.6114438, 45.5101789 ], [ -73.6111013, 45.5104107 ], [ -73.610987, 45.5104873 ], [ -73.6108714, 45.510546 ], [ -73.6107093, 45.5106124 ], [ -73.610586, 45.5106711 ], [ -73.6103, 45.5107896 ], [ -73.6101942, 45.51083 ], [ -73.6100232, 45.5108748 ], [ -73.6093145, 45.5110701 ], [ -73.6091075, 45.5111271 ] ] } },
{ "type": "Feature", "properties": { "u": 31700078, "v": 5415829806, "key": 0, "highway": "residential", "length_km": 0.0047417200534080059, "is_crit_economique": false, "is_crit_securitaire": false }, "geometry": { "type": "LineString", "coordinates": [ [ -73.6134882, 45.5108032 ], [ -73.6135199, 45.5107668 ] ] } },
{ "type": "Feature", "properties": { "u": 31700078, "v": 5415829801, "key": 0, "highway": "tertiary", "length_km": 0.029502203617377626, "is_crit_economique": false, "is_crit_securitaire": false }, "geometry": { "type": "LineString", "coordinates": [ [ -73.6134882, 45.5108032 ], [ -73.6137355, 45.5109133 ], [ -73.6138181, 45.5109291 ] ] } },
{ "type": "Feature", "properties": { "u": 31700224, "v": 31700225, "key": 0, "highway": "secondary", "length_km": 0.073293058563532534, "is_crit_economique": true, "is_crit_securitaire": false }, "geometry": { "type": "LineString", "coordinates": [ [ -73.6121351, 45.5135449 ], [ -73.6114035, 45.5139592 ] ] } },
{ "type": "Feature", "properties": { "u": 31700224, "v": 596999744, "key": 0, "highway": "secondary", "length_km": 0.039645645626512419, "is_crit_economique": true, "is_crit_securitaire": false }, "geometry": { "type": "LineString", "coordinates": [ [ -73.6121351, 45.5135449 ], [ -73.6125329, 45.5133226 ] ] } },
{ "type": "Feature", "properties": { "u": 31700224, "v": 213649392, "key": 0, "highway": "residential", "length_km": 0.40168584648012629, "is_crit_economique": false, "is_crit_securitaire": false }, "geometry": { "type": "LineString", "coordinates": [ [ -73.6121351, 45.5135449 ], [ -73.6120486, 45.513495 ], [ -73.6120196, 45.5134781 ], [ -73.6119335, 45.5134351 ], [ -73.6111612, 45.5130829 ], [ -73.6102717, 45.5126701 ], [ -73.6092703, 45.5122054 ], [ -73.6086802, 45.5119316 ], [ -73.6079875, 45.5116101 ], [ -73.6079441, 45.5115875 ], [ -73.6078628, 45.511528 ] ] } },
{ "type": "Feature", "properties": { "u": 31700225, "v": 31700224, "key": 0, "highway": "secondary", "length_km": 0.073293058563532534, "is_crit_economique": true, "is_crit_securitaire": false }, "geometry": { "type": "LineString", "coordinates": [ [ -73.6114035, 45.5139592 ], [ -73.6121351, 45.5135449 ] ] } },
{ "type": "Feature", "properties": { "u": 31700225, "v": 31700226, "key": 0, "highway": "secondary", "length_km": 0.060833542563591435, "is_crit_economique": true, "is_crit_securitaire": false }, "geometry": { "type": "LineString", "coordinates": [ [ -73.6114035, 45.5139592 ], [ -73.6113451, 45.5139901 ], [ -73.6112949, 45.5140145 ], [ -73.611247, 45.5140356 ], [ -73.6112208, 45.5140459 ], [ -73.6111854, 45.5140601 ], [ -73.6111638, 45.5140678 ], [ -73.6111422, 45.5140755 ], [ -73.6110861, 45.5140933 ], [ -73.6110147, 45.514115 ], [ -73.610881, 45.5141517 ], [ -73.610838, 45.514164 ], [ -73.6107074, 45.5142015 ] ] } },
{ "type": "Feature", "properties": { "u": 31700226, "v": 213649418, "key": 0, "highway": "secondary", "length_km": 0.11623545368753611, "is_crit_economique": true, "is_crit_securitaire": false }, "geometry": { "type": "LineString", "coordinates": [ [ -73.6107074, 45.5142015 ], [ -73.6105259, 45.5142535 ], [ -73.6103844, 45.5142922 ], [ -73.6101987, 45.5143433 ], [ -73.6098105, 45.5144501 ], [ -73.6094401, 45.5145497 ], [ -73.6093914, 45.5145636 ], [ -73.6093183, 45.5145825 ] ] } },
{ "type": "Feature", "properties": { "u": 31700226, "v": 31700225, "key": 0, "highway": "secondary", "length_km": 0.060833542563591435, "is_crit_economique": true, "is_crit_securitaire": false }, "geometry": { "type": "LineString", "coordinates": [ [ -73.6107074, 45.5142015 ], [ -73.610838, 45.514164 ], [ -73.610881, 45.5141517 ], [ -73.6110147, 45.514115 ], [ -73.6110861, 45.5140933 ], [ -73.6111422, 45.5140755 ], [ -73.6111638, 45.5140678 ], [ -73.6111854, 45.5140601 ], [ -73.6112208, 45.5140459 ], [ -73.611247, 45.5140356 ], [ -73.6112949, 45.5140145 ], [ -73.6113451, 45.5139901 ], [ -73.6114035, 45.5139592 ] ] } },
{ "type": "Feature", "properties": { "u": 31700228, "v": 221112922, "key": 0, "highway": "residential", "length_km": 0.14270274505070549, "is_crit_economique": false, "is_crit_securitaire": false }, "geometry": { "type": "LineString", "coordinates": [ [ -73.6063294, 45.5152892 ], [ -73.606347, 45.5153657 ], [ -73.6063538, 45.5153922 ], [ -73.6063641, 45.5154289 ], [ -73.6063747, 45.5154596 ], [ -73.6063841, 45.5154801 ], [ -73.6063978, 45.5154993 ], [ -73.6064155, 45.5155169 ], [ -73.6064368, 45.5155324 ], [ -73.6064585, 45.5155438 ], [ -73.6064829, 45.5155562 ], [ -73.6067605, 45.5156825 ], [ -73.6075675, 45.5160455 ], [ -73.6076102, 45.5160646 ], [ -73.6076636, 45.5160885 ] ] } },
{ "type": "Feature", "properties": { "u": 31700228, "v": 31700229, "key": 0, "highway": "secondary", "length_km": 0.087268221329493398, "is_crit_economique": true, "is_crit_securitaire": false }, "geometry": { "type": "LineString", "coordinates": [ [ -73.6063294, 45.5152892 ], [ -73.6062301, 45.5153032 ], [ -73.6061716, 45.5153108 ], [ -73.605865, 45.5153554 ], [ -73.6056387, 45.5154003 ], [ -73.6053677, 45.5154713 ], [ -73.6052538, 45.5155011 ] ] } },
{ "type": "Feature", "properties": { "u": 31700228, "v": 3405413274, "key": 0, "highway": "secondary", "length_km": 0.1774064279201088, "is_crit_economique": true, "is_crit_securitaire": false }, "geometry": { "type": "LineString", "coordinates": [ [ -73.6063294, 45.5152892 ], [ -73.6064028, 45.5152792 ], [ -73.6064685, 45.5152701 ], [ -73.6065183, 45.5152622 ], [ -73.6066216, 45.515246 ], [ -73.6067208, 45.5152298 ], [ -73.6068223, 45.5152119 ], [ -73.6069105, 45.5151968 ], [ -73.6070048, 45.5151788 ], [ -73.6070987, 45.5151599 ], [ -73.6072074, 45.5151364 ], [ -73.6072768, 45.5151218 ], [ -73.607369, 45.5151014 ], [ -73.6074635, 45.5150793 ], [ -73.6075691, 45.5150532 ], [ -73.6076875, 45.5150232 ], [ -73.6078466, 45.5149824 ], [ -73.6080508, 45.5149276 ], [ -73.6084948, 45.5148055 ] ] } },
{ "type": "Feature", "properties": { "u": 31700229, "v": 124504833, "key": 0, "highway": "secondary", "length_km": 0.24958161844781473, "is_crit_economique": true, "is_crit_securitaire": false }, "geometry": { "type": "LineString", "coordinates": [ [ -73.6052538, 45.5155011 ], [ -73.6052007, 45.5155138 ], [ -73.6050524, 45.5155494 ], [ -73.6048313, 45.5155941 ], [ -73.6045326, 45.5156245 ], [ -73.6041587, 45.515654 ], [ -73.6038913, 45.5156781 ], [ -73.6034941, 45.5157122 ], [ -73.6022361, 45.5158145 ], [ -73.6021843, 45.5158173 ], [ -73.602091, 45.5158251 ] ] } },
{ "type": "Feature", "properties": { "u": 31700229, "v": 126092384, "key": 0, "highway": "residential", "length_km": 0.09441993541861432, "is_crit_economique": false, "is_crit_securitaire": false }, "geometry": { "type": "LineString", "coordinates": [ [ -73.6052538, 45.5155011 ], [ -73.6053005, 45.5155688 ], [ -73.6053305, 45.5156064 ], [ -73.6054532, 45.5157576 ], [ -73.6055506, 45.5158758 ], [ -73.6056405, 45.5159815 ], [ -73.605688, 45.5160245 ], [ -73.6057536, 45.5160667 ], [ -73.6058145, 45.5160999 ], [ -73.6059535, 45.5161807 ] ] } },
{ "type": "Feature", "properties": { "u": 31700229, "v": 31700228, "key": 0, "highway": "secondary", "length_km": 0.087268221329493384, "is_crit_economique": true, "is_crit_securitaire": false }, "geometry": { "type": "LineString", "coordinates": [ [ -73.6052538, 45.5155011 ], [ -73.6053677, 45.5154713 ], [ -73.6056387, 45.5154003 ], [ -73.605865, 45.5153554 ], [ -73.6061716, 45.5153108 ], [ -73.6062301, 45.5153032 ], [ -73.6063294, 45.5152892 ] ] } },
{ "type": "Feature", "properties": { "u": 31700231, "v": 391531806, "key": 0, "highway": "secondary", "length_km": 0.033779329020005952, "is_crit_economique": true, "is_crit_securitaire": false }, "geometry": { "type": "LineString", "coordinates": [ [ -73.6011137, 45.5158853 ], [ -73.6006812, 45.5159063 ] ] } },
{ "type": "Feature", "properties": { "u": 31700231, "v": 221108317, "key": 0, "highway": "residential", "length_km": 0.29263933406317272, "is_crit_economique": false, "is_crit_securitaire": false }, "geometry": { "type": "LineString", "coordinates": [ [ -73.6011137, 45.5158853 ], [ -73.601137, 45.5159572 ], [ -73.6011534, 45.515994 ], [ -73.6013829, 45.5165096 ], [ -73.6014162, 45.5165555 ], [ -73.6014643, 45.5165884 ], [ -73.6036771, 45.5175627 ], [ -73.6037371, 45.517589 ] ] } },
{ "type": "Feature", "properties": { "u": 31700231, "v": 124504833, "key": 0, "highway": "secondary", "length_km": 0.076442098737018543, "is_crit_economique": true, "is_crit_securitaire": false }, "geometry": { "type": "LineString", "coordinates": [ [ -73.6011137, 45.5158853 ], [ -73.601507, 45.5158621 ], [ -73.601943, 45.5158357 ], [ -73.602091, 45.5158251 ] ] } },
{ "type": "Feature", "properties": { "u": 31700818, "v": 31700819, "key": 0, "highway": "secondary", "length_km": 0.034417647044635007, "is_crit_economique": true, "is_crit_securitaire": false }, "geometry": { "type": "LineString", "coordinates": [ [ -73.5963052, 45.5168319 ], [ -73.5962701, 45.5168748 ], [ -73.5960742, 45.5170957 ] ] } },
{ "type": "Feature", "properties": { "u": 31700818, "v": 124524582, "key": 0, "highway": "secondary", "length_km": 0.068029045959382306, "is_crit_economique": true, "is_crit_securitaire": false }, "geometry": { "type": "LineString", "coordinates": [ [ -73.5963052, 45.5168319 ], [ -73.5963434, 45.5167931 ], [ -73.5967568, 45.5163084 ] ] } },
{ "type": "Feature", "properties": { "u": 31700819, "v": 31700818, "key": 0, "highway": "secondary", "length_km": 0.034417647044635007, "is_crit_economique": true, "is_crit_securitaire": false }, "geometry": { "type": "LineString", "coordinates": [ [ -73.5960742, 45.5170957 ], [ -73.5962701, 45.5168748 ], [ -73.5963052, 45.5168319 ] ] } },
{ "type": "Feature", "properties": { "u": 31700819, "v": 1851835123, "key": 0, "highway": "secondary", "length_km": 0.080008546759757992, "is_crit_economique": true, "is_crit_securitaire": false }, "geometry": { "type": "LineString", "coordinates": [ [ -73.5960742, 45.5170957 ], [ -73.5958097, 45.5173964 ], [ -73.5955344, 45.5177078 ] ] } },
{ "type": "Feature", "properties": { "u": 31701022, "v": 5515312073, "key": 0, "highway": "residential", "length_km": 0.46163163767591781, "is_crit_economique": false, "is_crit_securitaire": false }, "geometry": { "type": "LineString", "coordinates": [ [ -73.6119538, 45.5237835 ], [ -73.612039, 45.523825 ], [ -73.6120782, 45.5238423 ], [ -73.6122808, 45.5239316 ], [ -73.6124143, 45.5239921 ], [ -73.612537, 45.5240492 ], [ -73.6128358, 45.5241812 ], [ -73.6133496, 45.5244083 ], [ -73.6138271, 45.5246193 ], [ -73.6139321, 45.5246648 ], [ -73.6140174, 45.5246967 ], [ -73.6140867, 45.524711 ], [ -73.6141526, 45.524708 ], [ -73.6143021, 45.5246812 ], [ -73.6144748, 45.5246582 ], [ -73.6146761, 45.5246388 ], [ -73.6147559, 45.5246323 ], [ -73.6149048, 45.5246254 ], [ -73.6149709, 45.5246225 ], [ -73.6150668, 45.5246223 ], [ -73.6151354, 45.5246184 ], [ -73.6151812, 45.5246087 ], [ -73.6152181, 45.5245908 ], [ -73.6152539, 45.5245593 ], [ -73.6158179, 45.5239387 ], [ -73.6159945, 45.5237448 ], [ -73.6161699, 45.5235457 ], [ -73.616396, 45.523298 ], [ -73.6164309, 45.5232554 ] ] } },
{ "type": "Feature", "properties": { "u": 31701022, "v": 221106368, "key": 0, "highway": "residential", "length_km": 0.26260729954793033, "is_crit_economique": false, "is_crit_securitaire": false }, "geometry": { "type": "LineString", "coordinates": [ [ -73.6119538, 45.5237835 ], [ -73.6118605, 45.5237428 ], [ -73.611802, 45.5237187 ], [ -73.6115342, 45.5235992 ], [ -73.6106139, 45.5231888 ], [ -73.6098192, 45.5228345 ], [ -73.6095763, 45.5227248 ], [ -73.609235, 45.5225755 ], [ -73.6091876, 45.5225519 ], [ -73.6091116, 45.5225141 ] ] } },
{ "type": "Feature", "properties": { "u": 31701022, "v": 221106437, "key": 0, "highway": "secondary", "length_km": 0.076207646483739414, "is_crit_economique": true, "is_crit_securitaire": false }, "geometry": { "type": "LineString", "coordinates": [ [ -73.6119538, 45.5237835 ], [ -73.6119159, 45.5238258 ], [ -73.6118889, 45.5238576 ], [ -73.6116956, 45.5240717 ], [ -73.6114888, 45.5243001 ], [ -73.6114694, 45.5243213 ], [ -73.6114318, 45.5243631 ] ] } },
{ "type": "Feature", "properties": { "u": 31701022, "v": 221106435, "key": 0, "highway": "secondary", "length_km": 0.069438850150744372, "is_crit_economique": true, "is_crit_securitaire": false }, "geometry": { "type": "LineString", "coordinates": [ [ -73.6119538, 45.5237835 ], [ -73.6119925, 45.5237411 ], [ -73.6120186, 45.523711 ], [ -73.6122608, 45.5234389 ], [ -73.6124254, 45.5232536 ] ] } },
{ "type": "Feature", "properties": { "u": 31776941, "v": 221101701, "key": 0, "highway": "residential", "length_km": 0.16106500569679894, "is_crit_economique": false, "is_crit_securitaire": false }, "geometry": { "type": "LineString", "coordinates": [ [ -73.5971871, 45.5180617 ], [ -73.5973056, 45.5181123 ], [ -73.5976268, 45.5182577 ], [ -73.5988524, 45.5187936 ], [ -73.5988781, 45.518805 ], [ -73.5989382, 45.5188315 ] ] } },
{ "type": "Feature", "properties": { "u": 31776941, "v": 31776942, "key": 0, "highway": "tertiary", "length_km": 0.079090273172319661, "is_crit_economique": false, "is_crit_securitaire": false }, "geometry": { "type": "LineString", "coordinates": [ [ -73.5971871, 45.5180617 ], [ -73.5972249, 45.5180178 ], [ -73.5976847, 45.5174919 ], [ -73.5977167, 45.5174549 ] ] } },
{ "type": "Feature", "properties": { "u": 31776941, "v": 438111583, "key": 0, "highway": "tertiary", "length_km": 0.074266550305572276, "is_crit_economique": false, "is_crit_securitaire": false }, "geometry": { "type": "LineString", "coordinates": [ [ -73.5971871, 45.5180617 ], [ -73.5971515, 45.5181037 ], [ -73.5969007, 45.5183932 ], [ -73.5967795, 45.5185321 ], [ -73.596757, 45.5185579 ], [ -73.5967387, 45.5185789 ], [ -73.5966936, 45.5186331 ] ] } },
{ "type": "Feature", "properties": { "u": 31776942, "v": 221075916, "key": 0, "highway": "residential", "length_km": 0.070369265892045577, "is_crit_economique": false, "is_crit_securitaire": false }, "geometry": { "type": "LineString", "coordinates": [ [ -73.5977167, 45.5174549 ], [ -73.5976026, 45.5174048 ], [ -73.5973534, 45.5172944 ], [ -73.597294, 45.5172682 ], [ -73.5969526, 45.5171175 ] ] } },
{ "type": "Feature", "properties": { "u": 31776942, "v": 31776943, "key": 0, "highway": "tertiary", "length_km": 0.070138536999218001, "is_crit_economique": false, "is_crit_securitaire": false }, "geometry": { "type": "LineString", "coordinates": [ [ -73.5977167, 45.5174549 ], [ -73.5977579, 45.5174079 ], [ -73.5978767, 45.5172701 ], [ -73.5981449, 45.5169579 ], [ -73.5981773, 45.5169131 ] ] } },
{ "type": "Feature", "properties": { "u": 31776942, "v": 31776941, "key": 0, "highway": "tertiary", "length_km": 0.079090273172319661, "is_crit_economique": false, "is_crit_securitaire": false }, "geometry": { "type": "LineString", "coordinates": [ [ -73.5977167, 45.5174549 ], [ -73.5976847, 45.5174919 ], [ -73.5972249, 45.5180178 ], [ -73.5971871, 45.5180617 ] ] } },
{ "type": "Feature", "properties": { "u": 31776943, "v": 221101697, "key": 0, "highway": "residential", "length_km": 0.16399616859116051, "is_crit_economique": false, "is_crit_securitaire": false }, "geometry": { "type": "LineString", "coordinates": [ [ -73.5981773, 45.5169131 ], [ -73.5982909, 45.5169681 ], [ -73.5986311, 45.517117 ], [ -73.5991981, 45.5173805 ], [ -73.5998927, 45.5176809 ], [ -73.5999509, 45.5177069 ] ] } },
{ "type": "Feature", "properties": { "u": 31776943, "v": 4504112778, "key": 0, "highway": "tertiary", "length_km": 0.070773642861143654, "is_crit_economique": false, "is_crit_securitaire": false }, "geometry": { "type": "LineString", "coordinates": [ [ -73.5981773, 45.5169131 ], [ -73.59821, 45.5168745 ], [ -73.5983761, 45.5166904 ], [ -73.5986381, 45.5163648 ] ] } },
{ "type": "Feature", "properties": { "u": 31776943, "v": 31776942, "key": 0, "highway": "tertiary", "length_km": 0.070138536999218001, "is_crit_economique": false, "is_crit_securitaire": false }, "geometry": { "type": "LineString", "coordinates": [ [ -73.5981773, 45.5169131 ], [ -73.5981449, 45.5169579 ], [ -73.5978767, 45.5172701 ], [ -73.5977579, 45.5174079 ], [ -73.5977167, 45.5174549 ] ] } },
{ "type": "Feature", "properties": { "u": 31777152, "v": 31777153, "key": 0, "highway": "residential", "length_km": 0.079910764064256137, "is_crit_economique": false, "is_crit_securitaire": false }, "geometry": { "type": "LineString", "coordinates": [ [ -73.5941, 45.5162145 ], [ -73.5940583, 45.5162638 ], [ -73.593615, 45.5167948 ], [ -73.5935793, 45.5168336 ] ] } },
{ "type": "Feature", "properties": { "u": 31777152, "v": 29795235, "key": 0, "highway": "residential", "length_km": 0.043349829294537352, "is_crit_economique": false, "is_crit_securitaire": false }, "geometry": { "type": "LineString", "coordinates": [ [ -73.5941, 45.5162145 ], [ -73.5941393, 45.5161725 ], [ -73.5943062, 45.515994 ], [ -73.5943304, 45.5159681 ], [ -73.5943677, 45.5159283 ], [ -73.5944049, 45.5158884 ] ] } },
{ "type": "Feature", "properties": { "u": 31777152, "v": 29795236, "key": 0, "highway": "residential", "length_km": 0.089843832383260977, "is_crit_economique": false, "is_crit_securitaire": false }, "geometry": { "type": "LineString", "coordinates": [ [ -73.5941, 45.5162145 ], [ -73.5940415, 45.516189 ], [ -73.5932804, 45.5158572 ], [ -73.5932672, 45.5158388 ], [ -73.5931958, 45.5157397 ] ] } },
{ "type": "Feature", "properties": { "u": 31777152, "v": 31700819, "key": 0, "highway": "residential", "length_km": 0.18237798961990714, "is_crit_economique": false, "is_crit_securitaire": false }, "geometry": { "type": "LineString", "coordinates": [ [ -73.5941, 45.5162145 ], [ -73.5941813, 45.5162502 ], [ -73.5959558, 45.5170436 ], [ -73.5959937, 45.5170608 ], [ -73.5960742, 45.5170957 ] ] } },
{ "type": "Feature", "properties": { "u": 31777153, "v": 31777152, "key": 0, "highway": "residential", "length_km": 0.079910764064256137, "is_crit_economique": false, "is_crit_securitaire": false }, "geometry": { "type": "LineString", "coordinates": [ [ -73.5935793, 45.5168336 ], [ -73.593615, 45.5167948 ], [ -73.5940583, 45.5162638 ], [ -73.5941, 45.5162145 ] ] } },
{ "type": "Feature", "properties": { "u": 31777153, "v": 29795237, "key": 0, "highway": "residential", "length_km": 0.15560220417749307, "is_crit_economique": false, "is_crit_securitaire": false }, "geometry": { "type": "LineString", "coordinates": [ [ -73.5935793, 45.5168336 ], [ -73.5935106, 45.5168069 ], [ -73.5922299, 45.516242 ], [ -73.5920979, 45.5161802 ], [ -73.5920632, 45.5161649 ], [ -73.5920127, 45.5161397 ], [ -73.5919768, 45.5161213 ], [ -73.5918987, 45.5160787 ] ] } },
{ "type": "Feature", "properties": { "u": 31777153, "v": 1851835123, "key": 0, "highway": "residential", "length_km": 0.18070510456161576, "is_crit_economique": false, "is_crit_securitaire": false }, "geometry": { "type": "LineString", "coordinates": [ [ -73.5935793, 45.5168336 ], [ -73.5936327, 45.5168564 ], [ -73.5954129, 45.5176548 ], [ -73.595439, 45.5176668 ], [ -73.5955344, 45.5177078 ] ] } },
{ "type": "Feature", "properties": { "u": 124502593, "v": 221108180, "key": 0, "highway": "residential", "length_km": 0.068945732562067735, "is_crit_economique": false, "is_crit_securitaire": false }, "geometry": { "type": "LineString", "coordinates": [ [ -73.6021131, 45.5193961 ], [ -73.6021514, 45.5193531 ], [ -73.6025384, 45.5189192 ], [ -73.6025821, 45.5188703 ] ] } },
{ "type": "Feature", "properties": { "u": 124502593, "v": 221101690, "key": 0, "highway": "residential", "length_km": 0.24234255392345491, "is_crit_economique": false, "is_crit_securitaire": false }, "geometry": { "type": "LineString", "coordinates": [ [ -73.6021131, 45.5193961 ], [ -73.6013499, 45.5190642 ], [ -73.6005155, 45.5186906 ], [ -73.5995591, 45.518263 ], [ -73.5994861, 45.5182292 ] ] } },
{ "type": "Feature", "properties": { "u": 124504833, "v": 31700231, "key": 0, "highway": "secondary", "length_km": 0.076442098737018543, "is_crit_economique": true, "is_crit_securitaire": false }, "geometry": { "type": "LineString", "coordinates": [ [ -73.602091, 45.5158251 ], [ -73.601943, 45.5158357 ], [ -73.601507, 45.5158621 ], [ -73.6011137, 45.5158853 ] ] } },
{ "type": "Feature", "properties": { "u": 124504833, "v": 31700229, "key": 0, "highway": "secondary", "length_km": 0.24958161844781476, "is_crit_economique": true, "is_crit_securitaire": false }, "geometry": { "type": "LineString", "coordinates": [ [ -73.602091, 45.5158251 ], [ -73.6021843, 45.5158173 ], [ -73.6022361, 45.5158145 ], [ -73.6034941, 45.5157122 ], [ -73.6038913, 45.5156781 ], [ -73.6041587, 45.515654 ], [ -73.6045326, 45.5156245 ], [ -73.6048313, 45.5155941 ], [ -73.6050524, 45.5155494 ], [ -73.6052007, 45.5155138 ], [ -73.6052538, 45.5155011 ] ] } },
{ "type": "Feature", "properties": { "u": 124524581, "v": 221091287, "key": 0, "highway": "residential", "length_km": 0.069102853993232016, "is_crit_economique": false, "is_crit_securitaire": false }, "geometry": { "type": "LineString", "coordinates": [ [ -73.6044404, 45.5196994 ], [ -73.6043952, 45.5197501 ], [ -73.6043798, 45.5197673 ], [ -73.6040118, 45.5201795 ], [ -73.6039701, 45.5202263 ] ] } },
{ "type": "Feature", "properties": { "u": 124524581, "v": 221091281, "key": 0, "highway": "residential", "length_km": 0.082822862791486956, "is_crit_economique": false, "is_crit_securitaire": false }, "geometry": { "type": "LineString", "coordinates": [ [ -73.6044404, 45.5196994 ], [ -73.6044801, 45.519655 ], [ -73.604508, 45.5196237 ], [ -73.6047165, 45.51939 ], [ -73.6049398, 45.51914 ], [ -73.6049621, 45.519115 ], [ -73.6050041, 45.5190679 ] ] } },
{ "type": "Feature", "properties": { "u": 124524582, "v": 31700818, "key": 0, "highway": "secondary", "length_km": 0.068029045959382306, "is_crit_economique": true, "is_crit_securitaire": false }, "geometry": { "type": "LineString", "coordinates": [ [ -73.5967568, 45.5163084 ], [ -73.5963434, 45.5167931 ], [ -73.5963052, 45.5168319 ] ] } },
{ "type": "Feature", "properties": { "u": 124524582, "v": 29239079, "key": 0, "highway": "secondary", "length_km": 0.020547755272541407, "is_crit_economique": true, "is_crit_securitaire": false }, "geometry": { "type": "LineString", "coordinates": [ [ -73.5967568, 45.5163084 ], [ -73.5968137, 45.5162438 ], [ -73.596814, 45.5162198 ], [ -73.5968218, 45.5161351 ] ] } },
{ "type": "Feature", "properties": { "u": 124524582, "v": 31776943, "key": 0, "highway": "residential", "length_km": 0.12952975875127584, "is_crit_economique": false, "is_crit_securitaire": false }, "geometry": { "type": "LineString", "coordinates": [ [ -73.5967568, 45.5163084 ], [ -73.5968375, 45.5163463 ], [ -73.5977822, 45.516738 ], [ -73.5980682, 45.5168685 ], [ -73.5981773, 45.5169131 ] ] } },
{ "type": "Feature", "properties": { "u": 124531262, "v": 4504112778, "key": 0, "highway": "residential", "length_km": 0.16702060190797355, "is_crit_economique": false, "is_crit_securitaire": false }, "geometry": { "type": "LineString", "coordinates": [ [ -73.6004197, 45.5171932 ], [ -73.6003524, 45.5171628 ], [ -73.59967, 45.5168667 ], [ -73.5993289, 45.5167161 ], [ -73.5990816, 45.5165972 ], [ -73.5989847, 45.5165446 ], [ -73.5988747, 45.5164758 ], [ -73.5987606, 45.5164046 ], [ -73.5986381, 45.5163648 ] ] } },
{ "type": "Feature", "properties": { "u": 124531262, "v": 221101697, "key": 0, "highway": "residential", "length_km": 0.067801684015101921, "is_crit_economique": false, "is_crit_securitaire": false }, "geometry": { "type": "LineString", "coordinates": [ [ -73.6004197, 45.5171932 ], [ -73.6003706, 45.5172463 ], [ -73.599992, 45.5176602 ], [ -73.5999509, 45.5177069 ] ] } },
{ "type": "Feature", "properties": { "u": 124531262, "v": 9680726835, "key": 0, "highway": "residential", "length_km": 0.24381045306621829, "is_crit_economique": false, "is_crit_securitaire": false }, "geometry": { "type": "LineString", "coordinates": [ [ -73.6004197, 45.5171932 ], [ -73.6004868, 45.5172248 ], [ -73.6014089, 45.5176312 ], [ -73.6015033, 45.5176511 ], [ -73.601897, 45.5177105 ], [ -73.6020033, 45.5177346 ], [ -73.6020957, 45.5177696 ], [ -73.6030449, 45.5181915 ], [ -73.603094, 45.5182149 ], [ -73.6031426, 45.5182365 ] ] } },
{ "type": "Feature", "properties": { "u": 126066962, "v": 221091652, "key": 0, "highway": "residential", "length_km": 0.085997237169702159, "is_crit_economique": false, "is_crit_securitaire": false }, "geometry": { "type": "LineString", "coordinates": [ [ -73.6055894, 45.5184122 ], [ -73.6056254, 45.5183719 ], [ -73.6056407, 45.5183547 ], [ -73.6061167, 45.5178215 ], [ -73.6061414, 45.5177938 ], [ -73.6061747, 45.5177565 ] ] } },
{ "type": "Feature", "properties": { "u": 126066962, "v": 221091281, "key": 0, "highway": "residential", "length_km": 0.085996952775440047, "is_crit_economique": false, "is_crit_securitaire": false }, "geometry": { "type": "LineString", "coordinates": [ [ -73.6055894, 45.5184122 ], [ -73.6055554, 45.5184503 ], [ -73.6055295, 45.5184793 ], [ -73.6050883, 45.5189736 ], [ -73.6050544, 45.5190116 ], [ -73.6050041, 45.5190679 ] ] } },
{ "type": "Feature", "properties": { "u": 126068173, "v": 221113274, "key": 0, "highway": "residential", "length_km": 0.030406049638651508, "is_crit_economique": false, "is_crit_securitaire": false }, "geometry": { "type": "LineString", "coordinates": [ [ -73.6146116, 45.5242152 ], [ -73.614371, 45.5241066 ], [ -73.6142835, 45.5240671 ] ] } },
{ "type": "Feature", "properties": { "u": 126073336, "v": 221128630, "key": 0, "highway": "residential", "length_km": 0.086983458457355625, "is_crit_economique": false, "is_crit_securitaire": false }, "geometry": { "type": "LineString", "coordinates": [ [ -73.6133375, 45.5149245 ], [ -73.6133067, 45.514957 ], [ -73.6132785, 45.5149902 ], [ -73.6128158, 45.5155068 ], [ -73.6127807, 45.5155466 ], [ -73.6127444, 45.5155872 ] ] } },
{ "type": "Feature", "properties": { "u": 126073336, "v": 31700225, "key": 0, "highway": "residential", "length_km": 0.18744899805408111, "is_crit_economique": false, "is_crit_securitaire": false }, "geometry": { "type": "LineString", "coordinates": [ [ -73.6133375, 45.5149245 ], [ -73.6132771, 45.5148977 ], [ -73.6131862, 45.514857 ], [ -73.6128779, 45.5147192 ], [ -73.61178, 45.5142276 ], [ -73.611587, 45.5141418 ], [ -73.6115456, 45.5141238 ], [ -73.6115166, 45.5141102 ], [ -73.6114967, 45.5140965 ], [ -73.6114838, 45.5140851 ], [ -73.6114751, 45.5140747 ], [ -73.6114547, 45.5140445 ], [ -73.6114035, 45.5139592 ] ] } },
{ "type": "Feature", "properties": { "u": 126073338, "v": 596999774, "key": 0, "highway": "residential", "length_km": 0.082527588471016003, "is_crit_economique": false, "is_crit_securitaire": false }, "geometry": { "type": "LineString", "coordinates": [ [ -73.6121529, 45.5162515 ], [ -73.6120786, 45.5162847 ], [ -73.6119852, 45.5163236 ], [ -73.6115856, 45.5167713 ], [ -73.6115651, 45.5167941 ], [ -73.611528, 45.516836 ] ] } },
{ "type": "Feature", "properties": { "u": 126073338, "v": 221106400, "key": 0, "highway": "tertiary", "length_km": 0.16833447792545159, "is_crit_economique": false, "is_crit_securitaire": false }, "geometry": { "type": "LineString", "coordinates": [ [ -73.6121529, 45.5162515 ], [ -73.6122564, 45.5162989 ], [ -73.6123853, 45.5163578 ], [ -73.6126122, 45.5164571 ], [ -73.6128894, 45.5165831 ], [ -73.6135207, 45.5168679 ], [ -73.6138881, 45.5170379 ], [ -73.6139154, 45.5170497 ], [ -73.613968, 45.5170725 ] ] } },
{ "type": "Feature", "properties": { "u": 126073338, "v": 221128630, "key": 0, "highway": "residential", "length_km": 0.087068695211576397, "is_crit_economique": false, "is_crit_securitaire": false }, "geometry": { "type": "LineString", "coordinates": [ [ -73.6121529, 45.5162515 ], [ -73.612178, 45.5162224 ], [ -73.6121977, 45.5162018 ], [ -73.6126817, 45.5156604 ], [ -73.612715, 45.515621 ], [ -73.6127444, 45.5155872 ] ] } },
{ "type": "Feature", "properties": { "u": 126092384, "v": 126094068, "key": 0, "highway": "residential", "length_km": 0.10789527915376289, "is_crit_economique": false, "is_crit_securitaire": false }, "geometry": { "type": "LineString", "coordinates": [ [ -73.6059535, 45.5161807 ], [ -73.606017, 45.5162193 ], [ -73.6060391, 45.5162327 ], [ -73.6070157, 45.5167347 ], [ -73.6070659, 45.5167581 ] ] } },
{ "type": "Feature", "properties": { "u": 126092384, "v": 31700229, "key": 0, "highway": "residential", "length_km": 0.094419935418614334, "is_crit_economique": false, "is_crit_securitaire": false }, "geometry": { "type": "LineString", "coordinates": [ [ -73.6059535, 45.5161807 ], [ -73.6058145, 45.5160999 ], [ -73.6057536, 45.5160667 ], [ -73.605688, 45.5160245 ], [ -73.6056405, 45.5159815 ], [ -73.6055506, 45.5158758 ], [ -73.6054532, 45.5157576 ], [ -73.6053305, 45.5156064 ], [ -73.6053005, 45.5155688 ], [ -73.6052538, 45.5155011 ] ] } },
{ "type": "Feature", "properties": { "u": 126094068, "v": 596999794, "key": 0, "highway": "residential", "length_km": 0.13645997242122593, "is_crit_economique": false, "is_crit_securitaire": false }, "geometry": { "type": "LineString", "coordinates": [ [ -73.6070659, 45.5167581 ], [ -73.6071333, 45.5167959 ], [ -73.6083717, 45.5174077 ], [ -73.6084965, 45.5174658 ] ] } },
{ "type": "Feature", "properties": { "u": 126094068, "v": 126092384, "key": 0, "highway": "residential", "length_km": 0.10789527915376289, "is_crit_economique": false, "is_crit_securitaire": false }, "geometry": { "type": "LineString", "coordinates": [ [ -73.6070659, 45.5167581 ], [ -73.6070157, 45.5167347 ], [ -73.6060391, 45.5162327 ], [ -73.606017, 45.5162193 ], [ -73.6059535, 45.5161807 ] ] } },
{ "type": "Feature", "properties": { "u": 126094068, "v": 221112922, "key": 0, "highway": "residential", "length_km": 0.087820681252081437, "is_crit_economique": false, "is_crit_securitaire": false }, "geometry": { "type": "LineString", "coordinates": [ [ -73.6070659, 45.5167581 ], [ -73.6071089, 45.51671 ], [ -73.607573, 45.51619 ], [ -73.6076156, 45.5161423 ], [ -73.6076636, 45.5160885 ] ] } },
{ "type": "Feature", "properties": { "u": 126094068, "v": 221091652, "key": 0, "highway": "residential", "length_km": 0.13094378985830599, "is_crit_economique": false, "is_crit_securitaire": false }, "geometry": { "type": "LineString", "coordinates": [ [ -73.6070659, 45.5167581 ], [ -73.6070314, 45.5167968 ], [ -73.6065628, 45.5173218 ], [ -73.6062513, 45.5176707 ], [ -73.606211, 45.5177159 ], [ -73.6061747, 45.5177565 ] ] } },
{ "type": "Feature", "properties": { "u": 126094069, "v": 221106425, "key": 0, "highway": "secondary", "length_km": 0.12295244199684921, "is_crit_economique": true, "is_crit_securitaire": false }, "geometry": { "type": "LineString", "coordinates": [ [ -73.6149963, 45.520371 ], [ -73.6149616, 45.5204102 ], [ -73.6149374, 45.5204375 ], [ -73.6142625, 45.5211981 ], [ -73.6142176, 45.5212491 ], [ -73.6141634, 45.5213102 ] ] } },
{ "type": "Feature", "properties": { "u": 126094069, "v": 221106420, "key": 0, "highway": "secondary", "length_km": 0.090137656048735776, "is_crit_economique": true, "is_crit_securitaire": false }, "geometry": { "type": "LineString", "coordinates": [ [ -73.6149963, 45.520371 ], [ -73.6150299, 45.5203334 ], [ -73.6150375, 45.5203249 ], [ -73.6150495, 45.5203115 ], [ -73.6151685, 45.5201784 ], [ -73.6152945, 45.5200374 ], [ -73.6155474, 45.5197532 ], [ -73.6155666, 45.5197316 ], [ -73.6156104, 45.519684 ] ] } },
{ "type": "Feature", "properties": { "u": 126094069, "v": 596999769, "key": 0, "highway": "residential", "length_km": 0.088969434498651995, "is_crit_economique": false, "is_crit_securitaire": false }, "geometry": { "type": "LineString", "coordinates": [ [ -73.6149963, 45.520371 ], [ -73.6148949, 45.5203412 ], [ -73.6145424, 45.5202023 ], [ -73.6145015, 45.5201841 ], [ -73.6140126, 45.5199666 ] ] } },
{ "type": "Feature", "properties": { "u": 126094908, "v": 221106437, "key": 0, "highway": "residential", "length_km": 0.10000547419863375, "is_crit_economique": false, "is_crit_securitaire": false }, "geometry": { "type": "LineString", "coordinates": [ [ -73.6125164, 45.5248442 ], [ -73.6121183, 45.5246676 ], [ -73.6119776, 45.5246052 ], [ -73.6115546, 45.5244176 ], [ -73.6115213, 45.5244028 ], [ -73.6114318, 45.5243631 ] ] } },
{ "type": "Feature", "properties": { "u": 126102457, "v": 213649418, "key": 0, "highway": "secondary", "length_km": 0.027348987571232049, "is_crit_economique": true, "is_crit_securitaire": false }, "geometry": { "type": "LineString", "coordinates": [ [ -73.6089907, 45.5146708 ], [ -73.6093183, 45.5145825 ] ] } },
{ "type": "Feature", "properties": { "u": 126102457, "v": 126073338, "key": 0, "highway": "tertiary", "length_km": 0.30575682708709184, "is_crit_economique": false, "is_crit_securitaire": false }, "geometry": { "type": "LineString", "coordinates": [ [ -73.6089907, 45.5146708 ], [ -73.6090335, 45.5147412 ], [ -73.6090539, 45.5147701 ], [ -73.6090701, 45.5147904 ], [ -73.6090782, 45.5148006 ], [ -73.6091173, 45.5148448 ], [ -73.6091474, 45.5148732 ], [ -73.6091736, 45.514894 ], [ -73.6092032, 45.5149133 ], [ -73.6092262, 45.5149267 ], [ -73.6092584, 45.5149433 ], [ -73.6093072, 45.514966 ], [ -73.609773, 45.5151811 ], [ -73.6098571, 45.5152204 ], [ -73.6099319, 45.5152548 ], [ -73.610716, 45.5156075 ], [ -73.6109419, 45.5157123 ], [ -73.6112583, 45.5158519 ], [ -73.6114076, 45.5159178 ], [ -73.6115337, 45.5159732 ], [ -73.6116205, 45.5160121 ], [ -73.6116955, 45.5160457 ], [ -73.611995, 45.5161815 ], [ -73.6120535, 45.5162084 ], [ -73.6121529, 45.5162515 ] ] } },
{ "type": "Feature", "properties": { "u": 126102457, "v": 3405413274, "key": 0, "highway": "secondary", "length_km": 0.041441340782452346, "is_crit_economique": true, "is_crit_securitaire": false }, "geometry": { "type": "LineString", "coordinates": [ [ -73.6089907, 45.5146708 ], [ -73.6089028, 45.5146947 ], [ -73.6088559, 45.5147068 ], [ -73.6086907, 45.5147523 ], [ -73.6084948, 45.5148055 ] ] } },
{ "type": "Feature", "properties": { "u": 209364967, "v": 213955429, "key": 0, "highway": "residential", "length_km": 0.090540206380187199, "is_crit_economique": false, "is_crit_securitaire": false }, "geometry": { "type": "LineString", "coordinates": [ [ -73.6215153, 45.5185851 ], [ -73.6215233, 45.5186536 ], [ -73.6215269, 45.5186681 ], [ -73.6215272, 45.5186828 ], [ -73.6215241, 45.5186974 ], [ -73.6215177, 45.5187115 ], [ -73.6214879, 45.5187475 ], [ -73.6212927, 45.5189666 ], [ -73.6211395, 45.519139 ], [ -73.6210883, 45.5191941 ], [ -73.6210502, 45.5192351 ], [ -73.6210275, 45.5192596 ], [ -73.6209981, 45.5192935 ] ] } },
{ "type": "Feature", "properties": { "u": 209364967, "v": 1765657081, "key": 0, "highway": "residential", "length_km": 0.15567919413296688, "is_crit_economique": false, "is_crit_securitaire": false }, "geometry": { "type": "LineString", "coordinates": [ [ -73.6215153, 45.5185851 ], [ -73.6214634, 45.5185602 ], [ -73.6214257, 45.5185421 ], [ -73.6203018, 45.5180424 ], [ -73.6199839, 45.5178979 ], [ -73.6199107, 45.517866 ], [ -73.6198309, 45.5178321 ] ] } },
{ "type": "Feature", "properties": { "u": 209364977, "v": 437719105, "key": 0, "highway": "secondary", "length_km": 0.087884254394785102, "is_crit_economique": true, "is_crit_securitaire": false }, "geometry": { "type": "LineString", "coordinates": [ [ -73.617995, 45.5170145 ], [ -73.6180328, 45.5169707 ], [ -73.618067, 45.516931 ], [ -73.6185602, 45.5163791 ], [ -73.6185917, 45.5163438 ] ] } },
{ "type": "Feature", "properties": { "u": 209364977, "v": 437788171, "key": 0, "highway": "secondary", "length_km": 0.087091714086506802, "is_crit_economique": true, "is_crit_securitaire": false }, "geometry": { "type": "LineString", "coordinates": [ [ -73.617995, 45.5170145 ], [ -73.6179637, 45.5170495 ], [ -73.6179245, 45.5170934 ], [ -73.6174662, 45.5176061 ], [ -73.6174398, 45.5176356 ], [ -73.6174017, 45.5176783 ] ] } },
{ "type": "Feature", "properties": { "u": 209364977, "v": 209364980, "key": 0, "highway": "residential", "length_km": 0.26255000527651873, "is_crit_economique": false, "is_crit_securitaire": false }, "geometry": { "type": "LineString", "coordinates": [ [ -73.617995, 45.5170145 ], [ -73.6179047, 45.5169736 ], [ -73.6178301, 45.5169409 ], [ -73.6175589, 45.5168216 ], [ -73.6156068, 45.5159422 ], [ -73.6152991, 45.5158012 ], [ -73.6152731, 45.5157908 ], [ -73.615234, 45.5157732 ], [ -73.6151581, 45.5157404 ] ] } },
{ "type": "Feature", "properties": { "u": 209364980, "v": 9943289208, "key": 0, "highway": "residential", "length_km": 0.08824733202058499, "is_crit_economique": false, "is_crit_securitaire": false }, "geometry": { "type": "LineString", "coordinates": [ [ -73.6151581, 45.5157404 ], [ -73.6151899, 45.5157038 ], [ -73.6152143, 45.5156765 ], [ -73.6157174, 45.5151412 ], [ -73.6157394, 45.5151164 ], [ -73.6157759, 45.5150753 ] ] } },
{ "type": "Feature", "properties": { "u": 209364980, "v": 221106405, "key": 0, "highway": "residential", "length_km": 0.087480800887628482, "is_crit_economique": false, "is_crit_securitaire": false }, "geometry": { "type": "LineString", "coordinates": [ [ -73.6151581, 45.5157404 ], [ -73.615127, 45.515776 ], [ -73.6151025, 45.515804 ], [ -73.6146188, 45.5163413 ], [ -73.6145949, 45.5163687 ], [ -73.6145623, 45.5164072 ] ] } },
{ "type": "Feature", "properties": { "u": 209364980, "v": 126073336, "key": 0, "highway": "residential", "length_km": 0.16839218496340508, "is_crit_economique": false, "is_crit_securitaire": false }, "geometry": { "type": "LineString", "coordinates": [ [ -73.6151581, 45.5157404 ], [ -73.615101, 45.5157157 ], [ -73.6150354, 45.5156875 ], [ -73.6149608, 45.5156535 ], [ -73.614702, 45.5155339 ], [ -73.6138032, 45.5151298 ], [ -73.6135333, 45.5150094 ], [ -73.6134752, 45.5149844 ], [ -73.6134403, 45.5149695 ], [ -73.6134052, 45.5149545 ], [ -73.6133375, 45.5149245 ] ] } },
{ "type": "Feature", "properties": { "u": 209365004, "v": 209365009, "key": 0, "highway": "residential", "length_km": 0.093592916459665693, "is_crit_economique": false, "is_crit_securitaire": false }, "geometry": { "type": "LineString", "coordinates": [ [ -73.6227689, 45.5173144 ], [ -73.622802, 45.5172773 ], [ -73.6230219, 45.5170311 ], [ -73.6232454, 45.516781 ], [ -73.6233618, 45.516642 ], [ -73.6233986, 45.5165977 ] ] } },
{ "type": "Feature", "properties": { "u": 209365004, "v": 1765630409, "key": 0, "highway": "residential", "length_km": 0.21803090501561603, "is_crit_economique": false, "is_crit_securitaire": false }, "geometry": { "type": "LineString", "coordinates": [ [ -73.6227689, 45.5173144 ], [ -73.6227294, 45.5173549 ], [ -73.6226763, 45.5174093 ], [ -73.6226375, 45.5174408 ], [ -73.6226019, 45.5174636 ], [ -73.6224978, 45.5175275 ], [ -73.6224331, 45.5175594 ], [ -73.6223301, 45.5176119 ], [ -73.6222482, 45.5176442 ], [ -73.6221829, 45.5176718 ], [ -73.6220741, 45.5177116 ], [ -73.6220224, 45.5177265 ], [ -73.6219686, 45.5177406 ], [ -73.6219192, 45.5177496 ], [ -73.6218722, 45.5177524 ], [ -73.6218267, 45.5177511 ], [ -73.6217838, 45.5177462 ], [ -73.6217457, 45.5177379 ], [ -73.6216762, 45.5177127 ], [ -73.6216241, 45.5176909 ], [ -73.6213821, 45.5175832 ], [ -73.6205002, 45.5172002 ], [ -73.620438, 45.5171594 ] ] } },
{ "type": "Feature", "properties": { "u": 209365004, "v": 1765657080, "key": 0, "highway": "residential", "length_km": 0.16350631689472031, "is_crit_economique": false, "is_crit_securitaire": false }, "geometry": { "type": "LineString", "coordinates": [ [ -73.6227689, 45.5173144 ], [ -73.6227044, 45.5172853 ], [ -73.6226312, 45.5172523 ], [ -73.6211524, 45.5165852 ], [ -73.6210793, 45.5165523 ], [ -73.6210048, 45.516518 ] ] } },
{ "type": "Feature", "properties": { "u": 209365009, "v": 209365013, "key": 0, "highway": "residential", "length_km": 0.093160272986986467, "is_crit_economique": false, "is_crit_securitaire": false }, "geometry": { "type": "LineString", "coordinates": [ [ -73.6233986, 45.5165977 ], [ -73.623433, 45.5165594 ], [ -73.6236967, 45.5162656 ], [ -73.6239975, 45.5159325 ], [ -73.6240363, 45.515889 ] ] } },
{ "type": "Feature", "properties": { "u": 209365009, "v": 209365004, "key": 0, "highway": "residential", "length_km": 0.093592916459665679, "is_crit_economique": false, "is_crit_securitaire": false }, "geometry": { "type": "LineString", "coordinates": [ [ -73.6233986, 45.5165977 ], [ -73.6233618, 45.516642 ], [ -73.6232454, 45.516781 ], [ -73.6230219, 45.5170311 ], [ -73.622802, 45.5172773 ], [ -73.6227689, 45.5173144 ] ] } },
{ "type": "Feature", "properties": { "u": 209365009, "v": 1765657079, "key": 0, "highway": "residential", "length_km": 0.16283770258717892, "is_crit_economique": false, "is_crit_securitaire": false }, "geometry": { "type": "LineString", "coordinates": [ [ -73.6233986, 45.5165977 ], [ -73.6233401, 45.5165741 ], [ -73.6228079, 45.5163394 ], [ -73.622236, 45.5160905 ], [ -73.6217113, 45.5158582 ], [ -73.6216269, 45.515821 ] ] } },
{ "type": "Feature", "properties": { "u": 209365013, "v": 209365009, "key": 0, "highway": "residential", "length_km": 0.093160272986986467, "is_crit_economique": false, "is_crit_securitaire": false }, "geometry": { "type": "LineString", "coordinates": [ [ -73.6240363, 45.515889 ], [ -73.6239975, 45.5159325 ], [ -73.6236967, 45.5162656 ], [ -73.623433, 45.5165594 ], [ -73.6233986, 45.5165977 ] ] } },
{ "type": "Feature", "properties": { "u": 209365013, "v": 209387031, "key": 0, "highway": "residential", "length_km": 0.092546605395614448, "is_crit_economique": false, "is_crit_securitaire": false }, "geometry": { "type": "LineString", "coordinates": [ [ -73.6240363, 45.515889 ], [ -73.6240988, 45.5159177 ], [ -73.6246051, 45.5161498 ], [ -73.6249782, 45.5163153 ], [ -73.6250339, 45.5163407 ] ] } },
{ "type": "Feature", "properties": { "u": 209365013, "v": 1765657078, "key": 0, "highway": "residential", "length_km": 0.16248948284720452, "is_crit_economique": false, "is_crit_securitaire": false }, "geometry": { "type": "LineString", "coordinates": [ [ -73.6240363, 45.515889 ], [ -73.6239741, 45.5158622 ], [ -73.6235078, 45.5156553 ], [ -73.6227716, 45.5153297 ], [ -73.6223446, 45.515147 ], [ -73.6222703, 45.5151119 ] ] } },
{ "type": "Feature", "properties": { "u": 209374806, "v": 213955395, "key": 0, "highway": "tertiary", "length_km": 0.055650150992882647, "is_crit_economique": false, "is_crit_securitaire": false }, "geometry": { "type": "LineString", "coordinates": [ [ -73.6229407, 45.5191312 ], [ -73.6229043, 45.5191266 ], [ -73.6228698, 45.5191219 ], [ -73.622831, 45.5191147 ], [ -73.6227897, 45.5191049 ], [ -73.6226072, 45.5190542 ], [ -73.6225182, 45.5190286 ], [ -73.6224453, 45.5190046 ], [ -73.6223569, 45.5189745 ], [ -73.6222801, 45.5189458 ] ] } },
{ "type": "Feature", "properties": { "u": 209374806, "v": 6100220186, "key": 0, "highway": "tertiary", "length_km": 0.19330249858911866, "is_crit_economique": false, "is_crit_securitaire": false }, "geometry": { "type": "LineString", "coordinates": [ [ -73.6229407, 45.5191312 ], [ -73.622935, 45.5191602 ], [ -73.6229236, 45.5192077 ], [ -73.6229145, 45.5192427 ], [ -73.6229032, 45.5192775 ], [ -73.6228901, 45.5193147 ], [ -73.6228731, 45.5193592 ], [ -73.6228562, 45.5194036 ], [ -73.622832, 45.5194659 ], [ -73.6228096, 45.519516 ], [ -73.6227906, 45.5195535 ], [ -73.6227845, 45.5195648 ], [ -73.6227725, 45.519587 ], [ -73.6227553, 45.5196116 ], [ -73.6227372, 45.5196344 ], [ -73.6227148, 45.5196568 ], [ -73.622687, 45.5196805 ], [ -73.6226435, 45.5197123 ], [ -73.6225805, 45.5197513 ], [ -73.6223774, 45.519864 ], [ -73.6221966, 45.5199629 ], [ -73.6218347, 45.5201606 ], [ -73.6216462, 45.520264 ], [ -73.6214725, 45.5203604 ], [ -73.6214614, 45.5203692 ], [ -73.621446, 45.5203814 ], [ -73.6214133, 45.520411 ] ] } },
{ "type": "Feature", "properties": { "u": 209387023, "v": 664167873, "key": 0, "highway": "residential", "length_km": 0.2612078008920275, "is_crit_economique": false, "is_crit_securitaire": false }, "geometry": { "type": "LineString", "coordinates": [ [ -73.6176151, 45.5130146 ], [ -73.617677, 45.5130413 ], [ -73.6183358, 45.5133364 ], [ -73.6187606, 45.5135263 ], [ -73.6190682, 45.5136626 ], [ -73.6196961, 45.5139438 ], [ -73.6203361, 45.5142304 ], [ -73.6203546, 45.5142387 ], [ -73.6204361, 45.5142831 ] ] } },
{ "type": "Feature", "properties": { "u": 209387023, "v": 209387049, "key": 0, "highway": "residential", "length_km": 0.092361742332377053, "is_crit_economique": false, "is_crit_securitaire": false }, "geometry": { "type": "LineString", "coordinates": [ [ -73.6176151, 45.5130146 ], [ -73.617573, 45.5130581 ], [ -73.6172696, 45.5133873 ], [ -73.6170116, 45.5136782 ], [ -73.6169787, 45.5137153 ] ] } },
{ "type": "Feature", "properties": { "u": 209387031, "v": 209387036, "key": 0, "highway": "residential", "length_km": 0.17886635654203079, "is_crit_economique": false, "is_crit_securitaire": false }, "geometry": { "type": "LineString", "coordinates": [ [ -73.6250339, 45.5163407 ], [ -73.6249877, 45.516392 ], [ -73.6249469, 45.5164389 ], [ -73.6238057, 45.5176997 ] ] } },
{ "type": "Feature", "properties": { "u": 209387031, "v": 209365013, "key": 0, "highway": "residential", "length_km": 0.092546605395614448, "is_crit_economique": false, "is_crit_securitaire": false }, "geometry": { "type": "LineString", "coordinates": [ [ -73.6250339, 45.5163407 ], [ -73.6249782, 45.5163153 ], [ -73.6246051, 45.5161498 ], [ -73.6240988, 45.5159177 ], [ -73.6240363, 45.515889 ] ] } },
{ "type": "Feature", "properties": { "u": 209387036, "v": 209387031, "key": 0, "highway": "residential", "length_km": 0.17886635654203079, "is_crit_economique": false, "is_crit_securitaire": false }, "geometry": { "type": "LineString", "coordinates": [ [ -73.6238057, 45.5176997 ], [ -73.6249469, 45.5164389 ], [ -73.6249877, 45.516392 ], [ -73.6250339, 45.5163407 ] ] } },
{ "type": "Feature", "properties": { "u": 209387046, "v": 209387049, "key": 0, "highway": "residential", "length_km": 0.26196531788160882, "is_crit_economique": false, "is_crit_securitaire": false }, "geometry": { "type": "LineString", "coordinates": [ [ -73.6198045, 45.5149885 ], [ -73.6197179, 45.5149441 ], [ -73.6196797, 45.5149245 ], [ -73.6196555, 45.5149139 ], [ -73.6190896, 45.5146661 ], [ -73.6184169, 45.5143715 ], [ -73.6182709, 45.5143066 ], [ -73.6176587, 45.5140345 ], [ -73.6172089, 45.5138328 ], [ -73.6171061, 45.5137671 ], [ -73.6170475, 45.5137433 ], [ -73.6169787, 45.5137153 ] ] } },
{ "type": "Feature", "properties": { "u": 209387046, "v": 1765657079, "key": 0, "highway": "residential", "length_km": 0.16951539682524774, "is_crit_economique": false, "is_crit_securitaire": false }, "geometry": { "type": "LineString", "coordinates": [ [ -73.6198045, 45.5149885 ], [ -73.6198936, 45.5150329 ], [ -73.6199366, 45.5150543 ], [ -73.6199575, 45.5150638 ], [ -73.6203433, 45.5152387 ], [ -73.6211512, 45.515605 ], [ -73.6212713, 45.5156594 ], [ -73.6215758, 45.5157975 ], [ -73.6216269, 45.515821 ] ] } },
{ "type": "Feature", "properties": { "u": 209387046, "v": 209390670, "key": 0, "highway": "secondary", "length_km": 0.092923769244072474, "is_crit_economique": true, "is_crit_securitaire": false }, "geometry": { "type": "LineString", "coordinates": [ [ -73.6198045, 45.5149885 ], [ -73.6197677, 45.5150294 ], [ -73.61923, 45.5156274 ], [ -73.6192081, 45.5156519 ], [ -73.6191698, 45.515696 ] ] } },
{ "type": "Feature", "properties": { "u": 209387046, "v": 664167873, "key": 0, "highway": "secondary", "length_km": 0.092597382715237819, "is_crit_economique": true, "is_crit_securitaire": false }, "geometry": { "type": "LineString", "coordinates": [ [ -73.6198045, 45.5149885 ], [ -73.6198375, 45.5149521 ], [ -73.6198589, 45.5149284 ], [ -73.620378, 45.5143477 ], [ -73.6204002, 45.5143229 ], [ -73.6204361, 45.5142831 ] ] } },
{ "type": "Feature", "properties": { "u": 209387049, "v": 209390674, "key": 0, "highway": "residential", "length_km": 0.094045695783428557, "is_crit_economique": false, "is_crit_securitaire": false }, "geometry": { "type": "LineString", "coordinates": [ [ -73.6169787, 45.5137153 ], [ -73.6169414, 45.5137574 ], [ -73.6164001, 45.5143683 ], [ -73.6163786, 45.5143934 ], [ -73.6163394, 45.5144326 ] ] } },
{ "type": "Feature", "properties": { "u": 209387049, "v": 209387023, "key": 0, "highway": "residential", "length_km": 0.092361742332377039, "is_crit_economique": false, "is_crit_securitaire": false }, "geometry": { "type": "LineString", "coordinates": [ [ -73.6169787, 45.5137153 ], [ -73.6170116, 45.5136782 ], [ -73.6172696, 45.5133873 ], [ -73.617573, 45.5130581 ], [ -73.6176151, 45.5130146 ] ] } },
{ "type": "Feature", "properties": { "u": 209387049, "v": 1969920684, "key": 0, "highway": "residential", "length_km": 0.10800741529481783, "is_crit_economique": false, "is_crit_securitaire": false }, "geometry": { "type": "LineString", "coordinates": [ [ -73.6169787, 45.5137153 ], [ -73.616912, 45.5136851 ], [ -73.6159012, 45.5132268 ], [ -73.6158557, 45.5132072 ], [ -73.6158136, 45.5131891 ] ] } },
{ "type": "Feature", "properties": { "u": 209387056, "v": 4171683688, "key": 0, "highway": "secondary", "length_km": 0.13234242674099581, "is_crit_economique": true, "is_crit_securitaire": false }, "geometry": { "type": "LineString", "coordinates": [ [ -73.6141684, 45.5124292 ], [ -73.6147837, 45.5121224 ], [ -73.6151525, 45.5119327 ], [ -73.6153507, 45.5118229 ], [ -73.6153923, 45.5117986 ], [ -73.6155322, 45.5117204 ] ] } },
{ "type": "Feature", "properties": { "u": 209387056, "v": 596999735, "key": 0, "highway": "residential", "length_km": 0.060809266514711288, "is_crit_economique": false, "is_crit_securitaire": false }, "geometry": { "type": "LineString", "coordinates": [ [ -73.6141684, 45.5124292 ], [ -73.6142533, 45.5124836 ], [ -73.6143091, 45.5125193 ], [ -73.6147417, 45.5127143 ], [ -73.6148041, 45.512744 ] ] } },
{ "type": "Feature", "properties": { "u": 209387056, "v": 213649409, "key": 0, "highway": "secondary", "length_km": 0.10417002272329005, "is_crit_economique": true, "is_crit_securitaire": false }, "geometry": { "type": "LineString", "coordinates": [ [ -73.6141684, 45.5124292 ], [ -73.6135466, 45.5127542 ], [ -73.6132093, 45.512944 ], [ -73.6131748, 45.512964 ], [ -73.6131074, 45.5129989 ] ] } },
{ "type": "Feature", "properties": { "u": 209387103, "v": 209387147, "key": 0, "highway": "residential", "length_km": 0.082665719658640613, "is_crit_economique": false, "is_crit_securitaire": false }, "geometry": { "type": "LineString", "coordinates": [ [ -73.618023, 45.5057085 ], [ -73.6180682, 45.5056586 ], [ -73.6185434, 45.5051293 ], [ -73.6185902, 45.5050803 ] ] } },
{ "type": "Feature", "properties": { "u": 209387112, "v": 1765657075, "key": 0, "highway": "residential", "length_km": 0.19880275478146661, "is_crit_economique": false, "is_crit_securitaire": false }, "geometry": { "type": "LineString", "coordinates": [ [ -73.6146718, 45.5094536 ], [ -73.6147307, 45.5094801 ], [ -73.6166944, 45.5103549 ], [ -73.6167242, 45.5103686 ], [ -73.6168235, 45.5104142 ] ] } },
{ "type": "Feature", "properties": { "u": 209387112, "v": 209387127, "key": 0, "highway": "residential", "length_km": 0.1013853422371835, "is_crit_economique": false, "is_crit_securitaire": false }, "geometry": { "type": "LineString", "coordinates": [ [ -73.6146718, 45.5094536 ], [ -73.6151457, 45.5089249 ], [ -73.6153213, 45.5087289 ], [ -73.6153656, 45.5086823 ] ] } },
{ "type": "Feature", "properties": { "u": 209387127, "v": 3165394666, "key": 0, "highway": "residential", "length_km": 0.12576531937586669, "is_crit_economique": false, "is_crit_securitaire": false }, "geometry": { "type": "LineString", "coordinates": [ [ -73.6153656, 45.5086823 ], [ -73.6156208, 45.5083985 ], [ -73.616186, 45.5077698 ], [ -73.616226, 45.5077254 ] ] } },
{ "type": "Feature", "properties": { "u": 209387136, "v": 209387140, "key": 0, "highway": "residential", "length_km": 0.086895255462163021, "is_crit_economique": false, "is_crit_securitaire": false }, "geometry": { "type": "LineString", "coordinates": [ [ -73.6168309, 45.5070501 ], [ -73.617387, 45.5064271 ], [ -73.6174223, 45.5063876 ] ] } },
{ "type": "Feature", "properties": { "u": 209387140, "v": 209387103, "key": 0, "highway": "residential", "length_km": 0.088845512326316198, "is_crit_economique": false, "is_crit_securitaire": false }, "geometry": { "type": "LineString", "coordinates": [ [ -73.6174223, 45.5063876 ], [ -73.6179786, 45.5057587 ], [ -73.618023, 45.5057085 ] ] } },
{ "type": "Feature", "properties": { "u": 209390670, "v": 209387046, "key": 0, "highway": "secondary", "length_km": 0.092923769244072474, "is_crit_economique": true, "is_crit_securitaire": false }, "geometry": { "type": "LineString", "coordinates": [ [ -73.6191698, 45.515696 ], [ -73.6192081, 45.5156519 ], [ -73.61923, 45.5156274 ], [ -73.6197677, 45.5150294 ], [ -73.6198045, 45.5149885 ] ] } },
{ "type": "Feature", "properties": { "u": 209390670, "v": 437719105, "key": 0, "highway": "secondary", "length_km": 0.084957459012012848, "is_crit_economique": true, "is_crit_securitaire": false }, "geometry": { "type": "LineString", "coordinates": [ [ -73.6191698, 45.515696 ], [ -73.6191305, 45.5157399 ], [ -73.6190989, 45.5157753 ], [ -73.6186394, 45.5162879 ], [ -73.6185917, 45.5163438 ] ] } },
{ "type": "Feature", "properties": { "u": 209390674, "v": 596999743, "key": 0, "highway": "residential", "length_km": 0.1271068281331981, "is_crit_economique": false, "is_crit_securitaire": false }, "geometry": { "type": "LineString", "coordinates": [ [ -73.6163394, 45.5144326 ], [ -73.6162743, 45.514404 ], [ -73.616228, 45.5143852 ], [ -73.6161966, 45.5143711 ], [ -73.6161692, 45.514357 ], [ -73.6160936, 45.5143119 ], [ -73.6159504, 45.5142483 ], [ -73.6151758, 45.5138981 ], [ -73.6150223, 45.5138277 ], [ -73.6149744, 45.513808 ] ] } },
{ "type": "Feature", "properties": { "u": 209390674, "v": 9943289208, "key": 0, "highway": "residential", "length_km": 0.083883146447866583, "is_crit_economique": false, "is_crit_securitaire": false }, "geometry": { "type": "LineString", "coordinates": [ [ -73.6163394, 45.5144326 ], [ -73.6163043, 45.5144683 ], [ -73.6162815, 45.5144933 ], [ -73.6160113, 45.5148049 ], [ -73.6158221, 45.5150232 ], [ -73.615807, 45.5150403 ], [ -73.6157759, 45.5150753 ] ] } },
{ "type": "Feature", "properties": { "u": 209390674, "v": 209387049, "key": 0, "highway": "residential", "length_km": 0.094045695783428557, "is_crit_economique": false, "is_crit_securitaire": false }, "geometry": { "type": "LineString", "coordinates": [ [ -73.6163394, 45.5144326 ], [ -73.6163786, 45.5143934 ], [ -73.6164001, 45.5143683 ], [ -73.6169414, 45.5137574 ], [ -73.6169787, 45.5137153 ] ] } },
{ "type": "Feature", "properties": { "u": 209390674, "v": 209390670, "key": 0, "highway": "residential", "length_km": 0.26152438018204399, "is_crit_economique": false, "is_crit_securitaire": false }, "geometry": { "type": "LineString", "coordinates": [ [ -73.6163394, 45.5144326 ], [ -73.616409, 45.5144598 ], [ -73.6164494, 45.5144739 ], [ -73.6164639, 45.5144825 ], [ -73.6169724, 45.5147107 ], [ -73.6177022, 45.5150382 ], [ -73.6183203, 45.5153156 ], [ -73.6190341, 45.515636 ], [ -73.6190566, 45.5156461 ], [ -73.6190825, 45.5156577 ], [ -73.6191698, 45.515696 ] ] } },
{ "type": "Feature", "properties": { "u": 209390694, "v": 221106420, "key": 0, "highway": "secondary", "length_km": 0.087345587587145945, "is_crit_economique": true, "is_crit_securitaire": false }, "geometry": { "type": "LineString", "coordinates": [ [ -73.616205, 45.5190181 ], [ -73.6161469, 45.5190827 ], [ -73.6161241, 45.5191083 ], [ -73.6160071, 45.5192394 ], [ -73.615675, 45.5196121 ], [ -73.615651, 45.5196369 ], [ -73.6156104, 45.519684 ] ] } },
{ "type": "Feature", "properties": { "u": 209390694, "v": 596999772, "key": 0, "highway": "residential", "length_km": 0.26438335455766082, "is_crit_economique": false, "is_crit_securitaire": false }, "geometry": { "type": "LineString", "coordinates": [ [ -73.616205, 45.5190181 ], [ -73.616155, 45.5189248 ], [ -73.6161322, 45.5188984 ], [ -73.6158245, 45.5187608 ], [ -73.6157896, 45.5187454 ], [ -73.6155666, 45.518647 ], [ -73.6155471, 45.5186383 ], [ -73.6148313, 45.5183173 ], [ -73.6142571, 45.5180575 ], [ -73.6141356, 45.5180025 ], [ -73.6138799, 45.5178847 ], [ -73.6135275, 45.5177301 ], [ -73.6134971, 45.5177167 ], [ -73.6134292, 45.5176892 ] ] } },
{ "type": "Feature", "properties": { "u": 209390694, "v": 437719778, "key": 0, "highway": "secondary", "length_km": 0.088284707741529828, "is_crit_economique": true, "is_crit_securitaire": false }, "geometry": { "type": "LineString", "coordinates": [ [ -73.616205, 45.5190181 ], [ -73.6162729, 45.5189423 ], [ -73.6163085, 45.5189023 ], [ -73.6167414, 45.5184162 ], [ -73.6167667, 45.5183878 ], [ -73.6168034, 45.5183439 ] ] } },
{ "type": "Feature", "properties": { "u": 209390697, "v": 1765657082, "key": 0, "highway": "residential", "length_km": 0.087104676014627042, "is_crit_economique": false, "is_crit_securitaire": false }, "geometry": { "type": "LineString", "coordinates": [ [ -73.6186355, 45.5191664 ], [ -73.6186656, 45.5191344 ], [ -73.6186869, 45.5191101 ], [ -73.6191791, 45.518561 ], [ -73.619204, 45.5185368 ], [ -73.6192337, 45.5185047 ] ] } },
{ "type": "Feature", "properties": { "u": 209390697, "v": 1765630410, "key": 0, "highway": "residential", "length_km": 0.087429656398053487, "is_crit_economique": false, "is_crit_securitaire": false }, "geometry": { "type": "LineString", "coordinates": [ [ -73.6186355, 45.5191664 ], [ -73.6185963, 45.5192104 ], [ -73.6185684, 45.5192418 ], [ -73.6180828, 45.5197868 ], [ -73.6180413, 45.5198334 ] ] } },
{ "type": "Feature", "properties": { "u": 209390697, "v": 428525931, "key": 0, "highway": "tertiary", "length_km": 0.15757018482470636, "is_crit_economique": false, "is_crit_securitaire": false }, "geometry": { "type": "LineString", "coordinates": [ [ -73.6186355, 45.5191664 ], [ -73.6187165, 45.5192039 ], [ -73.6188301, 45.519255 ], [ -73.6191159, 45.5193842 ], [ -73.6192673, 45.5194518 ], [ -73.6193278, 45.5194787 ], [ -73.6194004, 45.5195114 ], [ -73.619556, 45.5195813 ], [ -73.6197252, 45.5196572 ], [ -73.6202497, 45.5199025 ], [ -73.620302, 45.519929 ], [ -73.6203285, 45.5199414 ] ] } },
{ "type": "Feature", "properties": { "u": 213649392, "v": 31700224, "key": 0, "highway": "residential", "length_km": 0.40168584648012617, "is_crit_economique": false, "is_crit_securitaire": false }, "geometry": { "type": "LineString", "coordinates": [ [ -73.6078628, 45.511528 ], [ -73.6079441, 45.5115875 ], [ -73.6079875, 45.5116101 ], [ -73.6086802, 45.5119316 ], [ -73.6092703, 45.5122054 ], [ -73.6102717, 45.5126701 ], [ -73.6111612, 45.5130829 ], [ -73.6119335, 45.5134351 ], [ -73.6120196, 45.5134781 ], [ -73.6120486, 45.513495 ], [ -73.6121351, 45.5135449 ] ] } },
{ "type": "Feature", "properties": { "u": 213649392, "v": 213649401, "key": 0, "highway": "residential", "length_km": 0.11150084158339174, "is_crit_economique": false, "is_crit_securitaire": false }, "geometry": { "type": "LineString", "coordinates": [ [ -73.6078628, 45.511528 ], [ -73.607799, 45.5115491 ], [ -73.6074202, 45.5116745 ], [ -73.6067247, 45.5119101 ], [ -73.606673, 45.5119434 ], [ -73.6066111, 45.5119973 ] ] } },
{ "type": "Feature", "properties": { "u": 213649392, "v": 3964969147, "key": 0, "highway": "residential", "length_km": 0.10677770185428771, "is_crit_economique": false, "is_crit_securitaire": false }, "geometry": { "type": "LineString", "coordinates": [ [ -73.6078628, 45.511528 ], [ -73.6089055, 45.5111824 ], [ -73.6090036, 45.5111556 ], [ -73.6091075, 45.5111271 ] ] } },
{ "type": "Feature", "properties": { "u": 213649401, "v": 31700226, "key": 0, "highway": "residential", "length_km": 0.41468351705238377, "is_crit_economique": false, "is_crit_securitaire": false }, "geometry": { "type": "LineString", "coordinates": [ [ -73.6066111, 45.5119973 ], [ -73.6066987, 45.5120379 ], [ -73.6073338, 45.5123314 ], [ -73.6084711, 45.512857 ], [ -73.6088274, 45.5130217 ], [ -73.6092141, 45.5131971 ], [ -73.6102288, 45.5136575 ], [ -73.6105061, 45.5137833 ], [ -73.6105703, 45.5138191 ], [ -73.6106134, 45.5138494 ], [ -73.6106449, 45.5138801 ], [ -73.610674, 45.5139208 ], [ -73.6106924, 45.513965 ], [ -73.6106997, 45.5140041 ], [ -73.6107116, 45.5140521 ], [ -73.6107135, 45.5140664 ], [ -73.6107147, 45.5140832 ], [ -73.6107099, 45.5141156 ], [ -73.6107074, 45.5142015 ] ] } },
{ "type": "Feature", "properties": { "u": 213649401, "v": 213649404, "key": 0, "highway": "residential", "length_km": 0.10409447597070358, "is_crit_economique": false, "is_crit_securitaire": false }, "geometry": { "type": "LineString", "coordinates": [ [ -73.6066111, 45.5119973 ], [ -73.6065615, 45.5120564 ], [ -73.6065493, 45.5120709 ], [ -73.6059366, 45.5127368 ], [ -73.6058914, 45.5127859 ] ] } },
{ "type": "Feature", "properties": { "u": 213649401, "v": 213649427, "key": 0, "highway": "residential", "length_km": 0.25534632591259537, "is_crit_economique": false, "is_crit_securitaire": false }, "geometry": { "type": "LineString", "coordinates": [ [ -73.6066111, 45.5119973 ], [ -73.6065263, 45.5119601 ], [ -73.6064529, 45.5119278 ], [ -73.6056324, 45.5115594 ], [ -73.605177, 45.5113549 ], [ -73.605097, 45.5113322 ], [ -73.6049985, 45.5113349 ], [ -73.6049, 45.511365 ], [ -73.6044733, 45.5115446 ], [ -73.604312, 45.511597 ], [ -73.6038455, 45.5117329 ], [ -73.6037515, 45.5117603 ] ] } },
{ "type": "Feature", "properties": { "u": 213649401, "v": 213649392, "key": 0, "highway": "residential", "length_km": 0.11150084158339173, "is_crit_economique": false, "is_crit_securitaire": false }, "geometry": { "type": "LineString", "coordinates": [ [ -73.6066111, 45.5119973 ], [ -73.606673, 45.5119434 ], [ -73.6067247, 45.5119101 ], [ -73.6074202, 45.5116745 ], [ -73.607799, 45.5115491 ], [ -73.6078628, 45.511528 ] ] } },
{ "type": "Feature", "properties": { "u": 213649404, "v": 213649401, "key": 0, "highway": "residential", "length_km": 0.10409447597070358, "is_crit_economique": false, "is_crit_securitaire": false }, "geometry": { "type": "LineString", "coordinates": [ [ -73.6058914, 45.5127859 ], [ -73.6059366, 45.5127368 ], [ -73.6065493, 45.5120709 ], [ -73.6065615, 45.5120564 ], [ -73.6066111, 45.5119973 ] ] } },
{ "type": "Feature", "properties": { "u": 213649404, "v": 213649452, "key": 0, "highway": "residential", "length_km": 0.13967402975836021, "is_crit_economique": false, "is_crit_securitaire": false }, "geometry": { "type": "LineString", "coordinates": [ [ -73.6058914, 45.5127859 ], [ -73.60585, 45.5128292 ], [ -73.6055145, 45.5131799 ], [ -73.6054752, 45.5132114 ], [ -73.6054075, 45.51325 ], [ -73.605327, 45.5132733 ], [ -73.6052301, 45.513294 ], [ -73.6048002, 45.5133466 ], [ -73.6045525, 45.5133772 ], [ -73.6044619, 45.5133897 ] ] } },
{ "type": "Feature", "properties": { "u": 213649404, "v": 213649427, "key": 0, "highway": "residential", "length_km": 0.20342159999875373, "is_crit_economique": false, "is_crit_securitaire": false }, "geometry": { "type": "LineString", "coordinates": [ [ -73.6058914, 45.5127859 ], [ -73.6058307, 45.5127586 ], [ -73.6038142, 45.5118467 ], [ -73.6037943, 45.5118249 ], [ -73.6037515, 45.5117603 ] ] } },
{ "type": "Feature", "properties": { "u": 213649404, "v": 213649928, "key": 0, "highway": "residential", "length_km": 0.10462508569579325, "is_crit_economique": false, "is_crit_securitaire": false }, "geometry": { "type": "LineString", "coordinates": [ [ -73.6058914, 45.5127859 ], [ -73.6059659, 45.5128198 ], [ -73.606962, 45.5132737 ], [ -73.6070171, 45.5132988 ] ] } },
{ "type": "Feature", "properties": { "u": 213649409, "v": 596999744, "key": 0, "highway": "secondary", "length_km": 0.057442442001212242, "is_crit_economique": true, "is_crit_securitaire": false }, "geometry": { "type": "LineString", "coordinates": [ [ -73.6131074, 45.5129989 ], [ -73.6130167, 45.5130484 ], [ -73.612983, 45.5130669 ], [ -73.6125329, 45.5133226 ] ] } },
{ "type": "Feature", "properties": { "u": 213649409, "v": 209387056, "key": 0, "highway": "secondary", "length_km": 0.10417002272329007, "is_crit_economique": true, "is_crit_securitaire": false }, "geometry": { "type": "LineString", "coordinates": [ [ -73.6131074, 45.5129989 ], [ -73.6131748, 45.512964 ], [ -73.6132093, 45.512944 ], [ -73.6135466, 45.5127542 ], [ -73.6141684, 45.5124292 ] ] } },
{ "type": "Feature", "properties": { "u": 213649409, "v": 3964969147, "key": 0, "highway": "residential", "length_km": 0.37497299194178968, "is_crit_economique": false, "is_crit_securitaire": false }, "geometry": { "type": "LineString", "coordinates": [ [ -73.6131074, 45.5129989 ], [ -73.6130264, 45.5129429 ], [ -73.6129944, 45.5129252 ], [ -73.6129495, 45.512905 ], [ -73.6122068, 45.5125687 ], [ -73.6118718, 45.512417 ], [ -73.6116646, 45.5123232 ], [ -73.61153, 45.5122623 ], [ -73.6114516, 45.5122257 ], [ -73.6108922, 45.5119609 ], [ -73.6101008, 45.5115863 ], [ -73.6098615, 45.511473 ], [ -73.6093967, 45.5112597 ], [ -73.609221, 45.5111791 ], [ -73.6091075, 45.5111271 ] ] } },
{ "type": "Feature", "properties": { "u": 213649418, "v": 126102457, "key": 0, "highway": "secondary", "length_km": 0.027348987571232049, "is_crit_economique": true, "is_crit_securitaire": false }, "geometry": { "type": "LineString", "coordinates": [ [ -73.6093183, 45.5145825 ], [ -73.6089907, 45.5146708 ] ] } },
{ "type": "Feature", "properties": { "u": 213649418, "v": 213649928, "key": 0, "highway": "residential", "length_km": 0.23520962938557197, "is_crit_economique": false, "is_crit_securitaire": false }, "geometry": { "type": "LineString", "coordinates": [ [ -73.6093183, 45.5145825 ], [ -73.6092811, 45.5145057 ], [ -73.6092663, 45.5144778 ], [ -73.609246, 45.5144344 ], [ -73.6092008, 45.5143509 ], [ -73.6091761, 45.5143091 ], [ -73.6091397, 45.5142695 ], [ -73.6090861, 45.5142331 ], [ -73.6087787, 45.5140943 ], [ -73.6082108, 45.5138378 ], [ -73.6081612, 45.5138155 ], [ -73.6070774, 45.513326 ], [ -73.6070171, 45.5132988 ] ] } },
{ "type": "Feature", "properties": { "u": 213649418, "v": 31700226, "key": 0, "highway": "secondary", "length_km": 0.11623545368753611, "is_crit_economique": true, "is_crit_securitaire": false }, "geometry": { "type": "LineString", "coordinates": [ [ -73.6093183, 45.5145825 ], [ -73.6093914, 45.5145636 ], [ -73.6094401, 45.5145497 ], [ -73.6098105, 45.5144501 ], [ -73.6101987, 45.5143433 ], [ -73.6103844, 45.5142922 ], [ -73.6105259, 45.5142535 ], [ -73.6107074, 45.5142015 ] ] } },
{ "type": "Feature", "properties": { "u": 213649427, "v": 213649430, "key": 0, "highway": "residential", "length_km": 0.13556336113896555, "is_crit_economique": false, "is_crit_securitaire": false }, "geometry": { "type": "LineString", "coordinates": [ [ -73.6037515, 45.5117603 ], [ -73.6036478, 45.511787 ], [ -73.6025485, 45.5120698 ], [ -73.6022789, 45.5121422 ], [ -73.6021206, 45.5121847 ] ] } },
{ "type": "Feature", "properties": { "u": 213649427, "v": 213649401, "key": 0, "highway": "residential", "length_km": 0.25534632591259537, "is_crit_economique": false, "is_crit_securitaire": false }, "geometry": { "type": "LineString", "coordinates": [ [ -73.6037515, 45.5117603 ], [ -73.6038455, 45.5117329 ], [ -73.604312, 45.511597 ], [ -73.6044733, 45.5115446 ], [ -73.6049, 45.511365 ], [ -73.6049985, 45.5113349 ], [ -73.605097, 45.5113322 ], [ -73.605177, 45.5113549 ], [ -73.6056324, 45.5115594 ], [ -73.6064529, 45.5119278 ], [ -73.6065263, 45.5119601 ], [ -73.6066111, 45.5119973 ] ] } },
{ "type": "Feature", "properties": { "u": 213649427, "v": 213649404, "key": 0, "highway": "residential", "length_km": 0.20342159999875373, "is_crit_economique": false, "is_crit_securitaire": false }, "geometry": { "type": "LineString", "coordinates": [ [ -73.6037515, 45.5117603 ], [ -73.6037943, 45.5118249 ], [ -73.6038142, 45.5118467 ], [ -73.6058307, 45.5127586 ], [ -73.6058914, 45.5127859 ] ] } },
{ "type": "Feature", "properties": { "u": 213649430, "v": 213649435, "key": 0, "highway": "residential", "length_km": 0.092847213220792563, "is_crit_economique": false, "is_crit_securitaire": false }, "geometry": { "type": "LineString", "coordinates": [ [ -73.6021206, 45.5121847 ], [ -73.6019833, 45.5122233 ], [ -73.6011158, 45.5124674 ], [ -73.6010762, 45.5124844 ], [ -73.601023, 45.5125072 ] ] } },
{ "type": "Feature", "properties": { "u": 213649430, "v": 213649445, "key": 0, "highway": "residential", "length_km": 0.10150554625128207, "is_crit_economique": false, "is_crit_securitaire": false }, "geometry": { "type": "LineString", "coordinates": [ [ -73.6021206, 45.5121847 ], [ -73.6020248, 45.5121285 ], [ -73.6019105, 45.5120615 ], [ -73.6011064, 45.5116932 ], [ -73.6010494, 45.5116671 ] ] } },
{ "type": "Feature", "properties": { "u": 213649430, "v": 213649427, "key": 0, "highway": "residential", "length_km": 0.13556336113896555, "is_crit_economique": false, "is_crit_securitaire": false }, "geometry": { "type": "LineString", "coordinates": [ [ -73.6021206, 45.5121847 ], [ -73.6022789, 45.5121422 ], [ -73.6025485, 45.5120698 ], [ -73.6036478, 45.511787 ], [ -73.6037515, 45.5117603 ] ] } },
{ "type": "Feature", "properties": { "u": 213649430, "v": 213649452, "key": 0, "highway": "residential", "length_km": 0.22870325399874974, "is_crit_economique": false, "is_crit_securitaire": false }, "geometry": { "type": "LineString", "coordinates": [ [ -73.6021206, 45.5121847 ], [ -73.6022183, 45.5122442 ], [ -73.6022923, 45.5122907 ], [ -73.6041927, 45.5131433 ], [ -73.6042577, 45.513176 ], [ -73.6043055, 45.5132067 ], [ -73.6043434, 45.5132415 ], [ -73.6043804, 45.5132878 ], [ -73.6044272, 45.5133464 ], [ -73.6044619, 45.5133897 ] ] } },
{ "type": "Feature", "properties": { "u": 213649435, "v": 213649471, "key": 0, "highway": "residential", "length_km": 0.016447842109795323, "is_crit_economique": false, "is_crit_securitaire": false }, "geometry": { "type": "LineString", "coordinates": [ [ -73.601023, 45.5125072 ], [ -73.601056, 45.5126533 ] ] } },
{ "type": "Feature", "properties": { "u": 213649435, "v": 213649468, "key": 0, "highway": "residential", "length_km": 0.088585179829568067, "is_crit_economique": false, "is_crit_securitaire": false }, "geometry": { "type": "LineString", "coordinates": [ [ -73.601023, 45.5125072 ], [ -73.6009608, 45.5125003 ], [ -73.6008443, 45.5124874 ], [ -73.6001374, 45.5122 ], [ -73.6000711, 45.5121809 ], [ -73.6000091, 45.5121631 ] ] } },
{ "type": "Feature", "properties": { "u": 213649435, "v": 213649430, "key": 0, "highway": "residential", "length_km": 0.092847213220792549, "is_crit_economique": false, "is_crit_securitaire": false }, "geometry": { "type": "LineString", "coordinates": [ [ -73.601023, 45.5125072 ], [ -73.6010762, 45.5124844 ], [ -73.6011158, 45.5124674 ], [ -73.6019833, 45.5122233 ], [ -73.6021206, 45.5121847 ] ] } },
{ "type": "Feature", "properties": { "u": 213649445, "v": 213649430, "key": 0, "highway": "residential", "length_km": 0.10150554625128207, "is_crit_economique": false, "is_crit_securitaire": false }, "geometry": { "type": "LineString", "coordinates": [ [ -73.6010494, 45.5116671 ], [ -73.6011064, 45.5116932 ], [ -73.6019105, 45.5120615 ], [ -73.6020248, 45.5121285 ], [ -73.6021206, 45.5121847 ] ] } },
{ "type": "Feature", "properties": { "u": 213649452, "v": 213649987, "key": 0, "highway": "residential", "length_km": 0.096103043076198019, "is_crit_economique": false, "is_crit_securitaire": false }, "geometry": { "type": "LineString", "coordinates": [ [ -73.6044619, 45.5133897 ], [ -73.6045155, 45.5134419 ], [ -73.6045439, 45.5134712 ], [ -73.6045974, 45.5135291 ], [ -73.6047755, 45.5137418 ], [ -73.6048115, 45.5138108 ], [ -73.6048149, 45.5138573 ], [ -73.6048099, 45.5138895 ], [ -73.6047858, 45.5139221 ], [ -73.604733, 45.5139466 ], [ -73.6045846, 45.5139995 ], [ -73.6045324, 45.5140198 ], [ -73.6044763, 45.514061 ] ] } },
{ "type": "Feature", "properties": { "u": 213649452, "v": 213649404, "key": 0, "highway": "residential", "length_km": 0.13967402975836021, "is_crit_economique": false, "is_crit_securitaire": false }, "geometry": { "type": "LineString", "coordinates": [ [ -73.6044619, 45.5133897 ], [ -73.6045525, 45.5133772 ], [ -73.6048002, 45.5133466 ], [ -73.6052301, 45.513294 ], [ -73.605327, 45.5132733 ], [ -73.6054075, 45.51325 ], [ -73.6054752, 45.5132114 ], [ -73.6055145, 45.5131799 ], [ -73.60585, 45.5128292 ], [ -73.6058914, 45.5127859 ] ] } },
{ "type": "Feature", "properties": { "u": 213649452, "v": 213649963, "key": 0, "highway": "residential", "length_km": 0.13843904265491308, "is_crit_economique": false, "is_crit_securitaire": false }, "geometry": { "type": "LineString", "coordinates": [ [ -73.6044619, 45.5133897 ], [ -73.604403, 45.5134 ], [ -73.6043196, 45.5134194 ], [ -73.604185, 45.5134533 ], [ -73.6039015, 45.5135388 ], [ -73.6036937, 45.5135939 ], [ -73.6035578, 45.5136069 ], [ -73.6034355, 45.5135978 ], [ -73.6029336, 45.5135376 ], [ -73.602749, 45.5135299 ] ] } },
{ "type": "Feature", "properties": { "u": 213649452, "v": 213649430, "key": 0, "highway": "residential", "length_km": 0.22870325399874977, "is_crit_economique": false, "is_crit_securitaire": false }, "geometry": { "type": "LineString", "coordinates": [ [ -73.6044619, 45.5133897 ], [ -73.6044272, 45.5133464 ], [ -73.6043804, 45.5132878 ], [ -73.6043434, 45.5132415 ], [ -73.6043055, 45.5132067 ], [ -73.6042577, 45.513176 ], [ -73.6041927, 45.5131433 ], [ -73.6022923, 45.5122907 ], [ -73.6022183, 45.5122442 ], [ -73.6021206, 45.5121847 ] ] } },
{ "type": "Feature", "properties": { "u": 213649468, "v": 3733743016, "key": 0, "highway": "residential", "length_km": 0.21624279669854735, "is_crit_economique": false, "is_crit_securitaire": false }, "geometry": { "type": "LineString", "coordinates": [ [ -73.6000091, 45.5121631 ], [ -73.6000259, 45.5121141 ], [ -73.6000375, 45.51208 ], [ -73.6000629, 45.512006 ], [ -73.6002838, 45.5111925 ], [ -73.6003332, 45.5109949 ], [ -73.6003602, 45.5108642 ], [ -73.6003839, 45.5106149 ], [ -73.6003819, 45.5105434 ], [ -73.6003631, 45.5104645 ], [ -73.6003103, 45.5103283 ], [ -73.60025, 45.5102605 ] ] } },
{ "type": "Feature", "properties": { "u": 213649468, "v": 9307175743, "key": 0, "highway": "residential", "length_km": 0.19329116252567133, "is_crit_economique": false, "is_crit_securitaire": false }, "geometry": { "type": "LineString", "coordinates": [ [ -73.6000091, 45.5121631 ], [ -73.5999441, 45.5122337 ], [ -73.5999298, 45.5122492 ], [ -73.59972, 45.51247 ], [ -73.5991184, 45.5130847 ], [ -73.5986134, 45.5136001 ] ] } },
{ "type": "Feature", "properties": { "u": 213649468, "v": 213649435, "key": 0, "highway": "residential", "length_km": 0.088585179829568067, "is_crit_economique": false, "is_crit_securitaire": false }, "geometry": { "type": "LineString", "coordinates": [ [ -73.6000091, 45.5121631 ], [ -73.6000711, 45.5121809 ], [ -73.6001374, 45.5122 ], [ -73.6008443, 45.5124874 ], [ -73.6009608, 45.5125003 ], [ -73.601023, 45.5125072 ] ] } },
{ "type": "Feature", "properties": { "u": 213649471, "v": 213649435, "key": 0, "highway": "residential", "length_km": 0.016447842109795323, "is_crit_economique": false, "is_crit_securitaire": false }, "geometry": { "type": "LineString", "coordinates": [ [ -73.601056, 45.5126533 ], [ -73.601023, 45.5125072 ] ] } },
{ "type": "Feature", "properties": { "u": 213649471, "v": 213649963, "key": 0, "highway": "residential", "length_km": 0.16654768335751857, "is_crit_economique": false, "is_crit_securitaire": false }, "geometry": { "type": "LineString", "coordinates": [ [ -73.601056, 45.5126533 ], [ -73.6011816, 45.5127109 ], [ -73.6026478, 45.513383 ], [ -73.6026662, 45.5133988 ], [ -73.6026871, 45.5134166 ], [ -73.6027125, 45.5134562 ], [ -73.602749, 45.5135299 ] ] } },
{ "type": "Feature", "properties": { "u": 213649471, "v": 4514524184, "key": 0, "highway": "residential", "length_km": 0.19169097972926619, "is_crit_economique": false, "is_crit_securitaire": false }, "geometry": { "type": "LineString", "coordinates": [ [ -73.601056, 45.5126533 ], [ -73.6009919, 45.5127209 ], [ -73.6007294, 45.5129978 ], [ -73.6004704, 45.5132866 ], [ -73.6003715, 45.5133918 ], [ -73.6002278, 45.5135452 ], [ -73.6001439, 45.513636 ], [ -73.5997583, 45.5140506 ], [ -73.5997141, 45.5140981 ] ] } },
{ "type": "Feature", "properties": { "u": 213649485, "v": 4514524184, "key": 0, "highway": "residential", "length_km": 0.074118249323199645, "is_crit_economique": false, "is_crit_securitaire": false }, "geometry": { "type": "LineString", "coordinates": [ [ -73.6005349, 45.5144271 ], [ -73.6003955, 45.5143988 ], [ -73.600326, 45.5143766 ], [ -73.5998085, 45.51414 ], [ -73.5997627, 45.5141213 ], [ -73.5997141, 45.5140981 ] ] } },
{ "type": "Feature", "properties": { "u": 213649485, "v": 5415927950, "key": 0, "highway": "residential", "length_km": 0.16572912608381971, "is_crit_economique": false, "is_crit_securitaire": false }, "geometry": { "type": "LineString", "coordinates": [ [ -73.6005349, 45.5144271 ], [ -73.6006433, 45.514374 ], [ -73.6006559, 45.5143684 ], [ -73.6021344, 45.5137146 ], [ -73.6022808, 45.5136624 ], [ -73.6023407, 45.513641 ] ] } },
{ "type": "Feature", "properties": { "u": 213649485, "v": 213649488, "key": 0, "highway": "residential", "length_km": 0.048630800569689332, "is_crit_economique": false, "is_crit_securitaire": false }, "geometry": { "type": "LineString", "coordinates": [ [ -73.6005349, 45.5144271 ], [ -73.6004212, 45.5144834 ], [ -73.6001486, 45.5146174 ], [ -73.6000354, 45.5146884 ] ] } },
{ "type": "Feature", "properties": { "u": 213649488, "v": 213649485, "key": 0, "highway": "residential", "length_km": 0.048630800569689339, "is_crit_economique": false, "is_crit_securitaire": false }, "geometry": { "type": "LineString", "coordinates": [ [ -73.6000354, 45.5146884 ], [ -73.6001486, 45.5146174 ], [ -73.6004212, 45.5144834 ], [ -73.6005349, 45.5144271 ] ] } },
{ "type": "Feature", "properties": { "u": 213649488, "v": 310090260, "key": 0, "highway": "residential", "length_km": 0.40931903536891096, "is_crit_economique": false, "is_crit_securitaire": false }, "geometry": { "type": "LineString", "coordinates": [ [ -73.6000354, 45.5146884 ], [ -73.5999894, 45.5147114 ], [ -73.5995082, 45.5149522 ], [ -73.5993206, 45.5150197 ], [ -73.5983395, 45.5152489 ], [ -73.5981332, 45.5152779 ], [ -73.5979287, 45.5152815 ], [ -73.5978916, 45.5152806 ], [ -73.5972005, 45.5152641 ], [ -73.5970374, 45.5152651 ], [ -73.5969389, 45.5152703 ], [ -73.596793, 45.5152819 ], [ -73.5964496, 45.5153162 ], [ -73.595942, 45.5153625 ], [ -73.5956229, 45.5153675 ], [ -73.5953264, 45.5153571 ], [ -73.5951087, 45.5153394 ], [ -73.5950663, 45.5153345 ], [ -73.5949961, 45.5153264 ] ] } },
{ "type": "Feature", "properties": { "u": 213649866, "v": 213649886, "key": 0, "highway": "residential", "length_km": 0.15848931630544735, "is_crit_economique": false, "is_crit_securitaire": false }, "geometry": { "type": "LineString", "coordinates": [ [ -73.6010447, 45.514647 ], [ -73.6011552, 45.5146587 ], [ -73.6012216, 45.5146704 ], [ -73.6012746, 45.5147008 ], [ -73.6012959, 45.5147353 ], [ -73.6013509, 45.5152921 ], [ -73.601349, 45.5153274 ], [ -73.6013381, 45.5153588 ], [ -73.6013052, 45.515386 ], [ -73.6012411, 45.5154235 ], [ -73.6010347, 45.5155249 ], [ -73.6007635, 45.5156581 ], [ -73.6007122, 45.5156833 ], [ -73.6006644, 45.5157068 ] ] } },
{ "type": "Feature", "properties": { "u": 213649866, "v": 213649485, "key": 0, "highway": "residential", "length_km": 0.046917930477172347, "is_crit_economique": false, "is_crit_securitaire": false }, "geometry": { "type": "LineString", "coordinates": [ [ -73.6010447, 45.514647 ], [ -73.6008789, 45.5145703 ], [ -73.6007236, 45.5144985 ], [ -73.600616, 45.5144439 ], [ -73.6005349, 45.5144271 ] ] } },
{ "type": "Feature", "properties": { "u": 213649874, "v": 213649866, "key": 0, "highway": "residential", "length_km": 0.04240043764740304, "is_crit_economique": false, "is_crit_securitaire": false }, "geometry": { "type": "LineString", "coordinates": [ [ -73.6005024, 45.5146786 ], [ -73.6005704, 45.5146747 ], [ -73.6008495, 45.5146584 ], [ -73.6010447, 45.514647 ] ] } },
{ "type": "Feature", "properties": { "u": 213649874, "v": 213649488, "key": 0, "highway": "residential", "length_km": 0.036416784570161551, "is_crit_economique": false, "is_crit_securitaire": false }, "geometry": { "type": "LineString", "coordinates": [ [ -73.6005024, 45.5146786 ], [ -73.6002151, 45.5146889 ], [ -73.6000354, 45.5146884 ] ] } },
{ "type": "Feature", "properties": { "u": 213649886, "v": 213649866, "key": 0, "highway": "residential", "length_km": 0.15848931630544733, "is_crit_economique": false, "is_crit_securitaire": false }, "geometry": { "type": "LineString", "coordinates": [ [ -73.6006644, 45.5157068 ], [ -73.6007122, 45.5156833 ], [ -73.6007635, 45.5156581 ], [ -73.6010347, 45.5155249 ], [ -73.6012411, 45.5154235 ], [ -73.6013052, 45.515386 ], [ -73.6013381, 45.5153588 ], [ -73.601349, 45.5153274 ], [ -73.6013509, 45.5152921 ], [ -73.6012959, 45.5147353 ], [ -73.6012746, 45.5147008 ], [ -73.6012216, 45.5146704 ], [ -73.6011552, 45.5146587 ], [ -73.6010447, 45.514647 ] ] } },
{ "type": "Feature", "properties": { "u": 213649886, "v": 391531806, "key": 0, "highway": "residential", "length_km": 0.022273883572556153, "is_crit_economique": false, "is_crit_securitaire": false }, "geometry": { "type": "LineString", "coordinates": [ [ -73.6006644, 45.5157068 ], [ -73.6006602, 45.5157428 ], [ -73.6006693, 45.5157967 ], [ -73.6006721, 45.515825 ], [ -73.6006812, 45.5159063 ] ] } },
{ "type": "Feature", "properties": { "u": 213649886, "v": 213649874, "key": 0, "highway": "residential", "length_km": 0.11551727969493217, "is_crit_economique": false, "is_crit_securitaire": false }, "geometry": { "type": "LineString", "coordinates": [ [ -73.6006644, 45.5157068 ], [ -73.6006211, 45.5156454 ], [ -73.6006012, 45.5154941 ], [ -73.600562, 45.515149 ], [ -73.6005078, 45.5147216 ], [ -73.6005024, 45.5146786 ] ] } },
{ "type": "Feature", "properties": { "u": 213649928, "v": 213649936, "key": 0, "highway": "residential", "length_km": 0.13213784616743443, "is_crit_economique": false, "is_crit_securitaire": false }, "geometry": { "type": "LineString", "coordinates": [ [ -73.6070171, 45.5132988 ], [ -73.6069688, 45.5133538 ], [ -73.6066674, 45.5136703 ], [ -73.6066251, 45.5137066 ], [ -73.6065523, 45.5137475 ], [ -73.6062817, 45.5138377 ], [ -73.6061371, 45.5138758 ], [ -73.6059547, 45.5139007 ], [ -73.6056981, 45.5139323 ] ] } },
{ "type": "Feature", "properties": { "u": 213649928, "v": 213649404, "key": 0, "highway": "residential", "length_km": 0.10462508569579325, "is_crit_economique": false, "is_crit_securitaire": false }, "geometry": { "type": "LineString", "coordinates": [ [ -73.6070171, 45.5132988 ], [ -73.606962, 45.5132737 ], [ -73.6059659, 45.5128198 ], [ -73.6058914, 45.5127859 ] ] } },
{ "type": "Feature", "properties": { "u": 213649928, "v": 213649418, "key": 0, "highway": "residential", "length_km": 0.23520962938557199, "is_crit_economique": false, "is_crit_securitaire": false }, "geometry": { "type": "LineString", "coordinates": [ [ -73.6070171, 45.5132988 ], [ -73.6070774, 45.513326 ], [ -73.6081612, 45.5138155 ], [ -73.6082108, 45.5138378 ], [ -73.6087787, 45.5140943 ], [ -73.6090861, 45.5142331 ], [ -73.6091397, 45.5142695 ], [ -73.6091761, 45.5143091 ], [ -73.6092008, 45.5143509 ], [ -73.609246, 45.5144344 ], [ -73.6092663, 45.5144778 ], [ -73.6092811, 45.5145057 ], [ -73.6093183, 45.5145825 ] ] } },
{ "type": "Feature", "properties": { "u": 213649936, "v": 213649947, "key": 0, "highway": "residential", "length_km": 0.08311453906985275, "is_crit_economique": false, "is_crit_securitaire": false }, "geometry": { "type": "LineString", "coordinates": [ [ -73.6056981, 45.5139323 ], [ -73.605529, 45.5139798 ], [ -73.6054228, 45.5140191 ], [ -73.6053378, 45.5140662 ], [ -73.6049329, 45.5143619 ], [ -73.6048859, 45.5143994 ] ] } },
{ "type": "Feature", "properties": { "u": 213649936, "v": 213649947, "key": 1, "highway": "residential", "length_km": 0.17689147780450221, "is_crit_economique": false, "is_crit_securitaire": false }, "geometry": { "type": "LineString", "coordinates": [ [ -73.6056981, 45.5139323 ], [ -73.6057284, 45.5139879 ], [ -73.6060301, 45.5145153 ], [ -73.6060325, 45.5145403 ], [ -73.6060148, 45.5145653 ], [ -73.6059726, 45.5145827 ], [ -73.605423, 45.5146749 ], [ -73.6053709, 45.5146775 ], [ -73.6053126, 45.5146654 ], [ -73.6052374, 45.5146274 ], [ -73.6049365, 45.5144303 ], [ -73.6048859, 45.5143994 ] ] } },
{ "type": "Feature", "properties": { "u": 213649936, "v": 213649928, "key": 0, "highway": "residential", "length_km": 0.13213784616743443, "is_crit_economique": false, "is_crit_securitaire": false }, "geometry": { "type": "LineString", "coordinates": [ [ -73.6056981, 45.5139323 ], [ -73.6059547, 45.5139007 ], [ -73.6061371, 45.5138758 ], [ -73.6062817, 45.5138377 ], [ -73.6065523, 45.5137475 ], [ -73.6066251, 45.5137066 ], [ -73.6066674, 45.5136703 ], [ -73.6069688, 45.5133538 ], [ -73.6070171, 45.5132988 ] ] } },
{ "type": "Feature", "properties": { "u": 213649947, "v": 213649957, "key": 0, "highway": "residential", "length_km": 0.16374787392705817, "is_crit_economique": false, "is_crit_securitaire": false }, "geometry": { "type": "LineString", "coordinates": [ [ -73.6048859, 45.5143994 ], [ -73.604832, 45.5144322 ], [ -73.6047447, 45.5144744 ], [ -73.6046011, 45.5145178 ], [ -73.6044575, 45.5145379 ], [ -73.6041334, 45.5145716 ], [ -73.6033084, 45.5146372 ], [ -73.6030731, 45.5146522 ], [ -73.6028468, 45.5146653 ] ] } },
{ "type": "Feature", "properties": { "u": 213649947, "v": 213649936, "key": 0, "highway": "residential", "length_km": 0.083114539069852736, "is_crit_economique": false, "is_crit_securitaire": false }, "geometry": { "type": "LineString", "coordinates": [ [ -73.6048859, 45.5143994 ], [ -73.6049329, 45.5143619 ], [ -73.6053378, 45.5140662 ], [ -73.6054228, 45.5140191 ], [ -73.605529, 45.5139798 ], [ -73.6056981, 45.5139323 ] ] } },
{ "type": "Feature", "properties": { "u": 213649947, "v": 213649936, "key": 1, "highway": "residential", "length_km": 0.17689147780450221, "is_crit_economique": false, "is_crit_securitaire": false }, "geometry": { "type": "LineString", "coordinates": [ [ -73.6048859, 45.5143994 ], [ -73.6049365, 45.5144303 ], [ -73.6052374, 45.5146274 ], [ -73.6053126, 45.5146654 ], [ -73.6053709, 45.5146775 ], [ -73.605423, 45.5146749 ], [ -73.6059726, 45.5145827 ], [ -73.6060148, 45.5145653 ], [ -73.6060325, 45.5145403 ], [ -73.6060301, 45.5145153 ], [ -73.6057284, 45.5139879 ], [ -73.6056981, 45.5139323 ] ] } },
{ "type": "Feature", "properties": { "u": 213649957, "v": 213649961, "key": 0, "highway": "residential", "length_km": 0.038073040808848858, "is_crit_economique": false, "is_crit_securitaire": false }, "geometry": { "type": "LineString", "coordinates": [ [ -73.6028468, 45.5146653 ], [ -73.6027747, 45.5146722 ], [ -73.6023625, 45.5147108 ] ] } },
{ "type": "Feature", "properties": { "u": 213649957, "v": 213649947, "key": 0, "highway": "residential", "length_km": 0.16374787392705817, "is_crit_economique": false, "is_crit_securitaire": false }, "geometry": { "type": "LineString", "coordinates": [ [ -73.6028468, 45.5146653 ], [ -73.6030731, 45.5146522 ], [ -73.6033084, 45.5146372 ], [ -73.6041334, 45.5145716 ], [ -73.6044575, 45.5145379 ], [ -73.6046011, 45.5145178 ], [ -73.6047447, 45.5144744 ], [ -73.604832, 45.5144322 ], [ -73.6048859, 45.5143994 ] ] } },
{ "type": "Feature", "properties": { "u": 213649957, "v": 4514524164, "key": 0, "highway": "residential", "length_km": 0.1030005265836377, "is_crit_economique": false, "is_crit_securitaire": false }, "geometry": { "type": "LineString", "coordinates": [ [ -73.6028468, 45.5146653 ], [ -73.6028356, 45.5146098 ], [ -73.6028206, 45.514547 ], [ -73.6027757, 45.5141912 ], [ -73.6027438, 45.5138454 ], [ -73.6027357, 45.513806 ], [ -73.6026969, 45.5137491 ] ] } },
{ "type": "Feature", "properties": { "u": 213649961, "v": 213649957, "key": 0, "highway": "residential", "length_km": 0.038073040808848858, "is_crit_economique": false, "is_crit_securitaire": false }, "geometry": { "type": "LineString", "coordinates": [ [ -73.6023625, 45.5147108 ], [ -73.6027747, 45.5146722 ], [ -73.6028468, 45.5146653 ] ] } },
{ "type": "Feature", "properties": { "u": 213649963, "v": 213649471, "key": 0, "highway": "residential", "length_km": 0.1665476833575186, "is_crit_economique": false, "is_crit_securitaire": false }, "geometry": { "type": "LineString", "coordinates": [ [ -73.602749, 45.5135299 ], [ -73.6027125, 45.5134562 ], [ -73.6026871, 45.5134166 ], [ -73.6026662, 45.5133988 ], [ -73.6026478, 45.513383 ], [ -73.6011816, 45.5127109 ], [ -73.601056, 45.5126533 ] ] } },
{ "type": "Feature", "properties": { "u": 213649963, "v": 213649452, "key": 0, "highway": "residential", "length_km": 0.13843904265491308, "is_crit_economique": false, "is_crit_securitaire": false }, "geometry": { "type": "LineString", "coordinates": [ [ -73.602749, 45.5135299 ], [ -73.6029336, 45.5135376 ], [ -73.6034355, 45.5135978 ], [ -73.6035578, 45.5136069 ], [ -73.6036937, 45.5135939 ], [ -73.6039015, 45.5135388 ], [ -73.604185, 45.5134533 ], [ -73.6043196, 45.5134194 ], [ -73.604403, 45.5134 ], [ -73.6044619, 45.5133897 ] ] } },
{ "type": "Feature", "properties": { "u": 213649963, "v": 5415927950, "key": 0, "highway": "residential", "length_km": 0.03436824127176371, "is_crit_economique": false, "is_crit_securitaire": false }, "geometry": { "type": "LineString", "coordinates": [ [ -73.602749, 45.5135299 ], [ -73.6026387, 45.5135445 ], [ -73.6025172, 45.5135767 ], [ -73.6023407, 45.513641 ] ] } },
{ "type": "Feature", "properties": { "u": 213649987, "v": 213649452, "key": 0, "highway": "residential", "length_km": 0.096103043076198005, "is_crit_economique": false, "is_crit_securitaire": false }, "geometry": { "type": "LineString", "coordinates": [ [ -73.6044763, 45.514061 ], [ -73.6045324, 45.5140198 ], [ -73.6045846, 45.5139995 ], [ -73.604733, 45.5139466 ], [ -73.6047858, 45.5139221 ], [ -73.6048099, 45.5138895 ], [ -73.6048149, 45.5138573 ], [ -73.6048115, 45.5138108 ], [ -73.6047755, 45.5137418 ], [ -73.6045974, 45.5135291 ], [ -73.6045439, 45.5134712 ], [ -73.6045155, 45.5134419 ], [ -73.6044619, 45.5133897 ] ] } },
{ "type": "Feature", "properties": { "u": 213666597, "v": 1765630408, "key": 0, "highway": "residential", "length_km": 0.19861809764888794, "is_crit_economique": false, "is_crit_securitaire": false }, "geometry": { "type": "LineString", "coordinates": [ [ -73.6141185, 45.5100769 ], [ -73.6141942, 45.5101087 ], [ -73.6147312, 45.5103465 ], [ -73.6153954, 45.5106407 ], [ -73.6161122, 45.5109581 ], [ -73.6161624, 45.5109782 ], [ -73.6162905, 45.5110056 ] ] } },
{ "type": "Feature", "properties": { "u": 213666597, "v": 209387112, "key": 0, "highway": "residential", "length_km": 0.081626855230528039, "is_crit_economique": false, "is_crit_securitaire": false }, "geometry": { "type": "LineString", "coordinates": [ [ -73.6141185, 45.5100769 ], [ -73.614165, 45.5100216 ], [ -73.6141855, 45.5099979 ], [ -73.6143056, 45.5098635 ], [ -73.6146041, 45.5095293 ], [ -73.6146329, 45.5094971 ], [ -73.6146718, 45.5094536 ] ] } },
{ "type": "Feature", "properties": { "u": 213955306, "v": 213955429, "key": 0, "highway": "tertiary", "length_km": 0.086934338640067318, "is_crit_economique": false, "is_crit_securitaire": false }, "geometry": { "type": "LineString", "coordinates": [ [ -73.6220777, 45.5194291 ], [ -73.6217869, 45.5194364 ], [ -73.6217129, 45.5194366 ], [ -73.6216601, 45.5194353 ], [ -73.6216113, 45.5194328 ], [ -73.6215624, 45.5194283 ], [ -73.6215209, 45.5194234 ], [ -73.6214847, 45.5194187 ], [ -73.6214405, 45.5194125 ], [ -73.6213939, 45.5194048 ], [ -73.6213446, 45.5193954 ], [ -73.6212923, 45.5193843 ], [ -73.6212387, 45.5193716 ], [ -73.621189, 45.5193583 ], [ -73.6211481, 45.5193464 ], [ -73.6211099, 45.519335 ], [ -73.6210628, 45.5193188 ], [ -73.6209981, 45.5192935 ] ] } },
{ "type": "Feature", "properties": { "u": 213955306, "v": 213955379, "key": 0, "highway": "tertiary_link", "length_km": 0.096796119361690872, "is_crit_economique": false, "is_crit_securitaire": false }, "geometry": { "type": "LineString", "coordinates": [ [ -73.6220777, 45.5194291 ], [ -73.6218556, 45.5194051 ], [ -73.6217855, 45.5193949 ], [ -73.6217285, 45.5193861 ], [ -73.6216811, 45.519378 ], [ -73.621648, 45.5193707 ], [ -73.6216187, 45.5193633 ], [ -73.6215969, 45.5193569 ], [ -73.6215756, 45.5193493 ], [ -73.6215585, 45.5193417 ], [ -73.6215383, 45.5193315 ], [ -73.6215158, 45.5193185 ], [ -73.6214929, 45.5193028 ], [ -73.6214707, 45.5192851 ], [ -73.6214522, 45.5192681 ], [ -73.6214367, 45.5192507 ], [ -73.6214217, 45.5192303 ], [ -73.6214081, 45.519208 ], [ -73.6213991, 45.5191872 ], [ -73.621394, 45.5191665 ], [ -73.6213904, 45.5191414 ], [ -73.621389, 45.5191138 ], [ -73.6213912, 45.5190892 ], [ -73.6213964, 45.5190672 ], [ -73.6214022, 45.5190471 ], [ -73.6214099, 45.5190277 ], [ -73.6214232, 45.519005 ], [ -73.6214385, 45.5189829 ], [ -73.6214636, 45.518952 ], [ -73.6215077, 45.5189085 ] ] } },
{ "type": "Feature", "properties": { "u": 213955379, "v": 213955444, "key": 0, "highway": "tertiary_link", "length_km": 0.03409560006975286, "is_crit_economique": false, "is_crit_securitaire": false }, "geometry": { "type": "LineString", "coordinates": [ [ -73.6215077, 45.5189085 ], [ -73.6215527, 45.5188336 ], [ -73.6216231, 45.5187459 ], [ -73.6216321, 45.5187243 ], [ -73.6216384, 45.5187027 ], [ -73.6216369, 45.5186735 ], [ -73.6216251, 45.5186232 ] ] } },
{ "type": "Feature", "properties": { "u": 213955379, "v": 213955395, "key": 0, "highway": "tertiary_link", "length_km": 0.063415035414905133, "is_crit_economique": false, "is_crit_securitaire": false }, "geometry": { "type": "LineString", "coordinates": [ [ -73.6215077, 45.5189085 ], [ -73.6215958, 45.5188734 ], [ -73.6216271, 45.5188643 ], [ -73.6216588, 45.518857 ], [ -73.6216961, 45.5188511 ], [ -73.6217369, 45.5188471 ], [ -73.6217749, 45.5188458 ], [ -73.6218106, 45.5188471 ], [ -73.6218456, 45.51885 ], [ -73.6218803, 45.5188547 ], [ -73.6219161, 45.5188617 ], [ -73.6219481, 45.5188695 ], [ -73.6220133, 45.5188891 ], [ -73.6220734, 45.5189081 ], [ -73.6222801, 45.5189458 ] ] } },
{ "type": "Feature", "properties": { "u": 213955395, "v": 209374806, "key": 0, "highway": "tertiary", "length_km": 0.05565015099288264, "is_crit_economique": false, "is_crit_securitaire": false }, "geometry": { "type": "LineString", "coordinates": [ [ -73.6222801, 45.5189458 ], [ -73.6223569, 45.5189745 ], [ -73.6224453, 45.5190046 ], [ -73.6225182, 45.5190286 ], [ -73.6226072, 45.5190542 ], [ -73.6227897, 45.5191049 ], [ -73.622831, 45.5191147 ], [ -73.6228698, 45.5191219 ], [ -73.6229043, 45.5191266 ], [ -73.6229407, 45.5191312 ] ] } },
{ "type": "Feature", "properties": { "u": 213955395, "v": 213955444, "key": 0, "highway": "residential", "length_km": 0.062598386447366594, "is_crit_economique": false, "is_crit_securitaire": false }, "geometry": { "type": "LineString", "coordinates": [ [ -73.6222801, 45.5189458 ], [ -73.6221194, 45.5188461 ], [ -73.6217624, 45.5186758 ], [ -73.62171, 45.5186511 ], [ -73.6216251, 45.5186232 ] ] } },
{ "type": "Feature", "properties": { "u": 213955429, "v": 1765657082, "key": 0, "highway": "tertiary", "length_km": 0.16308459237698208, "is_crit_economique": false, "is_crit_securitaire": false }, "geometry": { "type": "LineString", "coordinates": [ [ -73.6209981, 45.5192935 ], [ -73.6209521, 45.5192767 ], [ -73.6208413, 45.5192271 ], [ -73.6207006, 45.519164 ], [ -73.6197019, 45.5187137 ], [ -73.6194742, 45.5186109 ], [ -73.6193433, 45.5185516 ], [ -73.6193125, 45.5185379 ], [ -73.6192337, 45.5185047 ] ] } },
{ "type": "Feature", "properties": { "u": 213955444, "v": 209364967, "key": 0, "highway": "residential", "length_km": 0.0095462857578840297, "is_crit_economique": false, "is_crit_securitaire": false }, "geometry": { "type": "LineString", "coordinates": [ [ -73.6216251, 45.5186232 ], [ -73.6215153, 45.5185851 ] ] } },
{ "type": "Feature", "properties": { "u": 221075916, "v": 31700818, "key": 0, "highway": "residential", "length_km": 0.059620315367267668, "is_crit_economique": false, "is_crit_securitaire": false }, "geometry": { "type": "LineString", "coordinates": [ [ -73.5969526, 45.5171175 ], [ -73.5963823, 45.5168615 ], [ -73.5963052, 45.5168319 ] ] } },
{ "type": "Feature", "properties": { "u": 221091275, "v": 221106359, "key": 0, "highway": "residential", "length_km": 0.30587813387558049, "is_crit_economique": false, "is_crit_securitaire": false }, "geometry": { "type": "LineString", "coordinates": [ [ -73.6034368, 45.5208237 ], [ -73.6035034, 45.5208529 ], [ -73.6062887, 45.5220814 ], [ -73.6066279, 45.5222329 ], [ -73.6066683, 45.5222517 ], [ -73.6067404, 45.5222852 ], [ -73.6067545, 45.5222942 ] ] } },
{ "type": "Feature", "properties": { "u": 221091275, "v": 221091287, "key": 0, "highway": "residential", "length_km": 0.078351715788947174, "is_crit_economique": false, "is_crit_securitaire": false }, "geometry": { "type": "LineString", "coordinates": [ [ -73.6034368, 45.5208237 ], [ -73.6034804, 45.5207748 ], [ -73.6039286, 45.5202728 ], [ -73.6039701, 45.5202263 ] ] } },
{ "type": "Feature", "properties": { "u": 221091275, "v": 437788057, "key": 0, "highway": "residential", "length_km": 0.085211318160297353, "is_crit_economique": false, "is_crit_securitaire": false }, "geometry": { "type": "LineString", "coordinates": [ [ -73.6034368, 45.5208237 ], [ -73.6033987, 45.5208663 ], [ -73.6031485, 45.5211467 ], [ -73.6029048, 45.5214197 ], [ -73.6028568, 45.5214734 ] ] } },
{ "type": "Feature", "properties": { "u": 221091281, "v": 471725446, "key": 0, "highway": "residential", "length_km": 0.30595764557289679, "is_crit_economique": false, "is_crit_securitaire": false }, "geometry": { "type": "LineString", "coordinates": [ [ -73.6050041, 45.5190679 ], [ -73.6050701, 45.519099 ], [ -73.6051394, 45.5191302 ], [ -73.6059633, 45.5194978 ], [ -73.6066004, 45.51978 ], [ -73.6070574, 45.5199848 ], [ -73.6072675, 45.520079 ], [ -73.6078541, 45.5203412 ], [ -73.6078975, 45.5203596 ], [ -73.6082078, 45.5204954 ], [ -73.608227, 45.5205038 ], [ -73.6083178, 45.5205444 ] ] } },
{ "type": "Feature", "properties": { "u": 221091281, "v": 126066962, "key": 0, "highway": "residential", "length_km": 0.085996952775440047, "is_crit_economique": false, "is_crit_securitaire": false }, "geometry": { "type": "LineString", "coordinates": [ [ -73.6050041, 45.5190679 ], [ -73.6050544, 45.5190116 ], [ -73.6050883, 45.5189736 ], [ -73.6055295, 45.5184793 ], [ -73.6055554, 45.5184503 ], [ -73.6055894, 45.5184122 ] ] } },
{ "type": "Feature", "properties": { "u": 221091281, "v": 9680726835, "key": 0, "highway": "residential", "length_km": 0.17199603218847553, "is_crit_economique": false, "is_crit_securitaire": false }, "geometry": { "type": "LineString", "coordinates": [ [ -73.6050041, 45.5190679 ], [ -73.6049371, 45.51904 ], [ -73.6049133, 45.5190292 ], [ -73.6046419, 45.5189094 ], [ -73.6041514, 45.5186913 ], [ -73.6038535, 45.5185577 ], [ -73.6032537, 45.5182864 ], [ -73.6032042, 45.5182641 ], [ -73.6031426, 45.5182365 ] ] } },
{ "type": "Feature", "properties": { "u": 221091281, "v": 124524581, "key": 0, "highway": "residential", "length_km": 0.08282286279148697, "is_crit_economique": false, "is_crit_securitaire": false }, "geometry": { "type": "LineString", "coordinates": [ [ -73.6050041, 45.5190679 ], [ -73.6049621, 45.519115 ], [ -73.6049398, 45.51914 ], [ -73.6047165, 45.51939 ], [ -73.604508, 45.5196237 ], [ -73.6044801, 45.519655 ], [ -73.6044404, 45.5196994 ] ] } },
{ "type": "Feature", "properties": { "u": 221091287, "v": 124502593, "key": 0, "highway": "residential", "length_km": 0.17162750726927206, "is_crit_economique": false, "is_crit_securitaire": false }, "geometry": { "type": "LineString", "coordinates": [ [ -73.6039701, 45.5202263 ], [ -73.6039099, 45.5201987 ], [ -73.603561, 45.5200388 ], [ -73.6030051, 45.5197958 ], [ -73.6021636, 45.5194179 ], [ -73.6021131, 45.5193961 ] ] } },
{ "type": "Feature", "properties": { "u": 221091287, "v": 124524581, "key": 0, "highway": "residential", "length_km": 0.069102853993232016, "is_crit_economique": false, "is_crit_securitaire": false }, "geometry": { "type": "LineString", "coordinates": [ [ -73.6039701, 45.5202263 ], [ -73.6040118, 45.5201795 ], [ -73.6043798, 45.5197673 ], [ -73.6043952, 45.5197501 ], [ -73.6044404, 45.5196994 ] ] } },
{ "type": "Feature", "properties": { "u": 221091287, "v": 221091275, "key": 0, "highway": "residential", "length_km": 0.078351715788947174, "is_crit_economique": false, "is_crit_securitaire": false }, "geometry": { "type": "LineString", "coordinates": [ [ -73.6039701, 45.5202263 ], [ -73.6039286, 45.5202728 ], [ -73.6034804, 45.5207748 ], [ -73.6034368, 45.5208237 ] ] } },
{ "type": "Feature", "properties": { "u": 221091652, "v": 221110584, "key": 0, "highway": "residential", "length_km": 0.13317450918471743, "is_crit_economique": false, "is_crit_securitaire": false }, "geometry": { "type": "LineString", "coordinates": [ [ -73.6061747, 45.5177565 ], [ -73.606112, 45.5177301 ], [ -73.6057143, 45.5175621 ], [ -73.6055148, 45.5174734 ], [ -73.604802, 45.5171504 ], [ -73.604728, 45.5171189 ] ] } },
{ "type": "Feature", "properties": { "u": 221091652, "v": 126094068, "key": 0, "highway": "residential", "length_km": 0.13094378985830599, "is_crit_economique": false, "is_crit_securitaire": false }, "geometry": { "type": "LineString", "coordinates": [ [ -73.6061747, 45.5177565 ], [ -73.606211, 45.5177159 ], [ -73.6062513, 45.5176707 ], [ -73.6065628, 45.5173218 ], [ -73.6070314, 45.5167968 ], [ -73.6070659, 45.5167581 ] ] } },
{ "type": "Feature", "properties": { "u": 221091652, "v": 126066962, "key": 0, "highway": "residential", "length_km": 0.085997237169702145, "is_crit_economique": false, "is_crit_securitaire": false }, "geometry": { "type": "LineString", "coordinates": [ [ -73.6061747, 45.5177565 ], [ -73.6061414, 45.5177938 ], [ -73.6061167, 45.5178215 ], [ -73.6056407, 45.5183547 ], [ -73.6056254, 45.5183719 ], [ -73.6055894, 45.5184122 ] ] } },
{ "type": "Feature", "properties": { "u": 221101690, "v": 31776942, "key": 0, "highway": "residential", "length_km": 0.16254228927897649, "is_crit_economique": false, "is_crit_securitaire": false }, "geometry": { "type": "LineString", "coordinates": [ [ -73.5994861, 45.5182292 ], [ -73.5994223, 45.5182012 ], [ -73.5991334, 45.5180742 ], [ -73.5985756, 45.5178278 ], [ -73.5981593, 45.5176438 ], [ -73.5978328, 45.5175024 ], [ -73.5977167, 45.5174549 ] ] } },
{ "type": "Feature", "properties": { "u": 221101690, "v": 221101697, "key": 0, "highway": "residential", "length_km": 0.068460261789545521, "is_crit_economique": false, "is_crit_securitaire": false }, "geometry": { "type": "LineString", "coordinates": [ [ -73.5994861, 45.5182292 ], [ -73.5995214, 45.5181854 ], [ -73.5997069, 45.517973 ], [ -73.5999091, 45.5177479 ], [ -73.5999509, 45.5177069 ] ] } },
{ "type": "Feature", "properties": { "u": 221101690, "v": 221101701, "key": 0, "highway": "residential", "length_km": 0.079424544880997872, "is_crit_economique": false, "is_crit_securitaire": false }, "geometry": { "type": "LineString", "coordinates": [ [ -73.5994861, 45.5182292 ], [ -73.5994382, 45.5182814 ], [ -73.599207, 45.5185298 ], [ -73.5989985, 45.5187648 ], [ -73.5989773, 45.5187878 ], [ -73.5989382, 45.5188315 ] ] } },
{ "type": "Feature", "properties": { "u": 221101697, "v": 221101690, "key": 0, "highway": "residential", "length_km": 0.068460261789545535, "is_crit_economique": false, "is_crit_securitaire": false }, "geometry": { "type": "LineString", "coordinates": [ [ -73.5999509, 45.5177069 ], [ -73.5999091, 45.5177479 ], [ -73.5997069, 45.517973 ], [ -73.5995214, 45.5181854 ], [ -73.5994861, 45.5182292 ] ] } },
{ "type": "Feature", "properties": { "u": 221101697, "v": 124531262, "key": 0, "highway": "residential", "length_km": 0.067801684015101921, "is_crit_economique": false, "is_crit_securitaire": false }, "geometry": { "type": "LineString", "coordinates": [ [ -73.5999509, 45.5177069 ], [ -73.599992, 45.5176602 ], [ -73.6003706, 45.5172463 ], [ -73.6004197, 45.5171932 ] ] } },
{ "type": "Feature", "properties": { "u": 221101697, "v": 221108180, "key": 0, "highway": "residential", "length_km": 0.2424097402587809, "is_crit_economique": false, "is_crit_securitaire": false }, "geometry": { "type": "LineString", "coordinates": [ [ -73.5999509, 45.5177069 ], [ -73.6000206, 45.5177379 ], [ -73.6000397, 45.5177458 ], [ -73.6001515, 45.5177964 ], [ -73.6009679, 45.5181604 ], [ -73.6025272, 45.5188462 ], [ -73.6025821, 45.5188703 ] ] } },
{ "type": "Feature", "properties": { "u": 221101701, "v": 221091275, "key": 0, "highway": "residential", "length_km": 0.41462939802249066, "is_crit_economique": false, "is_crit_securitaire": false }, "geometry": { "type": "LineString", "coordinates": [ [ -73.5989382, 45.5188315 ], [ -73.5990087, 45.5188631 ], [ -73.5990767, 45.5188927 ], [ -73.5997922, 45.5192091 ], [ -73.6009037, 45.5197042 ], [ -73.6018685, 45.5201237 ], [ -73.6026532, 45.5204731 ], [ -73.6030139, 45.5206338 ], [ -73.6033746, 45.5207962 ], [ -73.6034368, 45.5208237 ] ] } },
{ "type": "Feature", "properties": { "u": 221101701, "v": 221101690, "key": 0, "highway": "residential", "length_km": 0.079424544880997885, "is_crit_economique": false, "is_crit_securitaire": false }, "geometry": { "type": "LineString", "coordinates": [ [ -73.5989382, 45.5188315 ], [ -73.5989773, 45.5187878 ], [ -73.5989985, 45.5187648 ], [ -73.599207, 45.5185298 ], [ -73.5994382, 45.5182814 ], [ -73.5994861, 45.5182292 ] ] } },
{ "type": "Feature", "properties": { "u": 221101701, "v": 437732887, "key": 0, "highway": "residential", "length_km": 0.085658423718762061, "is_crit_economique": false, "is_crit_securitaire": false }, "geometry": { "type": "LineString", "coordinates": [ [ -73.5989382, 45.5188315 ], [ -73.5988999, 45.5188719 ], [ -73.5988766, 45.5188997 ], [ -73.5986527, 45.5191613 ], [ -73.598415, 45.5194306 ], [ -73.5983591, 45.5194861 ] ] } },
{ "type": "Feature", "properties": { "u": 221106359, "v": 221106363, "key": 0, "highway": "residential", "length_km": 0.16835737962432545, "is_crit_economique": false, "is_crit_securitaire": false }, "geometry": { "type": "LineString", "coordinates": [ [ -73.6067545, 45.5222942 ], [ -73.6068494, 45.5223364 ], [ -73.6084778, 45.523061 ], [ -73.6085224, 45.5230813 ], [ -73.608578, 45.5231067 ] ] } },
{ "type": "Feature", "properties": { "u": 221106359, "v": 437788045, "key": 0, "highway": "residential", "length_km": 0.085556632592206708, "is_crit_economique": false, "is_crit_securitaire": false }, "geometry": { "type": "LineString", "coordinates": [ [ -73.6067545, 45.5222942 ], [ -73.6067104, 45.5223417 ], [ -73.6066895, 45.5223642 ], [ -73.6065588, 45.5225172 ], [ -73.6064665, 45.5226212 ], [ -73.6062425, 45.5228713 ], [ -73.6062257, 45.5228902 ], [ -73.6061747, 45.5229476 ] ] } },
{ "type": "Feature", "properties": { "u": 221106359, "v": 221106468, "key": 0, "highway": "residential", "length_km": 0.077466023595208683, "is_crit_economique": false, "is_crit_securitaire": false }, "geometry": { "type": "LineString", "coordinates": [ [ -73.6067545, 45.5222942 ], [ -73.6067965, 45.5222501 ], [ -73.6068174, 45.522225 ], [ -73.6070198, 45.5219979 ], [ -73.607228, 45.5217692 ], [ -73.607247, 45.5217529 ], [ -73.6072877, 45.5217064 ] ] } },
{ "type": "Feature", "properties": { "u": 221106363, "v": 221106437, "key": 0, "highway": "residential", "length_km": 0.2625810584852909, "is_crit_economique": false, "is_crit_securitaire": false }, "geometry": { "type": "LineString", "coordinates": [ [ -73.608578, 45.5231067 ], [ -73.6086636, 45.523145 ], [ -73.6090791, 45.5233259 ], [ -73.6096412, 45.5235763 ], [ -73.6105586, 45.5239809 ], [ -73.6113113, 45.524313 ], [ -73.6113452, 45.5243266 ], [ -73.6114318, 45.5243631 ] ] } },
{ "type": "Feature", "properties": { "u": 221106363, "v": 437788242, "key": 0, "highway": "residential", "length_km": 0.083757754647003246, "is_crit_economique": false, "is_crit_securitaire": false }, "geometry": { "type": "LineString", "coordinates": [ [ -73.608578, 45.5231067 ], [ -73.6085355, 45.5231554 ], [ -73.6085125, 45.5231818 ], [ -73.6082944, 45.5234311 ], [ -73.608073, 45.5236805 ], [ -73.6080526, 45.5237032 ], [ -73.6080129, 45.5237475 ] ] } },
{ "type": "Feature", "properties": { "u": 221106363, "v": 221106368, "key": 0, "highway": "residential", "length_km": 0.077914497131984894, "is_crit_economique": false, "is_crit_securitaire": false }, "geometry": { "type": "LineString", "coordinates": [ [ -73.608578, 45.5231067 ], [ -73.6086222, 45.5230584 ], [ -73.6086594, 45.5230177 ], [ -73.6088469, 45.5228059 ], [ -73.6090324, 45.5225985 ], [ -73.6090717, 45.5225566 ], [ -73.6091116, 45.5225141 ] ] } },
{ "type": "Feature", "properties": { "u": 221106368, "v": 221106468, "key": 0, "highway": "residential", "length_km": 0.16810151681912533, "is_crit_economique": false, "is_crit_securitaire": false }, "geometry": { "type": "LineString", "coordinates": [ [ -73.6091116, 45.5225141 ], [ -73.6090518, 45.522487 ], [ -73.6086834, 45.5223257 ], [ -73.6077507, 45.5219092 ], [ -73.607628, 45.521856 ], [ -73.6073995, 45.5217566 ], [ -73.6073685, 45.5217424 ], [ -73.6072877, 45.5217064 ] ] } },
{ "type": "Feature", "properties": { "u": 221106368, "v": 221106363, "key": 0, "highway": "residential", "length_km": 0.077914497131984894, "is_crit_economique": false, "is_crit_securitaire": false }, "geometry": { "type": "LineString", "coordinates": [ [ -73.6091116, 45.5225141 ], [ -73.6090717, 45.5225566 ], [ -73.6090324, 45.5225985 ], [ -73.6088469, 45.5228059 ], [ -73.6086594, 45.5230177 ], [ -73.6086222, 45.5230584 ], [ -73.608578, 45.5231067 ] ] } },
{ "type": "Feature", "properties": { "u": 221106368, "v": 1857963725, "key": 0, "highway": "residential", "length_km": 0.068679371431411146, "is_crit_economique": false, "is_crit_securitaire": false }, "geometry": { "type": "LineString", "coordinates": [ [ -73.6091116, 45.5225141 ], [ -73.609152, 45.5224726 ], [ -73.6091783, 45.5224457 ], [ -73.6094947, 45.5220836 ], [ -73.6095497, 45.522027 ], [ -73.6095833, 45.5219925 ] ] } },
{ "type": "Feature", "properties": { "u": 221106378, "v": 221106429, "key": 0, "highway": "residential", "length_km": 0.26275241398307758, "is_crit_economique": false, "is_crit_securitaire": false }, "geometry": { "type": "LineString", "coordinates": [ [ -73.6101456, 45.5213539 ], [ -73.6102261, 45.5213886 ], [ -73.6102573, 45.5214021 ], [ -73.6106131, 45.5215653 ], [ -73.6125472, 45.5224273 ], [ -73.6128612, 45.5225616 ], [ -73.6128991, 45.5225778 ], [ -73.6129941, 45.5226189 ] ] } },
{ "type": "Feature", "properties": { "u": 221106378, "v": 471725446, "key": 0, "highway": "residential", "length_km": 0.16846683418790759, "is_crit_economique": false, "is_crit_securitaire": false }, "geometry": { "type": "LineString", "coordinates": [ [ -73.6101456, 45.5213539 ], [ -73.6100949, 45.5213318 ], [ -73.610065, 45.5213187 ], [ -73.6097297, 45.5211706 ], [ -73.608782, 45.520752 ], [ -73.6084443, 45.5205997 ], [ -73.608405, 45.520582 ], [ -73.6083178, 45.5205444 ] ] } },
{ "type": "Feature", "properties": { "u": 221106378, "v": 1857963725, "key": 0, "highway": "residential", "length_km": 0.083435316034854559, "is_crit_economique": false, "is_crit_securitaire": false }, "geometry": { "type": "LineString", "coordinates": [ [ -73.6101456, 45.5213539 ], [ -73.6100996, 45.521406 ], [ -73.610073, 45.5214361 ], [ -73.609645, 45.5219212 ], [ -73.6096173, 45.5219533 ], [ -73.6095833, 45.5219925 ] ] } },
{ "type": "Feature", "properties": { "u": 221106378, "v": 221106382, "key": 0, "highway": "residential", "length_km": 0.085828741289153354, "is_crit_economique": false, "is_crit_securitaire": false }, "geometry": { "type": "LineString", "coordinates": [ [ -73.6101456, 45.5213539 ], [ -73.6101933, 45.5212982 ], [ -73.6102106, 45.521278 ], [ -73.6106698, 45.5207799 ], [ -73.6106926, 45.520751 ], [ -73.6107347, 45.5207018 ] ] } },
{ "type": "Feature", "properties": { "u": 221106382, "v": 471725443, "key": 0, "highway": "residential", "length_km": 0.16829472198612394, "is_crit_economique": false, "is_crit_securitaire": false }, "geometry": { "type": "LineString", "coordinates": [ [ -73.6107347, 45.5207018 ], [ -73.6106789, 45.5206777 ], [ -73.6103126, 45.5205138 ], [ -73.6097872, 45.5202771 ], [ -73.6093692, 45.5200969 ], [ -73.6090477, 45.5199576 ], [ -73.6089847, 45.5199286 ], [ -73.6089123, 45.5198898 ] ] } },
{ "type": "Feature", "properties": { "u": 221106382, "v": 221106378, "key": 0, "highway": "residential", "length_km": 0.08582874128915334, "is_crit_economique": false, "is_crit_securitaire": false }, "geometry": { "type": "LineString", "coordinates": [ [ -73.6107347, 45.5207018 ], [ -73.6106926, 45.520751 ], [ -73.6106698, 45.5207799 ], [ -73.6102106, 45.521278 ], [ -73.6101933, 45.5212982 ], [ -73.6101456, 45.5213539 ] ] } },
{ "type": "Feature", "properties": { "u": 221106382, "v": 221106387, "key": 0, "highway": "residential", "length_km": 0.086430416399095711, "is_crit_economique": false, "is_crit_securitaire": false }, "geometry": { "type": "LineString", "coordinates": [ [ -73.6107347, 45.5207018 ], [ -73.6107659, 45.5206574 ], [ -73.6107917, 45.5206264 ], [ -73.611238, 45.5201312 ], [ -73.6112596, 45.5201122 ], [ -73.6113323, 45.520048 ] ] } },
{ "type": "Feature", "properties": { "u": 221106387, "v": 596999812, "key": 0, "highway": "residential", "length_km": 0.081648690437586643, "is_crit_economique": false, "is_crit_securitaire": false }, "geometry": { "type": "LineString", "coordinates": [ [ -73.6113323, 45.520048 ], [ -73.6113961, 45.520073 ], [ -73.6114247, 45.5200842 ], [ -73.6117876, 45.5202459 ], [ -73.6122208, 45.5204372 ] ] } },
{ "type": "Feature", "properties": { "u": 221106387, "v": 221106392, "key": 0, "highway": "residential", "length_km": 0.12097014868821865, "is_crit_economique": false, "is_crit_securitaire": false }, "geometry": { "type": "LineString", "coordinates": [ [ -73.6113323, 45.520048 ], [ -73.6113923, 45.5199898 ], [ -73.6114129, 45.5199699 ], [ -73.6118934, 45.5194242 ], [ -73.6121158, 45.5191882 ], [ -73.6121388, 45.5191638 ], [ -73.6121688, 45.5191318 ] ] } },
{ "type": "Feature", "properties": { "u": 221106387, "v": 221106382, "key": 0, "highway": "residential", "length_km": 0.086430416399095711, "is_crit_economique": false, "is_crit_securitaire": false }, "geometry": { "type": "LineString", "coordinates": [ [ -73.6113323, 45.520048 ], [ -73.6112596, 45.5201122 ], [ -73.611238, 45.5201312 ], [ -73.6107917, 45.5206264 ], [ -73.6107659, 45.5206574 ], [ -73.6107347, 45.5207018 ] ] } },
{ "type": "Feature", "properties": { "u": 221106387, "v": 1420077705, "key": 0, "highway": "residential", "length_km": 0.078749088307149592, "is_crit_economique": false, "is_crit_securitaire": false }, "geometry": { "type": "LineString", "coordinates": [ [ -73.6113323, 45.520048 ], [ -73.6112699, 45.5200227 ], [ -73.6112332, 45.5200077 ], [ -73.6104744, 45.5196736 ] ] } },
{ "type": "Feature", "properties": { "u": 221106392, "v": 596999788, "key": 0, "highway": "residential", "length_km": 0.079131722407331323, "is_crit_economique": false, "is_crit_securitaire": false }, "geometry": { "type": "LineString", "coordinates": [ [ -73.6121688, 45.5191318 ], [ -73.6120911, 45.519094 ], [ -73.6120572, 45.5190775 ], [ -73.611317, 45.5187443 ] ] } },
{ "type": "Feature", "properties": { "u": 221106392, "v": 221106387, "key": 0, "highway": "residential", "length_km": 0.12097014868821862, "is_crit_economique": false, "is_crit_securitaire": false }, "geometry": { "type": "LineString", "coordinates": [ [ -73.6121688, 45.5191318 ], [ -73.6121388, 45.5191638 ], [ -73.6121158, 45.5191882 ], [ -73.6118934, 45.5194242 ], [ -73.6114129, 45.5199699 ], [ -73.6113923, 45.5199898 ], [ -73.6113323, 45.520048 ] ] } },
{ "type": "Feature", "properties": { "u": 221106392, "v": 221106397, "key": 0, "highway": "residential", "length_km": 0.093349626059779173, "is_crit_economique": false, "is_crit_securitaire": false }, "geometry": { "type": "LineString", "coordinates": [ [ -73.6121688, 45.5191318 ], [ -73.6122235, 45.5190758 ], [ -73.6122487, 45.51905 ], [ -73.6124953, 45.5187703 ], [ -73.6127492, 45.5184832 ], [ -73.6127638, 45.5184634 ], [ -73.6127974, 45.5184175 ] ] } },
{ "type": "Feature", "properties": { "u": 221106397, "v": 221106420, "key": 0, "highway": "residential", "length_km": 0.26051318872262863, "is_crit_economique": false, "is_crit_securitaire": false }, "geometry": { "type": "LineString", "coordinates": [ [ -73.6127974, 45.5184175 ], [ -73.6128539, 45.5184435 ], [ -73.6139046, 45.5189133 ], [ -73.6140825, 45.5189934 ], [ -73.6151921, 45.519493 ], [ -73.6154968, 45.5196333 ], [ -73.615518, 45.5196431 ], [ -73.6156104, 45.519684 ] ] } },
{ "type": "Feature", "properties": { "u": 221106397, "v": 221106392, "key": 0, "highway": "residential", "length_km": 0.093349626059779173, "is_crit_economique": false, "is_crit_securitaire": false }, "geometry": { "type": "LineString", "coordinates": [ [ -73.6127974, 45.5184175 ], [ -73.6127638, 45.5184634 ], [ -73.6127492, 45.5184832 ], [ -73.6124953, 45.5187703 ], [ -73.6122487, 45.51905 ], [ -73.6122235, 45.5190758 ], [ -73.6121688, 45.5191318 ] ] } },
{ "type": "Feature", "properties": { "u": 221106397, "v": 491202324, "key": 0, "highway": "residential", "length_km": 0.080970582635283977, "is_crit_economique": false, "is_crit_securitaire": false }, "geometry": { "type": "LineString", "coordinates": [ [ -73.6127974, 45.5184175 ], [ -73.6128354, 45.5183633 ], [ -73.6128639, 45.5183311 ], [ -73.6130346, 45.518142 ], [ -73.6130583, 45.5181155 ], [ -73.6132863, 45.5178554 ], [ -73.6133066, 45.5178325 ], [ -73.6133377, 45.5177958 ] ] } },
{ "type": "Feature", "properties": { "u": 221106400, "v": 221106405, "key": 0, "highway": "residential", "length_km": 0.087276778871268459, "is_crit_economique": false, "is_crit_securitaire": false }, "geometry": { "type": "LineString", "coordinates": [ [ -73.613968, 45.5170725 ], [ -73.6140005, 45.5170375 ], [ -73.614022, 45.5170143 ], [ -73.6145071, 45.5164707 ], [ -73.6145302, 45.5164435 ], [ -73.6145623, 45.5164072 ] ] } },
{ "type": "Feature", "properties": { "u": 221106400, "v": 437719778, "key": 0, "highway": "tertiary", "length_km": 0.26228614957664109, "is_crit_economique": false, "is_crit_securitaire": false }, "geometry": { "type": "LineString", "coordinates": [ [ -73.613968, 45.5170725 ], [ -73.6140457, 45.5171063 ], [ -73.6141359, 45.5171455 ], [ -73.614421, 45.5172722 ], [ -73.6150873, 45.517572 ], [ -73.6159766, 45.5179722 ], [ -73.6163673, 45.518148 ], [ -73.6166559, 45.5182807 ], [ -73.6166782, 45.518291 ], [ -73.6167144, 45.5183063 ], [ -73.6168034, 45.5183439 ] ] } },
{ "type": "Feature", "properties": { "u": 221106400, "v": 596999772, "key": 0, "highway": "residential", "length_km": 0.080409473710602308, "is_crit_economique": false, "is_crit_securitaire": false }, "geometry": { "type": "LineString", "coordinates": [ [ -73.613968, 45.5170725 ], [ -73.6139296, 45.517114 ], [ -73.6138999, 45.517146 ], [ -73.6137029, 45.5173718 ], [ -73.6134867, 45.5176199 ], [ -73.6134609, 45.5176517 ], [ -73.6134292, 45.5176892 ] ] } },
{ "type": "Feature", "properties": { "u": 221106405, "v": 209364980, "key": 0, "highway": "residential", "length_km": 0.087480800887628468, "is_crit_economique": false, "is_crit_securitaire": false }, "geometry": { "type": "LineString", "coordinates": [ [ -73.6145623, 45.5164072 ], [ -73.6145949, 45.5163687 ], [ -73.6146188, 45.5163413 ], [ -73.6151025, 45.515804 ], [ -73.615127, 45.515776 ], [ -73.6151581, 45.5157404 ] ] } },
{ "type": "Feature", "properties": { "u": 221106405, "v": 221128630, "key": 0, "highway": "tertiary", "length_km": 0.16845649401794113, "is_crit_economique": false, "is_crit_securitaire": false }, "geometry": { "type": "LineString", "coordinates": [ [ -73.6145623, 45.5164072 ], [ -73.6145072, 45.5163824 ], [ -73.6144257, 45.5163456 ], [ -73.6141101, 45.5162057 ], [ -73.6132086, 45.5157973 ], [ -73.6129182, 45.515666 ], [ -73.6128533, 45.5156379 ], [ -73.6128103, 45.5156183 ], [ -73.6127444, 45.5155872 ] ] } },
{ "type": "Feature", "properties": { "u": 221106405, "v": 221106400, "key": 0, "highway": "residential", "length_km": 0.087276778871268459, "is_crit_economique": false, "is_crit_securitaire": false }, "geometry": { "type": "LineString", "coordinates": [ [ -73.6145623, 45.5164072 ], [ -73.6145302, 45.5164435 ], [ -73.6145071, 45.5164707 ], [ -73.614022, 45.5170143 ], [ -73.6140005, 45.5170375 ], [ -73.613968, 45.5170725 ] ] } },
{ "type": "Feature", "properties": { "u": 221106420, "v": 526533273, "key": 0, "highway": "residential", "length_km": 0.1695018806989026, "is_crit_economique": false, "is_crit_securitaire": false }, "geometry": { "type": "LineString", "coordinates": [ [ -73.6156104, 45.519684 ], [ -73.6157019, 45.5197239 ], [ -73.6160507, 45.5198795 ], [ -73.6161222, 45.5199115 ], [ -73.6170382, 45.5203207 ], [ -73.617392, 45.520489 ], [ -73.6174373, 45.5205115 ] ] } },
{ "type": "Feature", "properties": { "u": 221106420, "v": 209390694, "key": 0, "highway": "secondary", "length_km": 0.087345587587145945, "is_crit_economique": true, "is_crit_securitaire": false }, "geometry": { "type": "LineString", "coordinates": [ [ -73.6156104, 45.519684 ], [ -73.615651, 45.5196369 ], [ -73.615675, 45.5196121 ], [ -73.6160071, 45.5192394 ], [ -73.6161241, 45.5191083 ], [ -73.6161469, 45.5190827 ], [ -73.616205, 45.5190181 ] ] } },
{ "type": "Feature", "properties": { "u": 221106420, "v": 126094069, "key": 0, "highway": "secondary", "length_km": 0.090137656048735776, "is_crit_economique": true, "is_crit_securitaire": false }, "geometry": { "type": "LineString", "coordinates": [ [ -73.6156104, 45.519684 ], [ -73.6155666, 45.5197316 ], [ -73.6155474, 45.5197532 ], [ -73.6152945, 45.5200374 ], [ -73.6151685, 45.5201784 ], [ -73.6150495, 45.5203115 ], [ -73.6150375, 45.5203249 ], [ -73.6150299, 45.5203334 ], [ -73.6149963, 45.520371 ] ] } },
{ "type": "Feature", "properties": { "u": 221106425, "v": 126094069, "key": 0, "highway": "secondary", "length_km": 0.12295244199684921, "is_crit_economique": true, "is_crit_securitaire": false }, "geometry": { "type": "LineString", "coordinates": [ [ -73.6141634, 45.5213102 ], [ -73.6142176, 45.5212491 ], [ -73.6142625, 45.5211981 ], [ -73.6149374, 45.5204375 ], [ -73.6149616, 45.5204102 ], [ -73.6149963, 45.520371 ] ] } },
{ "type": "Feature", "properties": { "u": 221106425, "v": 514112191, "key": 0, "highway": "residential", "length_km": 0.074307889532365737, "is_crit_economique": false, "is_crit_securitaire": false }, "geometry": { "type": "LineString", "coordinates": [ [ -73.6141634, 45.5213102 ], [ -73.6142507, 45.5213492 ], [ -73.6145162, 45.5214678 ], [ -73.6146176, 45.521513 ], [ -73.6148853, 45.5216326 ], [ -73.6149116, 45.5216444 ], [ -73.6149676, 45.5216695 ] ] } },
{ "type": "Feature", "properties": { "u": 221106425, "v": 437729754, "key": 0, "highway": "secondary", "length_km": 0.086264247063059518, "is_crit_economique": true, "is_crit_securitaire": false }, "geometry": { "type": "LineString", "coordinates": [ [ -73.6141634, 45.5213102 ], [ -73.6141073, 45.5213735 ], [ -73.6140828, 45.5214011 ], [ -73.6138168, 45.5216947 ], [ -73.613579, 45.5219691 ] ] } },
{ "type": "Feature", "properties": { "u": 221106425, "v": 596999813, "key": 0, "highway": "residential", "length_km": 0.088358033323623061, "is_crit_economique": false, "is_crit_securitaire": false }, "geometry": { "type": "LineString", "coordinates": [ [ -73.6141634, 45.5213102 ], [ -73.6140686, 45.521263 ], [ -73.6140365, 45.5212484 ], [ -73.6138503, 45.5211635 ], [ -73.6137221, 45.5211057 ], [ -73.6132124, 45.5208774 ] ] } },
{ "type": "Feature", "properties": { "u": 221106429, "v": 221106378, "key": 0, "highway": "residential", "length_km": 0.26275241398307753, "is_crit_economique": false, "is_crit_securitaire": false }, "geometry": { "type": "LineString", "coordinates": [ [ -73.6129941, 45.5226189 ], [ -73.6128991, 45.5225778 ], [ -73.6128612, 45.5225616 ], [ -73.6125472, 45.5224273 ], [ -73.6106131, 45.5215653 ], [ -73.6102573, 45.5214021 ], [ -73.6102261, 45.5213886 ], [ -73.6101456, 45.5213539 ] ] } },
{ "type": "Feature", "properties": { "u": 221106429, "v": 221113204, "key": 0, "highway": "residential", "length_km": 0.17052173206162738, "is_crit_economique": false, "is_crit_securitaire": false }, "geometry": { "type": "LineString", "coordinates": [ [ -73.6129941, 45.5226189 ], [ -73.6130824, 45.5226582 ], [ -73.6131145, 45.5226726 ], [ -73.6134635, 45.5228296 ], [ -73.6142064, 45.5231608 ], [ -73.6144058, 45.5232497 ], [ -73.6147648, 45.523406 ], [ -73.6148427, 45.52344 ] ] } },
{ "type": "Feature", "properties": { "u": 221106429, "v": 221106435, "key": 0, "highway": "secondary", "length_km": 0.083334046794685743, "is_crit_economique": true, "is_crit_securitaire": false }, "geometry": { "type": "LineString", "coordinates": [ [ -73.6129941, 45.5226189 ], [ -73.612947, 45.5226754 ], [ -73.6129253, 45.5227001 ], [ -73.6124254, 45.5232536 ] ] } },
{ "type": "Feature", "properties": { "u": 221106429, "v": 437729754, "key": 0, "highway": "secondary", "length_km": 0.085432393476681551, "is_crit_economique": true, "is_crit_securitaire": false }, "geometry": { "type": "LineString", "coordinates": [ [ -73.6129941, 45.5226189 ], [ -73.6130349, 45.522568 ], [ -73.613052, 45.5225492 ], [ -73.613579, 45.5219691 ] ] } },
{ "type": "Feature", "properties": { "u": 221106435, "v": 31701022, "key": 0, "highway": "secondary", "length_km": 0.069438850150744372, "is_crit_economique": true, "is_crit_securitaire": false }, "geometry": { "type": "LineString", "coordinates": [ [ -73.6124254, 45.5232536 ], [ -73.6122608, 45.5234389 ], [ -73.6120186, 45.523711 ], [ -73.6119925, 45.5237411 ], [ -73.6119538, 45.5237835 ] ] } },
{ "type": "Feature", "properties": { "u": 221106435, "v": 221106429, "key": 0, "highway": "secondary", "length_km": 0.083334046794685743, "is_crit_economique": true, "is_crit_securitaire": false }, "geometry": { "type": "LineString", "coordinates": [ [ -73.6124254, 45.5232536 ], [ -73.6129253, 45.5227001 ], [ -73.612947, 45.5226754 ], [ -73.6129941, 45.5226189 ] ] } },
{ "type": "Feature", "properties": { "u": 221106435, "v": 221113274, "key": 0, "highway": "residential", "length_km": 0.17071728997770186, "is_crit_economique": false, "is_crit_securitaire": false }, "geometry": { "type": "LineString", "coordinates": [ [ -73.6124254, 45.5232536 ], [ -73.6125146, 45.5232957 ], [ -73.6128939, 45.5234651 ], [ -73.6138409, 45.5238832 ], [ -73.6141497, 45.5240146 ], [ -73.6142001, 45.5240344 ], [ -73.6142835, 45.5240671 ] ] } },
{ "type": "Feature", "properties": { "u": 221106437, "v": 126094908, "key": 0, "highway": "residential", "length_km": 0.10000547419863375, "is_crit_economique": false, "is_crit_securitaire": false }, "geometry": { "type": "LineString", "coordinates": [ [ -73.6114318, 45.5243631 ], [ -73.6115213, 45.5244028 ], [ -73.6115546, 45.5244176 ], [ -73.6119776, 45.5246052 ], [ -73.6121183, 45.5246676 ], [ -73.6125164, 45.5248442 ] ] } },
{ "type": "Feature", "properties": { "u": 221106437, "v": 1825900796, "key": 0, "highway": "secondary", "length_km": 0.086515393101883692, "is_crit_economique": true, "is_crit_securitaire": false }, "geometry": { "type": "LineString", "coordinates": [ [ -73.6114318, 45.5243631 ], [ -73.6113882, 45.524415 ], [ -73.6111376, 45.5246971 ], [ -73.6108413, 45.525022 ] ] } },
{ "type": "Feature", "properties": { "u": 221106437, "v": 31701022, "key": 0, "highway": "secondary", "length_km": 0.076207646483739414, "is_crit_economique": true, "is_crit_securitaire": false }, "geometry": { "type": "LineString", "coordinates": [ [ -73.6114318, 45.5243631 ], [ -73.6114694, 45.5243213 ], [ -73.6114888, 45.5243001 ], [ -73.6116956, 45.5240717 ], [ -73.6118889, 45.5238576 ], [ -73.6119159, 45.5238258 ], [ -73.6119538, 45.5237835 ] ] } },
{ "type": "Feature", "properties": { "u": 221106464, "v": 1857963725, "key": 0, "highway": "residential", "length_km": 0.16853730842876924, "is_crit_economique": false, "is_crit_securitaire": false }, "geometry": { "type": "LineString", "coordinates": [ [ -73.6077603, 45.5211766 ], [ -73.6078417, 45.5212138 ], [ -73.6082234, 45.5213878 ], [ -73.6084208, 45.5214729 ], [ -73.6084609, 45.5214915 ], [ -73.6091514, 45.5218016 ], [ -73.6094888, 45.5219488 ], [ -73.6095251, 45.5219656 ], [ -73.6095833, 45.5219925 ] ] } },
{ "type": "Feature", "properties": { "u": 221106464, "v": 221106468, "key": 0, "highway": "residential", "length_km": 0.069483256851642528, "is_crit_economique": false, "is_crit_securitaire": false }, "geometry": { "type": "LineString", "coordinates": [ [ -73.6077603, 45.5211766 ], [ -73.607724, 45.5212129 ], [ -73.6076939, 45.521245 ], [ -73.6075589, 45.5213962 ], [ -73.6073511, 45.5216345 ], [ -73.6073255, 45.5216616 ], [ -73.6072877, 45.5217064 ] ] } },
{ "type": "Feature", "properties": { "u": 221106464, "v": 471725446, "key": 0, "highway": "residential", "length_km": 0.082638546986788394, "is_crit_economique": false, "is_crit_securitaire": false }, "geometry": { "type": "LineString", "coordinates": [ [ -73.6077603, 45.5211766 ], [ -73.6077958, 45.5211345 ], [ -73.6078102, 45.5211159 ], [ -73.6079172, 45.5209954 ], [ -73.608247, 45.5206239 ], [ -73.608275, 45.5205924 ], [ -73.6083178, 45.5205444 ] ] } },
{ "type": "Feature", "properties": { "u": 221106468, "v": 221091287, "key": 0, "highway": "residential", "length_km": 0.30642389499007133, "is_crit_economique": false, "is_crit_securitaire": false }, "geometry": { "type": "LineString", "coordinates": [ [ -73.6072877, 45.5217064 ], [ -73.6071948, 45.5216638 ], [ -73.6068215, 45.5214983 ], [ -73.6064745, 45.5213412 ], [ -73.6055488, 45.5209287 ], [ -73.6054891, 45.5209019 ], [ -73.6047061, 45.5205497 ], [ -73.6046042, 45.5205045 ], [ -73.6044409, 45.520432 ], [ -73.6040378, 45.5202558 ], [ -73.6039701, 45.5202263 ] ] } },
{ "type": "Feature", "properties": { "u": 221106468, "v": 221106359, "key": 0, "highway": "residential", "length_km": 0.077466023595208697, "is_crit_economique": false, "is_crit_securitaire": false }, "geometry": { "type": "LineString", "coordinates": [ [ -73.6072877, 45.5217064 ], [ -73.607247, 45.5217529 ], [ -73.607228, 45.5217692 ], [ -73.6070198, 45.5219979 ], [ -73.6068174, 45.522225 ], [ -73.6067965, 45.5222501 ], [ -73.6067545, 45.5222942 ] ] } },
{ "type": "Feature", "properties": { "u": 221106468, "v": 221106464, "key": 0, "highway": "residential", "length_km": 0.069483256851642514, "is_crit_economique": false, "is_crit_securitaire": false }, "geometry": { "type": "LineString", "coordinates": [ [ -73.6072877, 45.5217064 ], [ -73.6073255, 45.5216616 ], [ -73.6073511, 45.5216345 ], [ -73.6075589, 45.5213962 ], [ -73.6076939, 45.521245 ], [ -73.607724, 45.5212129 ], [ -73.6077603, 45.5211766 ] ] } },
{ "type": "Feature", "properties": { "u": 221108180, "v": 124502593, "key": 0, "highway": "residential", "length_km": 0.068945732562067735, "is_crit_economique": false, "is_crit_securitaire": false }, "geometry": { "type": "LineString", "coordinates": [ [ -73.6025821, 45.5188703 ], [ -73.6025384, 45.5189192 ], [ -73.6021514, 45.5193531 ], [ -73.6021131, 45.5193961 ] ] } },
{ "type": "Feature", "properties": { "u": 221108180, "v": 9680726835, "key": 0, "highway": "residential", "length_km": 0.082918227946553069, "is_crit_economique": false, "is_crit_securitaire": false }, "geometry": { "type": "LineString", "coordinates": [ [ -73.6025821, 45.5188703 ], [ -73.6026203, 45.5188262 ], [ -73.6028477, 45.5185642 ], [ -73.6030689, 45.5183155 ], [ -73.6030953, 45.5182846 ], [ -73.6031426, 45.5182365 ] ] } },
{ "type": "Feature", "properties": { "u": 221108180, "v": 124524581, "key": 0, "highway": "residential", "length_km": 0.17164458393252258, "is_crit_economique": false, "is_crit_securitaire": false }, "geometry": { "type": "LineString", "coordinates": [ [ -73.6025821, 45.5188703 ], [ -73.6026365, 45.5188945 ], [ -73.604025, 45.5195134 ], [ -73.604344, 45.519658 ], [ -73.6043728, 45.5196704 ], [ -73.6044404, 45.5196994 ] ] } },
{ "type": "Feature", "properties": { "u": 221108317, "v": 9680726835, "key": 0, "highway": "residential", "length_km": 0.08562535543236649, "is_crit_economique": false, "is_crit_securitaire": false }, "geometry": { "type": "LineString", "coordinates": [ [ -73.6037371, 45.517589 ], [ -73.6037037, 45.5176272 ], [ -73.6036791, 45.517657 ], [ -73.6032295, 45.5181489 ], [ -73.6031927, 45.5181871 ], [ -73.6031426, 45.5182365 ] ] } },
{ "type": "Feature", "properties": { "u": 221108317, "v": 221110240, "key": 0, "highway": "residential", "length_km": 0.0858774658250432, "is_crit_economique": false, "is_crit_securitaire": false }, "geometry": { "type": "LineString", "coordinates": [ [ -73.6037371, 45.517589 ], [ -73.6037729, 45.5175477 ], [ -73.6038043, 45.5175148 ], [ -73.6040192, 45.5172741 ], [ -73.6042544, 45.5170189 ], [ -73.6042831, 45.5169877 ], [ -73.6043266, 45.5169365 ] ] } },
{ "type": "Feature", "properties": { "u": 221108317, "v": 31700231, "key": 0, "highway": "residential", "length_km": 0.29263933406317272, "is_crit_economique": false, "is_crit_securitaire": false }, "geometry": { "type": "LineString", "coordinates": [ [ -73.6037371, 45.517589 ], [ -73.6036771, 45.5175627 ], [ -73.6014643, 45.5165884 ], [ -73.6014162, 45.5165555 ], [ -73.6013829, 45.5165096 ], [ -73.6011534, 45.515994 ], [ -73.601137, 45.5159572 ], [ -73.6011137, 45.5158853 ] ] } },
{ "type": "Feature", "properties": { "u": 221110240, "v": 124504833, "key": 0, "highway": "residential", "length_km": 0.21840015859662812, "is_crit_economique": false, "is_crit_securitaire": false }, "geometry": { "type": "LineString", "coordinates": [ [ -73.6043266, 45.5169365 ], [ -73.6021721, 45.5159985 ], [ -73.6021265, 45.5159563 ], [ -73.602112, 45.5159221 ], [ -73.6021054, 45.5159009 ], [ -73.602091, 45.5158251 ] ] } },
{ "type": "Feature", "properties": { "u": 221110240, "v": 221108317, "key": 0, "highway": "residential", "length_km": 0.0858774658250432, "is_crit_economique": false, "is_crit_securitaire": false }, "geometry": { "type": "LineString", "coordinates": [ [ -73.6043266, 45.5169365 ], [ -73.6042831, 45.5169877 ], [ -73.6042544, 45.5170189 ], [ -73.6040192, 45.5172741 ], [ -73.6038043, 45.5175148 ], [ -73.6037729, 45.5175477 ], [ -73.6037371, 45.517589 ] ] } },
{ "type": "Feature", "properties": { "u": 221110584, "v": 126092384, "key": 0, "highway": "residential", "length_km": 0.14460148240180362, "is_crit_economique": false, "is_crit_securitaire": false }, "geometry": { "type": "LineString", "coordinates": [ [ -73.604728, 45.5171189 ], [ -73.6047652, 45.5170782 ], [ -73.6049938, 45.5168177 ], [ -73.6050601, 45.5167428 ], [ -73.6051122, 45.5167073 ], [ -73.605144, 45.5166868 ], [ -73.6052336, 45.5166473 ], [ -73.6055692, 45.5165214 ], [ -73.6056059, 45.5165016 ], [ -73.6056571, 45.5164674 ], [ -73.6059127, 45.5162202 ], [ -73.6059535, 45.5161807 ] ] } },
{ "type": "Feature", "properties": { "u": 221110584, "v": 221110240, "key": 0, "highway": "residential", "length_km": 0.037275936478171644, "is_crit_economique": false, "is_crit_securitaire": false }, "geometry": { "type": "LineString", "coordinates": [ [ -73.604728, 45.5171189 ], [ -73.6043966, 45.516969 ], [ -73.6043266, 45.5169365 ] ] } },
{ "type": "Feature", "properties": { "u": 221112922, "v": 31700228, "key": 0, "highway": "residential", "length_km": 0.14270274505070549, "is_crit_economique": false, "is_crit_securitaire": false }, "geometry": { "type": "LineString", "coordinates": [ [ -73.6076636, 45.5160885 ], [ -73.6076102, 45.5160646 ], [ -73.6075675, 45.5160455 ], [ -73.6067605, 45.5156825 ], [ -73.6064829, 45.5155562 ], [ -73.6064585, 45.5155438 ], [ -73.6064368, 45.5155324 ], [ -73.6064155, 45.5155169 ], [ -73.6063978, 45.5154993 ], [ -73.6063841, 45.5154801 ], [ -73.6063747, 45.5154596 ], [ -73.6063641, 45.5154289 ], [ -73.6063538, 45.5153922 ], [ -73.606347, 45.5153657 ], [ -73.6063294, 45.5152892 ] ] } },
{ "type": "Feature", "properties": { "u": 221112922, "v": 126094068, "key": 0, "highway": "residential", "length_km": 0.087820681252081437, "is_crit_economique": false, "is_crit_securitaire": false }, "geometry": { "type": "LineString", "coordinates": [ [ -73.6076636, 45.5160885 ], [ -73.6076156, 45.5161423 ], [ -73.607573, 45.51619 ], [ -73.6071089, 45.51671 ], [ -73.6070659, 45.5167581 ] ] } },
{ "type": "Feature", "properties": { "u": 221112922, "v": 596999795, "key": 0, "highway": "residential", "length_km": 0.29989016672928598, "is_crit_economique": false, "is_crit_securitaire": false }, "geometry": { "type": "LineString", "coordinates": [ [ -73.6076636, 45.5160885 ], [ -73.6077432, 45.5161264 ], [ -73.607769, 45.5161384 ], [ -73.6085674, 45.5164966 ], [ -73.6088198, 45.5166098 ], [ -73.6092201, 45.5167895 ], [ -73.6095818, 45.5169519 ], [ -73.6100307, 45.5171558 ], [ -73.6104992, 45.5173685 ], [ -73.6107847, 45.5174963 ], [ -73.6108342, 45.5175224 ], [ -73.6108934, 45.5175548 ] ] } },
{ "type": "Feature", "properties": { "u": 221112989, "v": 596999795, "key": 0, "highway": "residential", "length_km": 0.013361488185903528, "is_crit_economique": false, "is_crit_securitaire": false }, "geometry": { "type": "LineString", "coordinates": [ [ -73.6110337, 45.5176239 ], [ -73.6108934, 45.5175548 ] ] } },
{ "type": "Feature", "properties": { "u": 221112989, "v": 596999784, "key": 0, "highway": "residential", "length_km": 0.080739948371744932, "is_crit_economique": false, "is_crit_securitaire": false }, "geometry": { "type": "LineString", "coordinates": [ [ -73.6110337, 45.5176239 ], [ -73.611083, 45.5175692 ], [ -73.6115312, 45.5170674 ], [ -73.6115535, 45.5170424 ], [ -73.6115837, 45.5170085 ] ] } },
{ "type": "Feature", "properties": { "u": 221112989, "v": 221106397, "key": 0, "highway": "residential", "length_km": 0.16330985394577086, "is_crit_economique": false, "is_crit_securitaire": false }, "geometry": { "type": "LineString", "coordinates": [ [ -73.6110337, 45.5176239 ], [ -73.6110946, 45.5176506 ], [ -73.6114881, 45.5178284 ], [ -73.6126773, 45.5183637 ], [ -73.6127264, 45.5183861 ], [ -73.6127974, 45.5184175 ] ] } },
{ "type": "Feature", "properties": { "u": 221113177, "v": 437729754, "key": 0, "highway": "residential", "length_km": 0.17007180714392903, "is_crit_economique": false, "is_crit_securitaire": false }, "geometry": { "type": "LineString", "coordinates": [ [ -73.6154163, 45.522795 ], [ -73.6153435, 45.5227638 ], [ -73.6150608, 45.5226336 ], [ -73.614979, 45.5225959 ], [ -73.6147874, 45.5225104 ], [ -73.6140402, 45.5221789 ], [ -73.6137044, 45.5220272 ], [ -73.6136645, 45.5220087 ], [ -73.613579, 45.5219691 ] ] } },
{ "type": "Feature", "properties": { "u": 221113177, "v": 9680726834, "key": 0, "highway": "residential", "length_km": 0.087042316884977253, "is_crit_economique": false, "is_crit_securitaire": false }, "geometry": { "type": "LineString", "coordinates": [ [ -73.6154163, 45.522795 ], [ -73.6154545, 45.5227435 ], [ -73.6154736, 45.5227178 ], [ -73.6159329, 45.5221985 ], [ -73.6159613, 45.5221669 ], [ -73.6159994, 45.5221276 ] ] } },
{ "type": "Feature", "properties": { "u": 221113177, "v": 221113204, "key": 0, "highway": "residential", "length_km": 0.08450950968630111, "is_crit_economique": false, "is_crit_securitaire": false }, "geometry": { "type": "LineString", "coordinates": [ [ -73.6154163, 45.522795 ], [ -73.6153801, 45.5228387 ], [ -73.6150456, 45.523219 ], [ -73.6148858, 45.523393 ], [ -73.6148427, 45.52344 ] ] } },
{ "type": "Feature", "properties": { "u": 221113177, "v": 5515312073, "key": 0, "highway": "residential", "length_km": 0.094180010338789158, "is_crit_economique": false, "is_crit_securitaire": false }, "geometry": { "type": "LineString", "coordinates": [ [ -73.6154163, 45.522795 ], [ -73.6154915, 45.5228293 ], [ -73.6158473, 45.5229856 ], [ -73.6163761, 45.523231 ], [ -73.6164309, 45.5232554 ] ] } },
{ "type": "Feature", "properties": { "u": 221113204, "v": 221106429, "key": 0, "highway": "residential", "length_km": 0.17052173206162735, "is_crit_economique": false, "is_crit_securitaire": false }, "geometry": { "type": "LineString", "coordinates": [ [ -73.6148427, 45.52344 ], [ -73.6147648, 45.523406 ], [ -73.6144058, 45.5232497 ], [ -73.6142064, 45.5231608 ], [ -73.6134635, 45.5228296 ], [ -73.6131145, 45.5226726 ], [ -73.6130824, 45.5226582 ], [ -73.6129941, 45.5226189 ] ] } },
{ "type": "Feature", "properties": { "u": 221113204, "v": 221113177, "key": 0, "highway": "residential", "length_km": 0.08450950968630111, "is_crit_economique": false, "is_crit_securitaire": false }, "geometry": { "type": "LineString", "coordinates": [ [ -73.6148427, 45.52344 ], [ -73.6148858, 45.523393 ], [ -73.6150456, 45.523219 ], [ -73.6153801, 45.5228387 ], [ -73.6154163, 45.522795 ] ] } },
{ "type": "Feature", "properties": { "u": 221113204, "v": 221113274, "key": 0, "highway": "residential", "length_km": 0.082220449286837818, "is_crit_economique": false, "is_crit_securitaire": false }, "geometry": { "type": "LineString", "coordinates": [ [ -73.6148427, 45.52344 ], [ -73.6147926, 45.5234962 ], [ -73.6143138, 45.5240336 ], [ -73.6142835, 45.5240671 ] ] } },
{ "type": "Feature", "properties": { "u": 221113274, "v": 221113204, "key": 0, "highway": "residential", "length_km": 0.082220449286837818, "is_crit_economique": false, "is_crit_securitaire": false }, "geometry": { "type": "LineString", "coordinates": [ [ -73.6142835, 45.5240671 ], [ -73.6143138, 45.5240336 ], [ -73.6147926, 45.5234962 ], [ -73.6148427, 45.52344 ] ] } },
{ "type": "Feature", "properties": { "u": 221113274, "v": 126068173, "key": 0, "highway": "residential", "length_km": 0.030406049638651508, "is_crit_economique": false, "is_crit_securitaire": false }, "geometry": { "type": "LineString", "coordinates": [ [ -73.6142835, 45.5240671 ], [ -73.614371, 45.5241066 ], [ -73.6146116, 45.5242152 ] ] } },
{ "type": "Feature", "properties": { "u": 221113274, "v": 221106435, "key": 0, "highway": "residential", "length_km": 0.17071728997770183, "is_crit_economique": false, "is_crit_securitaire": false }, "geometry": { "type": "LineString", "coordinates": [ [ -73.6142835, 45.5240671 ], [ -73.6142001, 45.5240344 ], [ -73.6141497, 45.5240146 ], [ -73.6138409, 45.5238832 ], [ -73.6128939, 45.5234651 ], [ -73.6125146, 45.5232957 ], [ -73.6124254, 45.5232536 ] ] } },
{ "type": "Feature", "properties": { "u": 221128630, "v": 126073336, "key": 0, "highway": "residential", "length_km": 0.086983458457355625, "is_crit_economique": false, "is_crit_securitaire": false }, "geometry": { "type": "LineString", "coordinates": [ [ -73.6127444, 45.5155872 ], [ -73.6127807, 45.5155466 ], [ -73.6128158, 45.5155068 ], [ -73.6132785, 45.5149902 ], [ -73.6133067, 45.514957 ], [ -73.6133375, 45.5149245 ] ] } },
{ "type": "Feature", "properties": { "u": 221128630, "v": 31700226, "key": 0, "highway": "tertiary", "length_km": 0.23198891345657557, "is_crit_economique": false, "is_crit_securitaire": false }, "geometry": { "type": "LineString", "coordinates": [ [ -73.6127444, 45.5155872 ], [ -73.6126864, 45.5155609 ], [ -73.6125666, 45.5155081 ], [ -73.612281, 45.5153772 ], [ -73.6112944, 45.5149385 ], [ -73.6111624, 45.5148798 ], [ -73.6111299, 45.5148653 ], [ -73.6110958, 45.514849 ], [ -73.6110653, 45.5148315 ], [ -73.6110449, 45.5148173 ], [ -73.6110235, 45.5148003 ], [ -73.6110058, 45.5147846 ], [ -73.6109872, 45.514765 ], [ -73.6109742, 45.5147507 ], [ -73.6109646, 45.514737 ], [ -73.6109535, 45.5147201 ], [ -73.610922, 45.5146703 ], [ -73.6107237, 45.5143094 ], [ -73.6107115, 45.5142841 ], [ -73.6107074, 45.5142015 ] ] } },
{ "type": "Feature", "properties": { "u": 221128630, "v": 126073338, "key": 0, "highway": "residential", "length_km": 0.087068695211576411, "is_crit_economique": false, "is_crit_securitaire": false }, "geometry": { "type": "LineString", "coordinates": [ [ -73.6127444, 45.5155872 ], [ -73.612715, 45.515621 ], [ -73.6126817, 45.5156604 ], [ -73.6121977, 45.5162018 ], [ -73.612178, 45.5162224 ], [ -73.6121529, 45.5162515 ] ] } },
{ "type": "Feature", "properties": { "u": 300103857, "v": 5415829803, "key": 0, "highway": "tertiary", "length_km": 0.020847946877468559, "is_crit_economique": false, "is_crit_securitaire": false }, "geometry": { "type": "LineString", "coordinates": [ [ -73.6130166, 45.5105597 ], [ -73.6132355, 45.5106675 ] ] } },
{ "type": "Feature", "properties": { "u": 300103857, "v": 31700055, "key": 0, "highway": "tertiary", "length_km": 0.073982163695449285, "is_crit_economique": false, "is_crit_securitaire": false }, "geometry": { "type": "LineString", "coordinates": [ [ -73.6130166, 45.5105597 ], [ -73.6129629, 45.5105295 ], [ -73.6128837, 45.5104943 ], [ -73.6126021, 45.5103681 ], [ -73.6123714, 45.5102633 ], [ -73.6122236, 45.5101943 ] ] } },
{ "type": "Feature", "properties": { "u": 300103857, "v": 303433230, "key": 0, "highway": "residential", "length_km": 0.070320864982094042, "is_crit_economique": false, "is_crit_securitaire": false }, "geometry": { "type": "LineString", "coordinates": [ [ -73.6130166, 45.5105597 ], [ -73.6130767, 45.5104965 ], [ -73.6131511, 45.5104134 ], [ -73.6134523, 45.5100774 ], [ -73.6134764, 45.5100408 ], [ -73.6134891, 45.5100215 ] ] } },
{ "type": "Feature", "properties": { "u": 303431774, "v": 1975853548, "key": 0, "highway": "residential", "length_km": 0.047523479067410432, "is_crit_economique": false, "is_crit_securitaire": false }, "geometry": { "type": "LineString", "coordinates": [ [ -73.6186599, 45.5113577 ], [ -73.6182708, 45.5111901 ], [ -73.6181212, 45.5111671 ] ] } },
{ "type": "Feature", "properties": { "u": 303432802, "v": 1969920684, "key": 0, "highway": "residential", "length_km": 0.082294782526441623, "is_crit_economique": false, "is_crit_securitaire": false }, "geometry": { "type": "LineString", "coordinates": [ [ -73.6163768, 45.5125631 ], [ -73.6163308, 45.5126141 ], [ -73.6158772, 45.5131169 ], [ -73.6158447, 45.5131506 ], [ -73.6158136, 45.5131891 ] ] } },
{ "type": "Feature", "properties": { "u": 303432802, "v": 1975853560, "key": 0, "highway": "residential", "length_km": 0.10239509286880985, "is_crit_economique": false, "is_crit_securitaire": false }, "geometry": { "type": "LineString", "coordinates": [ [ -73.6163768, 45.5125631 ], [ -73.6164134, 45.512524 ], [ -73.6164429, 45.5124926 ], [ -73.6170225, 45.5118371 ], [ -73.6170727, 45.511782 ] ] } },
{ "type": "Feature", "properties": { "u": 303432802, "v": 3382995922, "key": 0, "highway": "residential", "length_km": 0.10337989396115491, "is_crit_economique": false, "is_crit_securitaire": false }, "geometry": { "type": "LineString", "coordinates": [ [ -73.6163768, 45.5125631 ], [ -73.6163003, 45.5125304 ], [ -73.6152552, 45.5120665 ] ] } },
{ "type": "Feature", "properties": { "u": 303433230, "v": 300103857, "key": 0, "highway": "residential", "length_km": 0.070320864982094042, "is_crit_economique": false, "is_crit_securitaire": false }, "geometry": { "type": "LineString", "coordinates": [ [ -73.6134891, 45.5100215 ], [ -73.6134764, 45.5100408 ], [ -73.6134523, 45.5100774 ], [ -73.6131511, 45.5104134 ], [ -73.6130767, 45.5104965 ], [ -73.6130166, 45.5105597 ] ] } },
{ "type": "Feature", "properties": { "u": 310090260, "v": 310090261, "key": 0, "highway": "residential", "length_km": 0.070101395562905303, "is_crit_economique": false, "is_crit_securitaire": false }, "geometry": { "type": "LineString", "coordinates": [ [ -73.5949961, 45.5153264 ], [ -73.5950034, 45.5152732 ], [ -73.5950082, 45.5152323 ], [ -73.5950352, 45.5148283 ], [ -73.5950458, 45.514697 ] ] } },
{ "type": "Feature", "properties": { "u": 310090260, "v": 29795235, "key": 0, "highway": "residential", "length_km": 0.18281149079364045, "is_crit_economique": false, "is_crit_securitaire": false }, "geometry": { "type": "LineString", "coordinates": [ [ -73.5949961, 45.5153264 ], [ -73.5948996, 45.5153164 ], [ -73.5948464, 45.5153109 ], [ -73.5946265, 45.5152682 ], [ -73.5943895, 45.5152311 ], [ -73.5940944, 45.5151846 ], [ -73.5940355, 45.51518 ], [ -73.5939766, 45.5151829 ], [ -73.5939166, 45.5151964 ], [ -73.5938776, 45.5152237 ], [ -73.5938641, 45.5152774 ], [ -73.5938721, 45.5153139 ], [ -73.5938914, 45.5153471 ], [ -73.5939292, 45.5153836 ], [ -73.5943658, 45.5156718 ], [ -73.5944292, 45.515732 ], [ -73.5944484, 45.5157709 ], [ -73.5944441, 45.5157952 ], [ -73.5944326, 45.5158226 ], [ -73.5944049, 45.5158884 ] ] } },
{ "type": "Feature", "properties": { "u": 310090260, "v": 213649488, "key": 0, "highway": "residential", "length_km": 0.40931903536891107, "is_crit_economique": false, "is_crit_securitaire": false }, "geometry": { "type": "LineString", "coordinates": [ [ -73.5949961, 45.5153264 ], [ -73.5950663, 45.5153345 ], [ -73.5951087, 45.5153394 ], [ -73.5953264, 45.5153571 ], [ -73.5956229, 45.5153675 ], [ -73.595942, 45.5153625 ], [ -73.5964496, 45.5153162 ], [ -73.596793, 45.5152819 ], [ -73.5969389, 45.5152703 ], [ -73.5970374, 45.5152651 ], [ -73.5972005, 45.5152641 ], [ -73.5978916, 45.5152806 ], [ -73.5979287, 45.5152815 ], [ -73.5981332, 45.5152779 ], [ -73.5983395, 45.5152489 ], [ -73.5993206, 45.5150197 ], [ -73.5995082, 45.5149522 ], [ -73.5999894, 45.5147114 ], [ -73.6000354, 45.5146884 ] ] } },
{ "type": "Feature", "properties": { "u": 310090261, "v": 661852604, "key": 0, "highway": "residential", "length_km": 0.2068699825419672, "is_crit_economique": false, "is_crit_securitaire": false }, "geometry": { "type": "LineString", "coordinates": [ [ -73.5950458, 45.514697 ], [ -73.5949751, 45.5146941 ], [ -73.5939696, 45.5146531 ], [ -73.5936646, 45.514641 ], [ -73.5930943, 45.5146231 ], [ -73.5923946, 45.5145981 ] ] } },
{ "type": "Feature", "properties": { "u": 310090261, "v": 9307175743, "key": 0, "highway": "residential", "length_km": 0.32907363149259483, "is_crit_economique": false, "is_crit_securitaire": false }, "geometry": { "type": "LineString", "coordinates": [ [ -73.5950458, 45.514697 ], [ -73.595342, 45.5147001 ], [ -73.5956422, 45.5146997 ], [ -73.5959871, 45.5146939 ], [ -73.5963325, 45.5146863 ], [ -73.596562, 45.514677 ], [ -73.5968125, 45.5146716 ], [ -73.5969384, 45.5146623 ], [ -73.5971276, 45.5146342 ], [ -73.5973663, 45.5145712 ], [ -73.597508, 45.514508 ], [ -73.597698, 45.514404 ], [ -73.598076, 45.514131 ], [ -73.5985571, 45.5136567 ], [ -73.5986134, 45.5136001 ] ] } },
{ "type": "Feature", "properties": { "u": 310090261, "v": 310090260, "key": 0, "highway": "residential", "length_km": 0.070101395562905303, "is_crit_economique": false, "is_crit_securitaire": false }, "geometry": { "type": "LineString", "coordinates": [ [ -73.5950458, 45.514697 ], [ -73.5950352, 45.5148283 ], [ -73.5950082, 45.5152323 ], [ -73.5950034, 45.5152732 ], [ -73.5949961, 45.5153264 ] ] } },
{ "type": "Feature", "properties": { "u": 310683067, "v": 526533292, "key": 0, "highway": "residential", "length_km": 0.12211044885168286, "is_crit_economique": false, "is_crit_securitaire": false }, "geometry": { "type": "LineString", "coordinates": [ [ -73.6094942, 45.5192324 ], [ -73.6095375, 45.5191838 ], [ -73.609568, 45.5191496 ], [ -73.6097731, 45.5189195 ], [ -73.6100529, 45.5186035 ], [ -73.6102766, 45.5183547 ], [ -73.6102934, 45.5183342 ], [ -73.6103261, 45.5183018 ] ] } },
{ "type": "Feature", "properties": { "u": 310683067, "v": 1420077700, "key": 0, "highway": "residential", "length_km": 0.089910502908616713, "is_crit_economique": false, "is_crit_securitaire": false }, "geometry": { "type": "LineString", "coordinates": [ [ -73.6094942, 45.5192324 ], [ -73.6094031, 45.5191915 ], [ -73.6090556, 45.5190355 ], [ -73.6085216, 45.5187972 ] ] } },
{ "type": "Feature", "properties": { "u": 310683067, "v": 1420077705, "key": 0, "highway": "residential", "length_km": 0.090778972974484756, "is_crit_economique": false, "is_crit_securitaire": false }, "geometry": { "type": "LineString", "coordinates": [ [ -73.6094942, 45.5192324 ], [ -73.6095897, 45.5192794 ], [ -73.6096456, 45.5193043 ], [ -73.6098185, 45.5193814 ], [ -73.6099513, 45.5194415 ], [ -73.6102031, 45.5195553 ], [ -73.6104744, 45.5196736 ] ] } },
{ "type": "Feature", "properties": { "u": 310683067, "v": 471725443, "key": 0, "highway": "residential", "length_km": 0.086018968109787972, "is_crit_economique": false, "is_crit_securitaire": false }, "geometry": { "type": "LineString", "coordinates": [ [ -73.6094942, 45.5192324 ], [ -73.6094424, 45.5192912 ], [ -73.6093781, 45.5193642 ], [ -73.6089712, 45.5198262 ], [ -73.6089523, 45.5198466 ], [ -73.6089123, 45.5198898 ] ] } },
{ "type": "Feature", "properties": { "u": 391531806, "v": 31700231, "key": 0, "highway": "secondary", "length_km": 0.033779329020005952, "is_crit_economique": true, "is_crit_securitaire": false }, "geometry": { "type": "LineString", "coordinates": [ [ -73.6006812, 45.5159063 ], [ -73.6011137, 45.5158853 ] ] } },
{ "type": "Feature", "properties": { "u": 391531806, "v": 213649886, "key": 0, "highway": "residential", "length_km": 0.02227388357255615, "is_crit_economique": false, "is_crit_securitaire": false }, "geometry": { "type": "LineString", "coordinates": [ [ -73.6006812, 45.5159063 ], [ -73.6006721, 45.515825 ], [ -73.6006693, 45.5157967 ], [ -73.6006602, 45.5157428 ], [ -73.6006644, 45.5157068 ] ] } },
{ "type": "Feature", "properties": { "u": 391531806, "v": 4504112773, "key": 0, "highway": "secondary", "length_km": 0.15239557461395334, "is_crit_economique": true, "is_crit_securitaire": false }, "geometry": { "type": "LineString", "coordinates": [ [ -73.6006812, 45.5159063 ], [ -73.5988952, 45.5160529 ], [ -73.598855, 45.5160562 ], [ -73.5987386, 45.5160659 ] ] } },
{ "type": "Feature", "properties": { "u": 428525931, "v": 2378096434, "key": 0, "highway": "tertiary", "length_km": 0.025894106161123368, "is_crit_economique": false, "is_crit_securitaire": false }, "geometry": { "type": "LineString", "coordinates": [ [ -73.6203285, 45.5199414 ], [ -73.6205137, 45.5198552 ], [ -73.6206074, 45.5198148 ] ] } },
{ "type": "Feature", "properties": { "u": 428525931, "v": 4514457621, "key": 0, "highway": "tertiary", "length_km": 0.028358609989271907, "is_crit_economique": false, "is_crit_securitaire": false }, "geometry": { "type": "LineString", "coordinates": [ [ -73.6203285, 45.5199414 ], [ -73.6203834, 45.5199727 ], [ -73.6204455, 45.520004 ], [ -73.620497, 45.5200267 ], [ -73.62053, 45.5200412 ], [ -73.6205771, 45.5200595 ], [ -73.6206345, 45.5200778 ] ] } },
{ "type": "Feature", "properties": { "u": 437719105, "v": 1765630409, "key": 0, "highway": "residential", "length_km": 0.17005587471043623, "is_crit_economique": false, "is_crit_securitaire": false }, "geometry": { "type": "LineString", "coordinates": [ [ -73.6185917, 45.5163438 ], [ -73.6186826, 45.5163844 ], [ -73.6187066, 45.5163946 ], [ -73.6192133, 45.5166197 ], [ -73.6199573, 45.516946 ], [ -73.6203859, 45.5171361 ], [ -73.620438, 45.5171594 ] ] } },
{ "type": "Feature", "properties": { "u": 437719105, "v": 209390670, "key": 0, "highway": "secondary", "length_km": 0.084957459012012848, "is_crit_economique": true, "is_crit_securitaire": false }, "geometry": { "type": "LineString", "coordinates": [ [ -73.6185917, 45.5163438 ], [ -73.6186394, 45.5162879 ], [ -73.6190989, 45.5157753 ], [ -73.6191305, 45.5157399 ], [ -73.6191698, 45.515696 ] ] } },
{ "type": "Feature", "properties": { "u": 437719105, "v": 209364977, "key": 0, "highway": "secondary", "length_km": 0.087884254394785102, "is_crit_economique": true, "is_crit_securitaire": false }, "geometry": { "type": "LineString", "coordinates": [ [ -73.6185917, 45.5163438 ], [ -73.6185602, 45.5163791 ], [ -73.618067, 45.516931 ], [ -73.6180328, 45.5169707 ], [ -73.617995, 45.5170145 ] ] } },
{ "type": "Feature", "properties": { "u": 437719105, "v": 9943289208, "key": 0, "highway": "residential", "length_km": 0.2608269493535687, "is_crit_economique": false, "is_crit_securitaire": false }, "geometry": { "type": "LineString", "coordinates": [ [ -73.6185917, 45.5163438 ], [ -73.6185027, 45.5163037 ], [ -73.6179688, 45.5160635 ], [ -73.6171511, 45.5156957 ], [ -73.6164137, 45.5153639 ], [ -73.6158967, 45.5151314 ], [ -73.6158637, 45.5151166 ], [ -73.6158313, 45.5151013 ], [ -73.6157759, 45.5150753 ] ] } },
{ "type": "Feature", "properties": { "u": 437719778, "v": 209390697, "key": 0, "highway": "tertiary", "length_km": 0.16953221817720043, "is_crit_economique": false, "is_crit_securitaire": false }, "geometry": { "type": "LineString", "coordinates": [ [ -73.6168034, 45.5183439 ], [ -73.6168951, 45.5183841 ], [ -73.6170079, 45.518436 ], [ -73.6172561, 45.5185475 ], [ -73.6182204, 45.5189779 ], [ -73.6185253, 45.5191167 ], [ -73.6185674, 45.5191357 ], [ -73.6185866, 45.5191451 ], [ -73.6186355, 45.5191664 ] ] } },
{ "type": "Feature", "properties": { "u": 437719778, "v": 209390694, "key": 0, "highway": "secondary", "length_km": 0.088284707741529841, "is_crit_economique": true, "is_crit_securitaire": false }, "geometry": { "type": "LineString", "coordinates": [ [ -73.6168034, 45.5183439 ], [ -73.6167667, 45.5183878 ], [ -73.6167414, 45.5184162 ], [ -73.6163085, 45.5189023 ], [ -73.6162729, 45.5189423 ], [ -73.616205, 45.5190181 ] ] } },
{ "type": "Feature", "properties": { "u": 437719778, "v": 437788171, "key": 0, "highway": "secondary", "length_km": 0.08746811880819963, "is_crit_economique": true, "is_crit_securitaire": false }, "geometry": { "type": "LineString", "coordinates": [ [ -73.6168034, 45.5183439 ], [ -73.6168329, 45.5183112 ], [ -73.6168615, 45.5182793 ], [ -73.6173387, 45.5177484 ], [ -73.6173711, 45.5177124 ], [ -73.6174017, 45.5176783 ] ] } },
{ "type": "Feature", "properties": { "u": 437729754, "v": 221106382, "key": 0, "highway": "residential", "length_km": 0.26261954347419347, "is_crit_economique": false, "is_crit_securitaire": false }, "geometry": { "type": "LineString", "coordinates": [ [ -73.613579, 45.5219691 ], [ -73.6134741, 45.5219217 ], [ -73.6131397, 45.521771 ], [ -73.612688, 45.5215674 ], [ -73.6114883, 45.5210375 ], [ -73.6111982, 45.5209041 ], [ -73.6108343, 45.5207487 ], [ -73.6108088, 45.5207369 ], [ -73.6107347, 45.5207018 ] ] } },
{ "type": "Feature", "properties": { "u": 437729754, "v": 221106429, "key": 0, "highway": "secondary", "length_km": 0.085432393476681551, "is_crit_economique": true, "is_crit_securitaire": false }, "geometry": { "type": "LineString", "coordinates": [ [ -73.613579, 45.5219691 ], [ -73.613052, 45.5225492 ], [ -73.6130349, 45.522568 ], [ -73.6129941, 45.5226189 ] ] } },
{ "type": "Feature", "properties": { "u": 437729754, "v": 221106425, "key": 0, "highway": "secondary", "length_km": 0.086264247063059504, "is_crit_economique": true, "is_crit_securitaire": false }, "geometry": { "type": "LineString", "coordinates": [ [ -73.613579, 45.5219691 ], [ -73.6138168, 45.5216947 ], [ -73.6140828, 45.5214011 ], [ -73.6141073, 45.5213735 ], [ -73.6141634, 45.5213102 ] ] } },
{ "type": "Feature", "properties": { "u": 437731034, "v": 438111583, "key": 0, "highway": "tertiary", "length_km": 0.011255685231767591, "is_crit_economique": false, "is_crit_securitaire": false }, "geometry": { "type": "LineString", "coordinates": [ [ -73.5966188, 45.5187197 ], [ -73.5966936, 45.5186331 ] ] } },
{ "type": "Feature", "properties": { "u": 437732887, "v": 221101701, "key": 0, "highway": "residential", "length_km": 0.085658423718762061, "is_crit_economique": false, "is_crit_securitaire": false }, "geometry": { "type": "LineString", "coordinates": [ [ -73.5983591, 45.5194861 ], [ -73.598415, 45.5194306 ], [ -73.5986527, 45.5191613 ], [ -73.5988766, 45.5188997 ], [ -73.5988999, 45.5188719 ], [ -73.5989382, 45.5188315 ] ] } },
{ "type": "Feature", "properties": { "u": 437732887, "v": 437788057, "key": 0, "highway": "residential", "length_km": 0.41432008468346687, "is_crit_economique": false, "is_crit_securitaire": false }, "geometry": { "type": "LineString", "coordinates": [ [ -73.5983591, 45.5194861 ], [ -73.5984306, 45.5195095 ], [ -73.5993719, 45.5199269 ], [ -73.60279, 45.5214437 ], [ -73.6028568, 45.5214734 ] ] } },
{ "type": "Feature", "properties": { "u": 437733314, "v": 438111584, "key": 0, "highway": "residential", "length_km": 0.060091024712358762, "is_crit_economique": false, "is_crit_securitaire": false }, "geometry": { "type": "LineString", "coordinates": [ [ -73.5952668, 45.5180138 ], [ -73.5953823, 45.5180655 ], [ -73.5958783, 45.5182758 ], [ -73.5959257, 45.5182946 ] ] } },
{ "type": "Feature", "properties": { "u": 437733314, "v": 1851835123, "key": 0, "highway": "secondary", "length_km": 0.039905538457993175, "is_crit_economique": true, "is_crit_securitaire": false }, "geometry": { "type": "LineString", "coordinates": [ [ -73.5952668, 45.5180138 ], [ -73.5953228, 45.5179501 ], [ -73.5955344, 45.5177078 ] ] } },
{ "type": "Feature", "properties": { "u": 437788045, "v": 437788242, "key": 0, "highway": "residential", "length_km": 0.16858309224644918, "is_crit_economique": false, "is_crit_securitaire": false }, "geometry": { "type": "LineString", "coordinates": [ [ -73.6061747, 45.5229476 ], [ -73.6062685, 45.5229885 ], [ -73.6062973, 45.523001 ], [ -73.6064623, 45.52307 ], [ -73.607594, 45.523567 ], [ -73.6079472, 45.5237192 ], [ -73.6080129, 45.5237475 ] ] } },
{ "type": "Feature", "properties": { "u": 437788045, "v": 437788057, "key": 0, "highway": "residential", "length_km": 0.30610834106288537, "is_crit_economique": false, "is_crit_securitaire": false }, "geometry": { "type": "LineString", "coordinates": [ [ -73.6061747, 45.5229476 ], [ -73.6060808, 45.5229092 ], [ -73.60605, 45.5228989 ], [ -73.6029258, 45.5215041 ], [ -73.6028568, 45.5214734 ] ] } },
{ "type": "Feature", "properties": { "u": 437788045, "v": 221106359, "key": 0, "highway": "residential", "length_km": 0.085556632592206722, "is_crit_economique": false, "is_crit_securitaire": false }, "geometry": { "type": "LineString", "coordinates": [ [ -73.6061747, 45.5229476 ], [ -73.6062257, 45.5228902 ], [ -73.6062425, 45.5228713 ], [ -73.6064665, 45.5226212 ], [ -73.6065588, 45.5225172 ], [ -73.6066895, 45.5223642 ], [ -73.6067104, 45.5223417 ], [ -73.6067545, 45.5222942 ] ] } },
{ "type": "Feature", "properties": { "u": 437788057, "v": 221091275, "key": 0, "highway": "residential", "length_km": 0.085211318160297353, "is_crit_economique": false, "is_crit_securitaire": false }, "geometry": { "type": "LineString", "coordinates": [ [ -73.6028568, 45.5214734 ], [ -73.6029048, 45.5214197 ], [ -73.6031485, 45.5211467 ], [ -73.6033987, 45.5208663 ], [ -73.6034368, 45.5208237 ] ] } },
{ "type": "Feature", "properties": { "u": 437788057, "v": 437732887, "key": 0, "highway": "residential", "length_km": 0.41432008468346687, "is_crit_economique": false, "is_crit_securitaire": false }, "geometry": { "type": "LineString", "coordinates": [ [ -73.6028568, 45.5214734 ], [ -73.60279, 45.5214437 ], [ -73.5993719, 45.5199269 ], [ -73.5984306, 45.5195095 ], [ -73.5983591, 45.5194861 ] ] } },
{ "type": "Feature", "properties": { "u": 437788057, "v": 437788045, "key": 0, "highway": "residential", "length_km": 0.30610834106288537, "is_crit_economique": false, "is_crit_securitaire": false }, "geometry": { "type": "LineString", "coordinates": [ [ -73.6028568, 45.5214734 ], [ -73.6029258, 45.5215041 ], [ -73.60605, 45.5228989 ], [ -73.6060808, 45.5229092 ], [ -73.6061747, 45.5229476 ] ] } },
{ "type": "Feature", "properties": { "u": 437788171, "v": 209364977, "key": 0, "highway": "secondary", "length_km": 0.087091714086506802, "is_crit_economique": true, "is_crit_securitaire": false }, "geometry": { "type": "LineString", "coordinates": [ [ -73.6174017, 45.5176783 ], [ -73.6174398, 45.5176356 ], [ -73.6174662, 45.5176061 ], [ -73.6179245, 45.5170934 ], [ -73.6179637, 45.5170495 ], [ -73.617995, 45.5170145 ] ] } },
{ "type": "Feature", "properties": { "u": 437788171, "v": 221106405, "key": 0, "highway": "tertiary", "length_km": 0.26252646104311778, "is_crit_economique": false, "is_crit_securitaire": false }, "geometry": { "type": "LineString", "coordinates": [ [ -73.6174017, 45.5176783 ], [ -73.6173064, 45.5176351 ], [ -73.6172216, 45.5175984 ], [ -73.6169678, 45.517486 ], [ -73.6150133, 45.5166101 ], [ -73.6146705, 45.516456 ], [ -73.6146354, 45.5164402 ], [ -73.6145623, 45.5164072 ] ] } },
{ "type": "Feature", "properties": { "u": 437788171, "v": 437719778, "key": 0, "highway": "secondary", "length_km": 0.08746811880819963, "is_crit_economique": true, "is_crit_securitaire": false }, "geometry": { "type": "LineString", "coordinates": [ [ -73.6174017, 45.5176783 ], [ -73.6173711, 45.5177124 ], [ -73.6173387, 45.5177484 ], [ -73.6168615, 45.5182793 ], [ -73.6168329, 45.5183112 ], [ -73.6168034, 45.5183439 ] ] } },
{ "type": "Feature", "properties": { "u": 437788242, "v": 437788045, "key": 0, "highway": "residential", "length_km": 0.16858309224644918, "is_crit_economique": false, "is_crit_securitaire": false }, "geometry": { "type": "LineString", "coordinates": [ [ -73.6080129, 45.5237475 ], [ -73.6079472, 45.5237192 ], [ -73.607594, 45.523567 ], [ -73.6064623, 45.52307 ], [ -73.6062973, 45.523001 ], [ -73.6062685, 45.5229885 ], [ -73.6061747, 45.5229476 ] ] } },
{ "type": "Feature", "properties": { "u": 437788242, "v": 1825900796, "key": 0, "highway": "residential", "length_km": 0.26198406040049171, "is_crit_economique": false, "is_crit_securitaire": false }, "geometry": { "type": "LineString", "coordinates": [ [ -73.6080129, 45.5237475 ], [ -73.6080923, 45.5237834 ], [ -73.6107245, 45.5249707 ], [ -73.610747, 45.5249805 ], [ -73.6108413, 45.525022 ] ] } },
{ "type": "Feature", "properties": { "u": 437788242, "v": 221106363, "key": 0, "highway": "residential", "length_km": 0.083757754647003232, "is_crit_economique": false, "is_crit_securitaire": false }, "geometry": { "type": "LineString", "coordinates": [ [ -73.6080129, 45.5237475 ], [ -73.6080526, 45.5237032 ], [ -73.608073, 45.5236805 ], [ -73.6082944, 45.5234311 ], [ -73.6085125, 45.5231818 ], [ -73.6085355, 45.5231554 ], [ -73.608578, 45.5231067 ] ] } },
{ "type": "Feature", "properties": { "u": 437865622, "v": 12844070435, "key": 0, "highway": "residential", "length_km": 0.040657813659804448, "is_crit_economique": false, "is_crit_securitaire": false }, "geometry": { "type": "LineString", "coordinates": [ [ -73.6140353, 45.5255325 ], [ -73.6139597, 45.5254993 ], [ -73.613593, 45.5253384 ] ] } },
{ "type": "Feature", "properties": { "u": 438111575, "v": 1825900796, "key": 0, "highway": "residential", "length_km": 0.11687992843431334, "is_crit_economique": false, "is_crit_securitaire": false }, "geometry": { "type": "LineString", "coordinates": [ [ -73.6121188, 45.5255732 ], [ -73.6113879, 45.5252574 ], [ -73.6109674, 45.5250763 ], [ -73.6109237, 45.5250574 ], [ -73.6108413, 45.525022 ] ] } },
{ "type": "Feature", "properties": { "u": 438111583, "v": 437731034, "key": 0, "highway": "tertiary", "length_km": 0.011255685231767591, "is_crit_economique": false, "is_crit_securitaire": false }, "geometry": { "type": "LineString", "coordinates": [ [ -73.5966936, 45.5186331 ], [ -73.5966188, 45.5187197 ] ] } },
{ "type": "Feature", "properties": { "u": 438111583, "v": 438111584, "key": 0, "highway": "residential", "length_km": 0.070686706312969388, "is_crit_economique": false, "is_crit_securitaire": false }, "geometry": { "type": "LineString", "coordinates": [ [ -73.5966936, 45.5186331 ], [ -73.5965763, 45.5185832 ], [ -73.5965457, 45.5185698 ], [ -73.5962591, 45.518444 ], [ -73.5959796, 45.5183195 ], [ -73.5959257, 45.5182946 ] ] } },
{ "type": "Feature", "properties": { "u": 438111583, "v": 31776941, "key": 0, "highway": "tertiary", "length_km": 0.074266550305572263, "is_crit_economique": false, "is_crit_securitaire": false }, "geometry": { "type": "LineString", "coordinates": [ [ -73.5966936, 45.5186331 ], [ -73.5967387, 45.5185789 ], [ -73.596757, 45.5185579 ], [ -73.5967795, 45.5185321 ], [ -73.5969007, 45.5183932 ], [ -73.5971515, 45.5181037 ], [ -73.5971871, 45.5180617 ] ] } },
{ "type": "Feature", "properties": { "u": 438111584, "v": 437733314, "key": 0, "highway": "residential", "length_km": 0.060091024712358762, "is_crit_economique": false, "is_crit_securitaire": false }, "geometry": { "type": "LineString", "coordinates": [ [ -73.5959257, 45.5182946 ], [ -73.5958783, 45.5182758 ], [ -73.5953823, 45.5180655 ], [ -73.5952668, 45.5180138 ] ] } },
{ "type": "Feature", "properties": { "u": 438111584, "v": 438111583, "key": 0, "highway": "residential", "length_km": 0.070686706312969388, "is_crit_economique": false, "is_crit_securitaire": false }, "geometry": { "type": "LineString", "coordinates": [ [ -73.5959257, 45.5182946 ], [ -73.5959796, 45.5183195 ], [ -73.5962591, 45.518444 ], [ -73.5965457, 45.5185698 ], [ -73.5965763, 45.5185832 ], [ -73.5966936, 45.5186331 ] ] } },
{ "type": "Feature", "properties": { "u": 438111584, "v": 221075916, "key": 0, "highway": "residential", "length_km": 0.15340824622711174, "is_crit_economique": false, "is_crit_securitaire": false }, "geometry": { "type": "LineString", "coordinates": [ [ -73.5959257, 45.5182946 ], [ -73.5959616, 45.5182513 ], [ -73.5969222, 45.5171546 ], [ -73.5969526, 45.5171175 ] ] } },
{ "type": "Feature", "properties": { "u": 471725443, "v": 126066962, "key": 0, "highway": "residential", "length_km": 0.30682901146553804, "is_crit_economique": false, "is_crit_securitaire": false }, "geometry": { "type": "LineString", "coordinates": [ [ -73.6089123, 45.5198898 ], [ -73.6088235, 45.5198415 ], [ -73.6085737, 45.5197294 ], [ -73.6084827, 45.5197018 ], [ -73.6084683, 45.5196994 ], [ -73.6057054, 45.5184665 ], [ -73.6056611, 45.5184469 ], [ -73.6055894, 45.5184122 ] ] } },
{ "type": "Feature", "properties": { "u": 471725443, "v": 471725446, "key": 0, "highway": "residential", "length_km": 0.086281954181452472, "is_crit_economique": false, "is_crit_securitaire": false }, "geometry": { "type": "LineString", "coordinates": [ [ -73.6089123, 45.5198898 ], [ -73.6088712, 45.5199384 ], [ -73.6088469, 45.5199655 ], [ -73.6083773, 45.5204762 ], [ -73.608362, 45.5204928 ], [ -73.6083178, 45.5205444 ] ] } },
{ "type": "Feature", "properties": { "u": 471725443, "v": 310683067, "key": 0, "highway": "residential", "length_km": 0.086018968109787972, "is_crit_economique": false, "is_crit_securitaire": false }, "geometry": { "type": "LineString", "coordinates": [ [ -73.6089123, 45.5198898 ], [ -73.6089523, 45.5198466 ], [ -73.6089712, 45.5198262 ], [ -73.6093781, 45.5193642 ], [ -73.6094424, 45.5192912 ], [ -73.6094942, 45.5192324 ] ] } },
{ "type": "Feature", "properties": { "u": 471725446, "v": 221091281, "key": 0, "highway": "residential", "length_km": 0.30595764557289684, "is_crit_economique": false, "is_crit_securitaire": false }, "geometry": { "type": "LineString", "coordinates": [ [ -73.6083178, 45.5205444 ], [ -73.608227, 45.5205038 ], [ -73.6082078, 45.5204954 ], [ -73.6078975, 45.5203596 ], [ -73.6078541, 45.5203412 ], [ -73.6072675, 45.520079 ], [ -73.6070574, 45.5199848 ], [ -73.6066004, 45.51978 ], [ -73.6059633, 45.5194978 ], [ -73.6051394, 45.5191302 ], [ -73.6050701, 45.519099 ], [ -73.6050041, 45.5190679 ] ] } },
{ "type": "Feature", "properties": { "u": 471725446, "v": 221106378, "key": 0, "highway": "residential", "length_km": 0.16846683418790764, "is_crit_economique": false, "is_crit_securitaire": false }, "geometry": { "type": "LineString", "coordinates": [ [ -73.6083178, 45.5205444 ], [ -73.608405, 45.520582 ], [ -73.6084443, 45.5205997 ], [ -73.608782, 45.520752 ], [ -73.6097297, 45.5211706 ], [ -73.610065, 45.5213187 ], [ -73.6100949, 45.5213318 ], [ -73.6101456, 45.5213539 ] ] } },
{ "type": "Feature", "properties": { "u": 471725446, "v": 221106464, "key": 0, "highway": "residential", "length_km": 0.082638546986788394, "is_crit_economique": false, "is_crit_securitaire": false }, "geometry": { "type": "LineString", "coordinates": [ [ -73.6083178, 45.5205444 ], [ -73.608275, 45.5205924 ], [ -73.608247, 45.5206239 ], [ -73.6079172, 45.5209954 ], [ -73.6078102, 45.5211159 ], [ -73.6077958, 45.5211345 ], [ -73.6077603, 45.5211766 ] ] } },
{ "type": "Feature", "properties": { "u": 471725446, "v": 471725443, "key": 0, "highway": "residential", "length_km": 0.086281954181452444, "is_crit_economique": false, "is_crit_securitaire": false }, "geometry": { "type": "LineString", "coordinates": [ [ -73.6083178, 45.5205444 ], [ -73.608362, 45.5204928 ], [ -73.6083773, 45.5204762 ], [ -73.6088469, 45.5199655 ], [ -73.6088712, 45.5199384 ], [ -73.6089123, 45.5198898 ] ] } },
{ "type": "Feature", "properties": { "u": 491202324, "v": 596999772, "key": 0, "highway": "residential", "length_km": 0.013832076164837488, "is_crit_economique": false, "is_crit_securitaire": false }, "geometry": { "type": "LineString", "coordinates": [ [ -73.6133377, 45.5177958 ], [ -73.6134292, 45.5176892 ] ] } },
{ "type": "Feature", "properties": { "u": 491202324, "v": 209390694, "key": 0, "highway": "residential", "length_km": 0.26291363076501728, "is_crit_economique": false, "is_crit_securitaire": false }, "geometry": { "type": "LineString", "coordinates": [ [ -73.6133377, 45.5177958 ], [ -73.6134021, 45.5178264 ], [ -73.6140381, 45.5181081 ], [ -73.6147307, 45.5184211 ], [ -73.6154459, 45.5187463 ], [ -73.6154662, 45.5187561 ], [ -73.6157192, 45.5188686 ], [ -73.6160136, 45.5190005 ], [ -73.6160768, 45.5190119 ], [ -73.616205, 45.5190181 ] ] } },
{ "type": "Feature", "properties": { "u": 491202324, "v": 221106397, "key": 0, "highway": "residential", "length_km": 0.080970582635283964, "is_crit_economique": false, "is_crit_securitaire": false }, "geometry": { "type": "LineString", "coordinates": [ [ -73.6133377, 45.5177958 ], [ -73.6133066, 45.5178325 ], [ -73.6132863, 45.5178554 ], [ -73.6130583, 45.5181155 ], [ -73.6130346, 45.518142 ], [ -73.6128639, 45.5183311 ], [ -73.6128354, 45.5183633 ], [ -73.6127974, 45.5184175 ] ] } },
{ "type": "Feature", "properties": { "u": 514112190, "v": 126094069, "key": 0, "highway": "residential", "length_km": 0.074521713686795915, "is_crit_economique": false, "is_crit_securitaire": false }, "geometry": { "type": "LineString", "coordinates": [ [ -73.6158042, 45.5207288 ], [ -73.615754, 45.5207051 ], [ -73.615505, 45.5205877 ], [ -73.615378, 45.5205325 ], [ -73.6152165, 45.5204588 ], [ -73.6151302, 45.5204194 ], [ -73.6150962, 45.5204071 ], [ -73.6149963, 45.520371 ] ] } },
{ "type": "Feature", "properties": { "u": 514112191, "v": 514112190, "key": 0, "highway": "residential", "length_km": 0.12324728452057813, "is_crit_economique": false, "is_crit_securitaire": false }, "geometry": { "type": "LineString", "coordinates": [ [ -73.6149676, 45.5216695 ], [ -73.6149997, 45.5216331 ], [ -73.6152665, 45.521329 ], [ -73.6157799, 45.5207559 ], [ -73.6158042, 45.5207288 ] ] } },
{ "type": "Feature", "properties": { "u": 514112191, "v": 9680726834, "key": 0, "highway": "residential", "length_km": 0.095172312696347086, "is_crit_economique": false, "is_crit_securitaire": false }, "geometry": { "type": "LineString", "coordinates": [ [ -73.6149676, 45.5216695 ], [ -73.6150237, 45.5216945 ], [ -73.6155627, 45.5219351 ], [ -73.615913, 45.5220877 ], [ -73.6159419, 45.5221024 ], [ -73.6159994, 45.5221276 ] ] } },
{ "type": "Feature", "properties": { "u": 526533273, "v": 1765630410, "key": 0, "highway": "residential", "length_km": 0.0888806816611519, "is_crit_economique": false, "is_crit_securitaire": false }, "geometry": { "type": "LineString", "coordinates": [ [ -73.6174373, 45.5205115 ], [ -73.6174796, 45.520464 ], [ -73.6179958, 45.5198845 ], [ -73.6180413, 45.5198334 ] ] } },
{ "type": "Feature", "properties": { "u": 526533273, "v": 11540366862, "key": 0, "highway": "residential", "length_km": 0.089487551530893383, "is_crit_economique": false, "is_crit_securitaire": false }, "geometry": { "type": "LineString", "coordinates": [ [ -73.6174373, 45.5205115 ], [ -73.6173967, 45.520557 ], [ -73.617133, 45.520853 ], [ -73.6168747, 45.521143 ], [ -73.6168291, 45.5211942 ] ] } },
{ "type": "Feature", "properties": { "u": 526533292, "v": 596999788, "key": 0, "highway": "residential", "length_km": 0.091551077748041582, "is_crit_economique": false, "is_crit_securitaire": false }, "geometry": { "type": "LineString", "coordinates": [ [ -73.6103261, 45.5183018 ], [ -73.610434, 45.5183486 ], [ -73.6104954, 45.5183753 ], [ -73.611317, 45.5187443 ] ] } },
{ "type": "Feature", "properties": { "u": 526533292, "v": 596999797, "key": 0, "highway": "residential", "length_km": 0.0894382150268552, "is_crit_economique": false, "is_crit_securitaire": false }, "geometry": { "type": "LineString", "coordinates": [ [ -73.6103261, 45.5183018 ], [ -73.6102172, 45.5182505 ], [ -73.6101712, 45.5182311 ], [ -73.6093628, 45.5178644 ] ] } },
{ "type": "Feature", "properties": { "u": 526533292, "v": 221112989, "key": 0, "highway": "residential", "length_km": 0.094509910001800798, "is_crit_economique": false, "is_crit_securitaire": false }, "geometry": { "type": "LineString", "coordinates": [ [ -73.6103261, 45.5183018 ], [ -73.6104221, 45.5182594 ], [ -73.6105226, 45.5181997 ], [ -73.6109746, 45.5176945 ], [ -73.6109942, 45.5176711 ], [ -73.6110337, 45.5176239 ] ] } },
{ "type": "Feature", "properties": { "u": 526533292, "v": 310683067, "key": 0, "highway": "residential", "length_km": 0.12211044885168287, "is_crit_economique": false, "is_crit_securitaire": false }, "geometry": { "type": "LineString", "coordinates": [ [ -73.6103261, 45.5183018 ], [ -73.6102934, 45.5183342 ], [ -73.6102766, 45.5183547 ], [ -73.6100529, 45.5186035 ], [ -73.6097731, 45.5189195 ], [ -73.609568, 45.5191496 ], [ -73.6095375, 45.5191838 ], [ -73.6094942, 45.5192324 ] ] } },
{ "type": "Feature", "properties": { "u": 596988490, "v": 661852604, "key": 0, "highway": "residential", "length_km": 0.094986941478996334, "is_crit_economique": false, "is_crit_securitaire": false }, "geometry": { "type": "LineString", "coordinates": [ [ -73.5912848, 45.5148172 ], [ -73.5913768, 45.5147416 ], [ -73.5914348, 45.514706 ], [ -73.5915044, 45.5146703 ], [ -73.5915698, 45.5146453 ], [ -73.5916282, 45.5146265 ], [ -73.5917012, 45.5146087 ], [ -73.5917742, 45.5145947 ], [ -73.5918646, 45.5145844 ], [ -73.5919405, 45.5145825 ], [ -73.5922885, 45.5145945 ], [ -73.5923946, 45.5145981 ] ] } },
{ "type": "Feature", "properties": { "u": 596988509, "v": 596988490, "key": 0, "highway": "residential", "length_km": 0.077511282406482571, "is_crit_economique": false, "is_crit_securitaire": false }, "geometry": { "type": "LineString", "coordinates": [ [ -73.5907566, 45.5154069 ], [ -73.5910661, 45.5150935 ], [ -73.5912848, 45.5148172 ] ] } },
{ "type": "Feature", "properties": { "u": 596988539, "v": 29795237, "key": 0, "highway": "secondary", "length_km": 0.1386280588263821, "is_crit_economique": true, "is_crit_securitaire": false }, "geometry": { "type": "LineString", "coordinates": [ [ -73.5902655, 45.5157881 ], [ -73.590341, 45.515816 ], [ -73.5904044, 45.5158394 ], [ -73.5904459, 45.5158567 ], [ -73.5906856, 45.515955 ], [ -73.5909326, 45.5160532 ], [ -73.5912189, 45.5161395 ], [ -73.5913693, 45.5161632 ], [ -73.5914399, 45.5161619 ], [ -73.5915779, 45.5161487 ], [ -73.591722, 45.5161237 ], [ -73.5918987, 45.5160787 ] ] } },
{ "type": "Feature", "properties": { "u": 596988539, "v": 596988509, "key": 0, "highway": "tertiary", "length_km": 0.058986868242992936, "is_crit_economique": false, "is_crit_securitaire": false }, "geometry": { "type": "LineString", "coordinates": [ [ -73.5902655, 45.5157881 ], [ -73.5904203, 45.5157444 ], [ -73.5904421, 45.5157361 ], [ -73.5907566, 45.5154069 ] ] } },
{ "type": "Feature", "properties": { "u": 596999732, "v": 596999743, "key": 0, "highway": "residential", "length_km": 0.092517245809144541, "is_crit_economique": false, "is_crit_securitaire": false }, "geometry": { "type": "LineString", "coordinates": [ [ -73.615592, 45.5130975 ], [ -73.6155483, 45.5131513 ], [ -73.6155267, 45.513178 ], [ -73.6150204, 45.5137599 ], [ -73.6149744, 45.513808 ] ] } },
{ "type": "Feature", "properties": { "u": 596999732, "v": 11509620002, "key": 0, "highway": "residential", "length_km": 0.06240923656563465, "is_crit_economique": false, "is_crit_securitaire": false }, "geometry": { "type": "LineString", "coordinates": [ [ -73.615592, 45.5130975 ], [ -73.6155399, 45.5130757 ], [ -73.6154962, 45.5130557 ], [ -73.6149172, 45.5127952 ] ] } },
{ "type": "Feature", "properties": { "u": 596999732, "v": 1969920684, "key": 0, "highway": "residential", "length_km": 0.020047240016884387, "is_crit_economique": false, "is_crit_securitaire": false }, "geometry": { "type": "LineString", "coordinates": [ [ -73.615592, 45.5130975 ], [ -73.6156458, 45.5131197 ], [ -73.6157421, 45.5131596 ], [ -73.6158136, 45.5131891 ] ] } },
{ "type": "Feature", "properties": { "u": 596999735, "v": 11509620002, "key": 0, "highway": "residential", "length_km": 0.010491756940075928, "is_crit_economique": false, "is_crit_securitaire": false }, "geometry": { "type": "LineString", "coordinates": [ [ -73.6148041, 45.512744 ], [ -73.6149172, 45.5127952 ] ] } },
{ "type": "Feature", "properties": { "u": 596999735, "v": 11509620002, "key": 1, "highway": "residential", "length_km": 0.12796756446891733, "is_crit_economique": false, "is_crit_securitaire": false }, "geometry": { "type": "LineString", "coordinates": [ [ -73.6148041, 45.512744 ], [ -73.6147623, 45.5127901 ], [ -73.6144148, 45.5131734 ], [ -73.6144114, 45.513216 ], [ -73.6144343, 45.5132358 ], [ -73.6144682, 45.5132394 ], [ -73.6145225, 45.5132208 ], [ -73.614874, 45.5128418 ], [ -73.6149172, 45.5127952 ] ] } },
{ "type": "Feature", "properties": { "u": 596999735, "v": 209387056, "key": 0, "highway": "residential", "length_km": 0.060809266514711288, "is_crit_economique": false, "is_crit_securitaire": false }, "geometry": { "type": "LineString", "coordinates": [ [ -73.6148041, 45.512744 ], [ -73.6147417, 45.5127143 ], [ -73.6143091, 45.5125193 ], [ -73.6142533, 45.5124836 ], [ -73.6141684, 45.5124292 ] ] } },
{ "type": "Feature", "properties": { "u": 596999743, "v": 209390674, "key": 0, "highway": "residential", "length_km": 0.1271068281331981, "is_crit_economique": false, "is_crit_securitaire": false }, "geometry": { "type": "LineString", "coordinates": [ [ -73.6149744, 45.513808 ], [ -73.6150223, 45.5138277 ], [ -73.6151758, 45.5138981 ], [ -73.6159504, 45.5142483 ], [ -73.6160936, 45.5143119 ], [ -73.6161692, 45.514357 ], [ -73.6161966, 45.5143711 ], [ -73.616228, 45.5143852 ], [ -73.6162743, 45.514404 ], [ -73.6163394, 45.5144326 ] ] } },
{ "type": "Feature", "properties": { "u": 596999743, "v": 596999744, "key": 0, "highway": "residential", "length_km": 0.23475442607452851, "is_crit_economique": false, "is_crit_securitaire": false }, "geometry": { "type": "LineString", "coordinates": [ [ -73.6149744, 45.513808 ], [ -73.6149102, 45.5137871 ], [ -73.6148822, 45.5137832 ], [ -73.6148403, 45.5137789 ], [ -73.6148005, 45.5137765 ], [ -73.6147492, 45.5137789 ], [ -73.6147061, 45.5137889 ], [ -73.6146663, 45.5138132 ], [ -73.614641, 45.5138309 ], [ -73.6145882, 45.5138892 ], [ -73.6144048, 45.5140843 ], [ -73.6143521, 45.5141083 ], [ -73.6142742, 45.5141089 ], [ -73.614224, 45.5140968 ], [ -73.6127091, 45.5134053 ], [ -73.6126322, 45.5133681 ], [ -73.6125329, 45.5133226 ] ] } },
{ "type": "Feature", "properties": { "u": 596999743, "v": 596999732, "key": 0, "highway": "residential", "length_km": 0.092517245809144541, "is_crit_economique": false, "is_crit_securitaire": false }, "geometry": { "type": "LineString", "coordinates": [ [ -73.6149744, 45.513808 ], [ -73.6150204, 45.5137599 ], [ -73.6155267, 45.513178 ], [ -73.6155483, 45.5131513 ], [ -73.615592, 45.5130975 ] ] } },
{ "type": "Feature", "properties": { "u": 596999744, "v": 31700224, "key": 0, "highway": "secondary", "length_km": 0.039645645626512419, "is_crit_economique": true, "is_crit_securitaire": false }, "geometry": { "type": "LineString", "coordinates": [ [ -73.6125329, 45.5133226 ], [ -73.6121351, 45.5135449 ] ] } },
{ "type": "Feature", "properties": { "u": 596999744, "v": 596999743, "key": 0, "highway": "residential", "length_km": 0.23475442607452854, "is_crit_economique": false, "is_crit_securitaire": false }, "geometry": { "type": "LineString", "coordinates": [ [ -73.6125329, 45.5133226 ], [ -73.6126322, 45.5133681 ], [ -73.6127091, 45.5134053 ], [ -73.614224, 45.5140968 ], [ -73.6142742, 45.5141089 ], [ -73.6143521, 45.5141083 ], [ -73.6144048, 45.5140843 ], [ -73.6145882, 45.5138892 ], [ -73.614641, 45.5138309 ], [ -73.6146663, 45.5138132 ], [ -73.6147061, 45.5137889 ], [ -73.6147492, 45.5137789 ], [ -73.6148005, 45.5137765 ], [ -73.6148403, 45.5137789 ], [ -73.6148822, 45.5137832 ], [ -73.6149102, 45.5137871 ], [ -73.6149744, 45.513808 ] ] } },
{ "type": "Feature", "properties": { "u": 596999744, "v": 213649409, "key": 0, "highway": "secondary", "length_km": 0.057442442001212242, "is_crit_economique": true, "is_crit_securitaire": false }, "geometry": { "type": "LineString", "coordinates": [ [ -73.6125329, 45.5133226 ], [ -73.612983, 45.5130669 ], [ -73.6130167, 45.5130484 ], [ -73.6131074, 45.5129989 ] ] } },
{ "type": "Feature", "properties": { "u": 596999769, "v": 596999813, "key": 0, "highway": "residential", "length_km": 0.11894291372772005, "is_crit_economique": false, "is_crit_securitaire": false }, "geometry": { "type": "LineString", "coordinates": [ [ -73.6140126, 45.5199666 ], [ -73.6139887, 45.5199944 ], [ -73.6137488, 45.5202614 ], [ -73.6134051, 45.5206438 ], [ -73.6132561, 45.5208244 ], [ -73.6132124, 45.5208774 ] ] } },
{ "type": "Feature", "properties": { "u": 596999769, "v": 596999811, "key": 0, "highway": "residential", "length_km": 0.090419320312676951, "is_crit_economique": false, "is_crit_securitaire": false }, "geometry": { "type": "LineString", "coordinates": [ [ -73.6140126, 45.5199666 ], [ -73.6136563, 45.5198041 ], [ -73.6131062, 45.5195579 ], [ -73.613036, 45.5195273 ] ] } },
{ "type": "Feature", "properties": { "u": 596999772, "v": 491202324, "key": 0, "highway": "residential", "length_km": 0.013832076164837488, "is_crit_economique": false, "is_crit_securitaire": false }, "geometry": { "type": "LineString", "coordinates": [ [ -73.6134292, 45.5176892 ], [ -73.6133377, 45.5177958 ] ] } },
{ "type": "Feature", "properties": { "u": 596999772, "v": 596999783, "key": 0, "highway": "residential", "length_km": 0.16204588505969472, "is_crit_economique": false, "is_crit_securitaire": false }, "geometry": { "type": "LineString", "coordinates": [ [ -73.6134292, 45.5176892 ], [ -73.6133706, 45.5176632 ], [ -73.6128338, 45.5174233 ], [ -73.6122661, 45.5171712 ], [ -73.6117665, 45.5169402 ], [ -73.6117417, 45.5169285 ], [ -73.6116802, 45.5169007 ] ] } },
{ "type": "Feature", "properties": { "u": 596999772, "v": 221106400, "key": 0, "highway": "residential", "length_km": 0.080409473710602294, "is_crit_economique": false, "is_crit_securitaire": false }, "geometry": { "type": "LineString", "coordinates": [ [ -73.6134292, 45.5176892 ], [ -73.6134609, 45.5176517 ], [ -73.6134867, 45.5176199 ], [ -73.6137029, 45.5173718 ], [ -73.6138999, 45.517146 ], [ -73.6139296, 45.517114 ], [ -73.613968, 45.5170725 ] ] } },
{ "type": "Feature", "properties": { "u": 596999773, "v": 596999784, "key": 0, "highway": "residential", "length_km": 0.013660029873604936, "is_crit_economique": false, "is_crit_securitaire": false }, "geometry": { "type": "LineString", "coordinates": [ [ -73.6114344, 45.5169441 ], [ -73.6115837, 45.5170085 ] ] } },
{ "type": "Feature", "properties": { "u": 596999773, "v": 596999795, "key": 0, "highway": "residential", "length_km": 0.079934996888482684, "is_crit_economique": false, "is_crit_securitaire": false }, "geometry": { "type": "LineString", "coordinates": [ [ -73.6114344, 45.5169441 ], [ -73.6114054, 45.51698 ], [ -73.610975, 45.5174574 ], [ -73.6109517, 45.5174854 ], [ -73.6108934, 45.5175548 ] ] } },
{ "type": "Feature", "properties": { "u": 596999774, "v": 596999773, "key": 0, "highway": "residential", "length_km": 0.014059499471902966, "is_crit_economique": false, "is_crit_securitaire": false }, "geometry": { "type": "LineString", "coordinates": [ [ -73.611528, 45.516836 ], [ -73.6114344, 45.5169441 ] ] } },
{ "type": "Feature", "properties": { "u": 596999774, "v": 3691019539, "key": 0, "highway": "residential", "length_km": 0.041442468890396371, "is_crit_economique": false, "is_crit_securitaire": false }, "geometry": { "type": "LineString", "coordinates": [ [ -73.611528, 45.516836 ], [ -73.6114621, 45.5168094 ], [ -73.6110779, 45.5166375 ] ] } },
{ "type": "Feature", "properties": { "u": 596999783, "v": 596999774, "key": 0, "highway": "residential", "length_km": 0.013870244066455395, "is_crit_economique": false, "is_crit_securitaire": false }, "geometry": { "type": "LineString", "coordinates": [ [ -73.6116802, 45.5169007 ], [ -73.611528, 45.516836 ] ] } },
{ "type": "Feature", "properties": { "u": 596999783, "v": 126073338, "key": 0, "highway": "residential", "length_km": 0.0823139980475011, "is_crit_economique": false, "is_crit_securitaire": false }, "geometry": { "type": "LineString", "coordinates": [ [ -73.6116802, 45.5169007 ], [ -73.6117139, 45.5168633 ], [ -73.6121315, 45.5163919 ], [ -73.6121403, 45.5163387 ], [ -73.612144, 45.5163135 ], [ -73.6121529, 45.5162515 ] ] } },
{ "type": "Feature", "properties": { "u": 596999784, "v": 596999783, "key": 0, "highway": "residential", "length_km": 0.014149743369842194, "is_crit_economique": false, "is_crit_securitaire": false }, "geometry": { "type": "LineString", "coordinates": [ [ -73.6115837, 45.5170085 ], [ -73.6116802, 45.5169007 ] ] } },
{ "type": "Feature", "properties": { "u": 596999784, "v": 491202324, "key": 0, "highway": "residential", "length_km": 0.16230242802176392, "is_crit_economique": false, "is_crit_securitaire": false }, "geometry": { "type": "LineString", "coordinates": [ [ -73.6115837, 45.5170085 ], [ -73.6116398, 45.5170327 ], [ -73.6121747, 45.5172691 ], [ -73.6127421, 45.5175249 ], [ -73.613249, 45.5177562 ], [ -73.6132774, 45.5177678 ], [ -73.6133377, 45.5177958 ] ] } },
{ "type": "Feature", "properties": { "u": 596999788, "v": 221106392, "key": 0, "highway": "residential", "length_km": 0.079131722407331309, "is_crit_economique": false, "is_crit_securitaire": false }, "geometry": { "type": "LineString", "coordinates": [ [ -73.611317, 45.5187443 ], [ -73.6120572, 45.5190775 ], [ -73.6120911, 45.519094 ], [ -73.6121688, 45.5191318 ] ] } },
{ "type": "Feature", "properties": { "u": 596999788, "v": 526533292, "key": 0, "highway": "residential", "length_km": 0.091551077748041568, "is_crit_economique": false, "is_crit_securitaire": false }, "geometry": { "type": "LineString", "coordinates": [ [ -73.611317, 45.5187443 ], [ -73.6104954, 45.5183753 ], [ -73.610434, 45.5183486 ], [ -73.6103261, 45.5183018 ] ] } },
{ "type": "Feature", "properties": { "u": 596999788, "v": 1420077705, "key": 0, "highway": "residential", "length_km": 0.12242504259983832, "is_crit_economique": false, "is_crit_securitaire": false }, "geometry": { "type": "LineString", "coordinates": [ [ -73.611317, 45.5187443 ], [ -73.6112829, 45.5187815 ], [ -73.611042, 45.5190446 ], [ -73.6107572, 45.5193636 ], [ -73.6105498, 45.5195902 ], [ -73.6105334, 45.5196083 ], [ -73.6104744, 45.5196736 ] ] } },
{ "type": "Feature", "properties": { "u": 596999794, "v": 596999797, "key": 0, "highway": "residential", "length_km": 0.08074857654874458, "is_crit_economique": false, "is_crit_securitaire": false }, "geometry": { "type": "LineString", "coordinates": [ [ -73.6084965, 45.5174658 ], [ -73.6085877, 45.5175075 ], [ -73.6088828, 45.5176417 ], [ -73.6093628, 45.5178644 ] ] } },
{ "type": "Feature", "properties": { "u": 596999794, "v": 126094068, "key": 0, "highway": "residential", "length_km": 0.1364599724212259, "is_crit_economique": false, "is_crit_securitaire": false }, "geometry": { "type": "LineString", "coordinates": [ [ -73.6084965, 45.5174658 ], [ -73.6083717, 45.5174077 ], [ -73.6071333, 45.5167959 ], [ -73.6070659, 45.5167581 ] ] } },
{ "type": "Feature", "properties": { "u": 596999794, "v": 596999847, "key": 0, "highway": "residential", "length_km": 0.1230193552823393, "is_crit_economique": false, "is_crit_securitaire": false }, "geometry": { "type": "LineString", "coordinates": [ [ -73.6084965, 45.5174658 ], [ -73.6084397, 45.5175277 ], [ -73.6081624, 45.5178202 ], [ -73.6079819, 45.518019 ], [ -73.6079703, 45.5180318 ], [ -73.6076674, 45.5183655 ], [ -73.6076403, 45.5183953 ] ] } },
{ "type": "Feature", "properties": { "u": 596999795, "v": 221112989, "key": 0, "highway": "residential", "length_km": 0.013361488185903528, "is_crit_economique": false, "is_crit_securitaire": false }, "geometry": { "type": "LineString", "coordinates": [ [ -73.6108934, 45.5175548 ], [ -73.6110337, 45.5176239 ] ] } },
{ "type": "Feature", "properties": { "u": 596999795, "v": 526533292, "key": 0, "highway": "residential", "length_km": 0.095302419155892978, "is_crit_economique": false, "is_crit_securitaire": false }, "geometry": { "type": "LineString", "coordinates": [ [ -73.6108934, 45.5175548 ], [ -73.6108403, 45.5176011 ], [ -73.6104084, 45.5180781 ], [ -73.6103741, 45.5181316 ], [ -73.6103458, 45.5181967 ], [ -73.6103384, 45.5182232 ], [ -73.6103261, 45.5183018 ] ] } },
{ "type": "Feature", "properties": { "u": 596999795, "v": 221112922, "key": 0, "highway": "residential", "length_km": 0.29989016672928592, "is_crit_economique": false, "is_crit_securitaire": false }, "geometry": { "type": "LineString", "coordinates": [ [ -73.6108934, 45.5175548 ], [ -73.6108342, 45.5175224 ], [ -73.6107847, 45.5174963 ], [ -73.6104992, 45.5173685 ], [ -73.6100307, 45.5171558 ], [ -73.6095818, 45.5169519 ], [ -73.6092201, 45.5167895 ], [ -73.6088198, 45.5166098 ], [ -73.6085674, 45.5164966 ], [ -73.607769, 45.5161384 ], [ -73.6077432, 45.5161264 ], [ -73.6076636, 45.5160885 ] ] } },
{ "type": "Feature", "properties": { "u": 596999797, "v": 526533292, "key": 0, "highway": "residential", "length_km": 0.0894382150268552, "is_crit_economique": false, "is_crit_securitaire": false }, "geometry": { "type": "LineString", "coordinates": [ [ -73.6093628, 45.5178644 ], [ -73.6101712, 45.5182311 ], [ -73.6102172, 45.5182505 ], [ -73.6103261, 45.5183018 ] ] } },
{ "type": "Feature", "properties": { "u": 596999797, "v": 596999794, "key": 0, "highway": "residential", "length_km": 0.08074857654874458, "is_crit_economique": false, "is_crit_securitaire": false }, "geometry": { "type": "LineString", "coordinates": [ [ -73.6093628, 45.5178644 ], [ -73.6088828, 45.5176417 ], [ -73.6085877, 45.5175075 ], [ -73.6084965, 45.5174658 ] ] } },
{ "type": "Feature", "properties": { "u": 596999797, "v": 1420077700, "key": 0, "highway": "residential", "length_km": 0.12269469315486353, "is_crit_economique": false, "is_crit_securitaire": false }, "geometry": { "type": "LineString", "coordinates": [ [ -73.6093628, 45.5178644 ], [ -73.6093335, 45.5178979 ], [ -73.6085564, 45.5187588 ], [ -73.6085216, 45.5187972 ] ] } },
{ "type": "Feature", "properties": { "u": 596999811, "v": 221106392, "key": 0, "highway": "residential", "length_km": 0.080616253180889025, "is_crit_economique": false, "is_crit_securitaire": false }, "geometry": { "type": "LineString", "coordinates": [ [ -73.613036, 45.5195273 ], [ -73.6122562, 45.5191714 ], [ -73.6122185, 45.5191543 ], [ -73.6121688, 45.5191318 ] ] } },
{ "type": "Feature", "properties": { "u": 596999812, "v": 221106387, "key": 0, "highway": "residential", "length_km": 0.08164869043758663, "is_crit_economique": false, "is_crit_securitaire": false }, "geometry": { "type": "LineString", "coordinates": [ [ -73.6122208, 45.5204372 ], [ -73.6117876, 45.5202459 ], [ -73.6114247, 45.5200842 ], [ -73.6113961, 45.520073 ], [ -73.6113323, 45.520048 ] ] } },
{ "type": "Feature", "properties": { "u": 596999812, "v": 596999813, "key": 0, "highway": "residential", "length_km": 0.091455995011036545, "is_crit_economique": false, "is_crit_securitaire": false }, "geometry": { "type": "LineString", "coordinates": [ [ -73.6122208, 45.5204372 ], [ -73.6126908, 45.5206463 ], [ -73.6132124, 45.5208774 ] ] } },
{ "type": "Feature", "properties": { "u": 596999812, "v": 596999811, "key": 0, "highway": "residential", "length_km": 0.11947223230411896, "is_crit_economique": false, "is_crit_securitaire": false }, "geometry": { "type": "LineString", "coordinates": [ [ -73.6122208, 45.5204372 ], [ -73.6122693, 45.520386 ], [ -73.6124304, 45.5202159 ], [ -73.612781, 45.5198168 ], [ -73.6128048, 45.5197889 ], [ -73.6130122, 45.5195548 ], [ -73.613036, 45.5195273 ] ] } },
{ "type": "Feature", "properties": { "u": 596999813, "v": 596999812, "key": 0, "highway": "residential", "length_km": 0.091455995011036545, "is_crit_economique": false, "is_crit_securitaire": false }, "geometry": { "type": "LineString", "coordinates": [ [ -73.6132124, 45.5208774 ], [ -73.6126908, 45.5206463 ], [ -73.6122208, 45.5204372 ] ] } },
{ "type": "Feature", "properties": { "u": 596999813, "v": 221106425, "key": 0, "highway": "residential", "length_km": 0.088358033323623061, "is_crit_economique": false, "is_crit_securitaire": false }, "geometry": { "type": "LineString", "coordinates": [ [ -73.6132124, 45.5208774 ], [ -73.6137221, 45.5211057 ], [ -73.6138503, 45.5211635 ], [ -73.6140365, 45.5212484 ], [ -73.6140686, 45.521263 ], [ -73.6141634, 45.5213102 ] ] } },
{ "type": "Feature", "properties": { "u": 596999815, "v": 11540366862, "key": 0, "highway": "residential", "length_km": 0.21406704020758791, "is_crit_economique": false, "is_crit_securitaire": false }, "geometry": { "type": "LineString", "coordinates": [ [ -73.6170091, 45.522566 ], [ -73.6170448, 45.5225268 ], [ -73.61781, 45.5216676 ], [ -73.6178346, 45.5216411 ], [ -73.617762, 45.5216088 ], [ -73.6173451, 45.5214222 ], [ -73.6169062, 45.5212283 ], [ -73.6168291, 45.5211942 ] ] } },
{ "type": "Feature", "properties": { "u": 596999815, "v": 4559009211, "key": 0, "highway": "residential", "length_km": 0.1137345679591599, "is_crit_economique": false, "is_crit_securitaire": false }, "geometry": { "type": "LineString", "coordinates": [ [ -73.6170091, 45.522566 ], [ -73.6171014, 45.5226197 ], [ -73.6173776, 45.5227437 ], [ -73.6181134, 45.5230668 ], [ -73.6181496, 45.523087 ], [ -73.6181757, 45.5231016 ], [ -73.6182257, 45.5231294 ] ] } },
{ "type": "Feature", "properties": { "u": 596999847, "v": 596999794, "key": 0, "highway": "residential", "length_km": 0.12301935528233929, "is_crit_economique": false, "is_crit_securitaire": false }, "geometry": { "type": "LineString", "coordinates": [ [ -73.6076403, 45.5183953 ], [ -73.6076674, 45.5183655 ], [ -73.6079703, 45.5180318 ], [ -73.6079819, 45.518019 ], [ -73.6081624, 45.5178202 ], [ -73.6084397, 45.5175277 ], [ -73.6084965, 45.5174658 ] ] } },
{ "type": "Feature", "properties": { "u": 596999847, "v": 221091652, "key": 0, "highway": "residential", "length_km": 0.13448533630306364, "is_crit_economique": false, "is_crit_securitaire": false }, "geometry": { "type": "LineString", "coordinates": [ [ -73.6076403, 45.5183953 ], [ -73.606304, 45.5178104 ], [ -73.6062486, 45.5177889 ], [ -73.6061747, 45.5177565 ] ] } },
{ "type": "Feature", "properties": { "u": 661852604, "v": 596988490, "key": 0, "highway": "residential", "length_km": 0.094986941478996334, "is_crit_economique": false, "is_crit_securitaire": false }, "geometry": { "type": "LineString", "coordinates": [ [ -73.5923946, 45.5145981 ], [ -73.5922885, 45.5145945 ], [ -73.5919405, 45.5145825 ], [ -73.5918646, 45.5145844 ], [ -73.5917742, 45.5145947 ], [ -73.5917012, 45.5146087 ], [ -73.5916282, 45.5146265 ], [ -73.5915698, 45.5146453 ], [ -73.5915044, 45.5146703 ], [ -73.5914348, 45.514706 ], [ -73.5913768, 45.5147416 ], [ -73.5912848, 45.5148172 ] ] } },
{ "type": "Feature", "properties": { "u": 661852604, "v": 310090261, "key": 0, "highway": "residential", "length_km": 0.20686998254196717, "is_crit_economique": false, "is_crit_securitaire": false }, "geometry": { "type": "LineString", "coordinates": [ [ -73.5923946, 45.5145981 ], [ -73.5930943, 45.5146231 ], [ -73.5936646, 45.514641 ], [ -73.5939696, 45.5146531 ], [ -73.5949751, 45.5146941 ], [ -73.5950458, 45.514697 ] ] } },
{ "type": "Feature", "properties": { "u": 661852604, "v": 29795237, "key": 0, "highway": "residential", "length_km": 0.18365334889200147, "is_crit_economique": false, "is_crit_securitaire": false }, "geometry": { "type": "LineString", "coordinates": [ [ -73.5923946, 45.5145981 ], [ -73.5923815, 45.5147262 ], [ -73.5923808, 45.5147452 ], [ -73.5923175, 45.5151741 ], [ -73.5922731, 45.5152601 ], [ -73.5922113, 45.5153258 ], [ -73.5918321, 45.5156452 ], [ -73.591742, 45.5157747 ], [ -73.5917311, 45.5158761 ], [ -73.591777, 45.5159731 ], [ -73.5917966, 45.5160047 ], [ -73.5918051, 45.5160212 ], [ -73.5918191, 45.5160317 ], [ -73.5918426, 45.5160483 ], [ -73.5918987, 45.5160787 ] ] } },
{ "type": "Feature", "properties": { "u": 664167873, "v": 209387046, "key": 0, "highway": "secondary", "length_km": 0.092597382715237819, "is_crit_economique": true, "is_crit_securitaire": false }, "geometry": { "type": "LineString", "coordinates": [ [ -73.6204361, 45.5142831 ], [ -73.6204002, 45.5143229 ], [ -73.620378, 45.5143477 ], [ -73.6198589, 45.5149284 ], [ -73.6198375, 45.5149521 ], [ -73.6198045, 45.5149885 ] ] } },
{ "type": "Feature", "properties": { "u": 865023812, "v": 4514457621, "key": 0, "highway": "tertiary", "length_km": 0.022741885011679973, "is_crit_economique": false, "is_crit_securitaire": false }, "geometry": { "type": "LineString", "coordinates": [ [ -73.6208883, 45.5201783 ], [ -73.6208303, 45.5201532 ], [ -73.6207977, 45.5201389 ], [ -73.6207388, 45.5201133 ], [ -73.6206345, 45.5200778 ] ] } },
{ "type": "Feature", "properties": { "u": 865023812, "v": 4559009211, "key": 0, "highway": "residential", "length_km": 0.38821760021986568, "is_crit_economique": false, "is_crit_securitaire": false }, "geometry": { "type": "LineString", "coordinates": [ [ -73.6208883, 45.5201783 ], [ -73.6208438, 45.5202257 ], [ -73.6208202, 45.5202529 ], [ -73.620374, 45.5207484 ], [ -73.6203177, 45.5208107 ], [ -73.6202884, 45.5208432 ], [ -73.6202612, 45.5208734 ], [ -73.6202071, 45.5209333 ], [ -73.6191284, 45.5221274 ], [ -73.6190648, 45.5221969 ], [ -73.618985, 45.5222842 ], [ -73.6183233, 45.5230209 ], [ -73.6182717, 45.5230787 ], [ -73.6182257, 45.5231294 ] ] } },
{ "type": "Feature", "properties": { "u": 865023812, "v": 6100220186, "key": 0, "highway": "tertiary", "length_km": 0.04840098686544566, "is_crit_economique": false, "is_crit_securitaire": false }, "geometry": { "type": "LineString", "coordinates": [ [ -73.6208883, 45.5201783 ], [ -73.6209437, 45.5202029 ], [ -73.6210333, 45.5202439 ], [ -73.6213176, 45.5203685 ], [ -73.6213373, 45.5203772 ], [ -73.6214133, 45.520411 ] ] } },
{ "type": "Feature", "properties": { "u": 1420077700, "v": 596999847, "key": 0, "highway": "residential", "length_km": 0.081925867623651255, "is_crit_economique": false, "is_crit_securitaire": false }, "geometry": { "type": "LineString", "coordinates": [ [ -73.6085216, 45.5187972 ], [ -73.6076403, 45.5183953 ] ] } },
{ "type": "Feature", "properties": { "u": 1420077700, "v": 596999797, "key": 0, "highway": "residential", "length_km": 0.12269469315486353, "is_crit_economique": false, "is_crit_securitaire": false }, "geometry": { "type": "LineString", "coordinates": [ [ -73.6085216, 45.5187972 ], [ -73.6085564, 45.5187588 ], [ -73.6093335, 45.5178979 ], [ -73.6093628, 45.5178644 ] ] } },
{ "type": "Feature", "properties": { "u": 1420077705, "v": 310683067, "key": 0, "highway": "residential", "length_km": 0.090778972974484756, "is_crit_economique": false, "is_crit_securitaire": false }, "geometry": { "type": "LineString", "coordinates": [ [ -73.6104744, 45.5196736 ], [ -73.6102031, 45.5195553 ], [ -73.6099513, 45.5194415 ], [ -73.6098185, 45.5193814 ], [ -73.6096456, 45.5193043 ], [ -73.6095897, 45.5192794 ], [ -73.6094942, 45.5192324 ] ] } },
{ "type": "Feature", "properties": { "u": 1420077705, "v": 221106387, "key": 0, "highway": "residential", "length_km": 0.078749088307149592, "is_crit_economique": false, "is_crit_securitaire": false }, "geometry": { "type": "LineString", "coordinates": [ [ -73.6104744, 45.5196736 ], [ -73.6112332, 45.5200077 ], [ -73.6112699, 45.5200227 ], [ -73.6113323, 45.520048 ] ] } },
{ "type": "Feature", "properties": { "u": 1765630408, "v": 5415829812, "key": 0, "highway": "secondary", "length_km": 0.044902005348197188, "is_crit_economique": true, "is_crit_securitaire": false }, "geometry": { "type": "LineString", "coordinates": [ [ -73.6162905, 45.5110056 ], [ -73.6159805, 45.511346 ] ] } },
{ "type": "Feature", "properties": { "u": 1765630408, "v": 1765657075, "key": 0, "highway": "secondary", "length_km": 0.077781568975649806, "is_crit_economique": true, "is_crit_securitaire": false }, "geometry": { "type": "LineString", "coordinates": [ [ -73.6162905, 45.5110056 ], [ -73.6167094, 45.5105457 ], [ -73.6167335, 45.5105176 ], [ -73.6167574, 45.5104898 ], [ -73.6168235, 45.5104142 ] ] } },
{ "type": "Feature", "properties": { "u": 1765630408, "v": 1975853544, "key": 0, "highway": "residential", "length_km": 0.072065006158144401, "is_crit_economique": false, "is_crit_securitaire": false }, "geometry": { "type": "LineString", "coordinates": [ [ -73.6162905, 45.5110056 ], [ -73.6164162, 45.5110486 ], [ -73.6164373, 45.5110565 ], [ -73.6168841, 45.511256 ], [ -73.6170791, 45.5113431 ] ] } },
{ "type": "Feature", "properties": { "u": 1765630409, "v": 1765657080, "key": 0, "highway": "residential", "length_km": 0.083896666034389833, "is_crit_economique": false, "is_crit_securitaire": false }, "geometry": { "type": "LineString", "coordinates": [ [ -73.620438, 45.5171594 ], [ -73.6204719, 45.5171156 ], [ -73.6209268, 45.5166037 ], [ -73.6209651, 45.5165621 ], [ -73.6210048, 45.516518 ] ] } },
{ "type": "Feature", "properties": { "u": 1765630409, "v": 209365004, "key": 0, "highway": "residential", "length_km": 0.21803090501561606, "is_crit_economique": false, "is_crit_securitaire": false }, "geometry": { "type": "LineString", "coordinates": [ [ -73.620438, 45.5171594 ], [ -73.6205002, 45.5172002 ], [ -73.6213821, 45.5175832 ], [ -73.6216241, 45.5176909 ], [ -73.6216762, 45.5177127 ], [ -73.6217457, 45.5177379 ], [ -73.6217838, 45.5177462 ], [ -73.6218267, 45.5177511 ], [ -73.6218722, 45.5177524 ], [ -73.6219192, 45.5177496 ], [ -73.6219686, 45.5177406 ], [ -73.6220224, 45.5177265 ], [ -73.6220741, 45.5177116 ], [ -73.6221829, 45.5176718 ], [ -73.6222482, 45.5176442 ], [ -73.6223301, 45.5176119 ], [ -73.6224331, 45.5175594 ], [ -73.6224978, 45.5175275 ], [ -73.6226019, 45.5174636 ], [ -73.6226375, 45.5174408 ], [ -73.6226763, 45.5174093 ], [ -73.6227294, 45.5173549 ], [ -73.6227689, 45.5173144 ] ] } },
{ "type": "Feature", "properties": { "u": 1765630409, "v": 1765657081, "key": 0, "highway": "residential", "length_km": 0.088508499346071121, "is_crit_economique": false, "is_crit_securitaire": false }, "geometry": { "type": "LineString", "coordinates": [ [ -73.620438, 45.5171594 ], [ -73.6203981, 45.5172006 ], [ -73.61993, 45.5177248 ], [ -73.6198759, 45.5177854 ], [ -73.6198309, 45.5178321 ] ] } },
{ "type": "Feature", "properties": { "u": 1765630410, "v": 209390694, "key": 0, "highway": "residential", "length_km": 0.16937260449214922, "is_crit_economique": false, "is_crit_securitaire": false }, "geometry": { "type": "LineString", "coordinates": [ [ -73.6180413, 45.5198334 ], [ -73.6179935, 45.5198122 ], [ -73.6176161, 45.5196446 ], [ -73.616653, 45.519217 ], [ -73.6163556, 45.519085 ], [ -73.6162944, 45.5190578 ], [ -73.616205, 45.5190181 ] ] } },
{ "type": "Feature", "properties": { "u": 1765630410, "v": 209390697, "key": 0, "highway": "residential", "length_km": 0.087429656398053474, "is_crit_economique": false, "is_crit_securitaire": false }, "geometry": { "type": "LineString", "coordinates": [ [ -73.6180413, 45.5198334 ], [ -73.6180828, 45.5197868 ], [ -73.6185684, 45.5192418 ], [ -73.6185963, 45.5192104 ], [ -73.6186355, 45.5191664 ] ] } },
{ "type": "Feature", "properties": { "u": 1765630410, "v": 526533273, "key": 0, "highway": "residential", "length_km": 0.0888806816611519, "is_crit_economique": false, "is_crit_securitaire": false }, "geometry": { "type": "LineString", "coordinates": [ [ -73.6180413, 45.5198334 ], [ -73.6179958, 45.5198845 ], [ -73.6174796, 45.520464 ], [ -73.6174373, 45.5205115 ] ] } },
{ "type": "Feature", "properties": { "u": 1765657075, "v": 1765630408, "key": 0, "highway": "secondary", "length_km": 0.077781568975649806, "is_crit_economique": true, "is_crit_securitaire": false }, "geometry": { "type": "LineString", "coordinates": [ [ -73.6168235, 45.5104142 ], [ -73.6167574, 45.5104898 ], [ -73.6167335, 45.5105176 ], [ -73.6167094, 45.5105457 ], [ -73.6162905, 45.5110056 ] ] } },
{ "type": "Feature", "properties": { "u": 1765657078, "v": 664167873, "key": 0, "highway": "residential", "length_km": 0.17008797331212314, "is_crit_economique": false, "is_crit_securitaire": false }, "geometry": { "type": "LineString", "coordinates": [ [ -73.6222703, 45.5151119 ], [ -73.6222113, 45.515085 ], [ -73.6216653, 45.514835 ], [ -73.6210513, 45.5145585 ], [ -73.6205651, 45.5143475 ], [ -73.6205187, 45.5143273 ], [ -73.6204361, 45.5142831 ] ] } },
{ "type": "Feature", "properties": { "u": 1765657078, "v": 209365013, "key": 0, "highway": "residential", "length_km": 0.16248948284720455, "is_crit_economique": false, "is_crit_securitaire": false }, "geometry": { "type": "LineString", "coordinates": [ [ -73.6222703, 45.5151119 ], [ -73.6223446, 45.515147 ], [ -73.6227716, 45.5153297 ], [ -73.6235078, 45.5156553 ], [ -73.6239741, 45.5158622 ], [ -73.6240363, 45.515889 ] ] } },
{ "type": "Feature", "properties": { "u": 1765657078, "v": 1765657079, "key": 0, "highway": "residential", "length_km": 0.093435812326343876, "is_crit_economique": false, "is_crit_securitaire": false }, "geometry": { "type": "LineString", "coordinates": [ [ -73.6222703, 45.5151119 ], [ -73.6222365, 45.5151491 ], [ -73.6219639, 45.5154506 ], [ -73.6216712, 45.5157719 ], [ -73.6216269, 45.515821 ] ] } },
{ "type": "Feature", "properties": { "u": 1765657079, "v": 209365009, "key": 0, "highway": "residential", "length_km": 0.16283770258717892, "is_crit_economique": false, "is_crit_securitaire": false }, "geometry": { "type": "LineString", "coordinates": [ [ -73.6216269, 45.515821 ], [ -73.6217113, 45.5158582 ], [ -73.622236, 45.5160905 ], [ -73.6228079, 45.5163394 ], [ -73.6233401, 45.5165741 ], [ -73.6233986, 45.5165977 ] ] } },
{ "type": "Feature", "properties": { "u": 1765657079, "v": 1765657078, "key": 0, "highway": "residential", "length_km": 0.093435812326343889, "is_crit_economique": false, "is_crit_securitaire": false }, "geometry": { "type": "LineString", "coordinates": [ [ -73.6216269, 45.515821 ], [ -73.6216712, 45.5157719 ], [ -73.6219639, 45.5154506 ], [ -73.6222365, 45.5151491 ], [ -73.6222703, 45.5151119 ] ] } },
{ "type": "Feature", "properties": { "u": 1765657079, "v": 1765657080, "key": 0, "highway": "residential", "length_km": 0.091420975041275915, "is_crit_economique": false, "is_crit_securitaire": false }, "geometry": { "type": "LineString", "coordinates": [ [ -73.6216269, 45.515821 ], [ -73.621586, 45.515865 ], [ -73.6210889, 45.5164303 ], [ -73.6210486, 45.5164725 ], [ -73.6210048, 45.516518 ] ] } },
{ "type": "Feature", "properties": { "u": 1765657080, "v": 209390670, "key": 0, "highway": "residential", "length_km": 0.16969637445082472, "is_crit_economique": false, "is_crit_securitaire": false }, "geometry": { "type": "LineString", "coordinates": [ [ -73.6210048, 45.516518 ], [ -73.6209549, 45.516495 ], [ -73.6208832, 45.5164638 ], [ -73.62043, 45.5162611 ], [ -73.619819, 45.5159879 ], [ -73.6193201, 45.5157648 ], [ -73.6192924, 45.5157524 ], [ -73.6192621, 45.5157388 ], [ -73.6191698, 45.515696 ] ] } },
{ "type": "Feature", "properties": { "u": 1765657080, "v": 209365004, "key": 0, "highway": "residential", "length_km": 0.16350631689472031, "is_crit_economique": false, "is_crit_securitaire": false }, "geometry": { "type": "LineString", "coordinates": [ [ -73.6210048, 45.516518 ], [ -73.6210793, 45.5165523 ], [ -73.6211524, 45.5165852 ], [ -73.6226312, 45.5172523 ], [ -73.6227044, 45.5172853 ], [ -73.6227689, 45.5173144 ] ] } },
{ "type": "Feature", "properties": { "u": 1765657080, "v": 1765657079, "key": 0, "highway": "residential", "length_km": 0.091420975041275901, "is_crit_economique": false, "is_crit_securitaire": false }, "geometry": { "type": "LineString", "coordinates": [ [ -73.6210048, 45.516518 ], [ -73.6210486, 45.5164725 ], [ -73.6210889, 45.5164303 ], [ -73.621586, 45.515865 ], [ -73.6216269, 45.515821 ] ] } },
{ "type": "Feature", "properties": { "u": 1765657080, "v": 1765630409, "key": 0, "highway": "residential", "length_km": 0.083896666034389833, "is_crit_economique": false, "is_crit_securitaire": false }, "geometry": { "type": "LineString", "coordinates": [ [ -73.6210048, 45.516518 ], [ -73.6209651, 45.5165621 ], [ -73.6209268, 45.5166037 ], [ -73.6204719, 45.5171156 ], [ -73.620438, 45.5171594 ] ] } },
{ "type": "Feature", "properties": { "u": 1765657081, "v": 209364977, "key": 0, "highway": "residential", "length_km": 0.16948792011613098, "is_crit_economique": false, "is_crit_securitaire": false }, "geometry": { "type": "LineString", "coordinates": [ [ -73.6198309, 45.5178321 ], [ -73.6197757, 45.5178075 ], [ -73.6196982, 45.517773 ], [ -73.619422, 45.5176501 ], [ -73.6184581, 45.5172212 ], [ -73.618152, 45.517085 ], [ -73.6181201, 45.5170708 ], [ -73.6180848, 45.5170552 ], [ -73.617995, 45.5170145 ] ] } },
{ "type": "Feature", "properties": { "u": 1765657081, "v": 1765657082, "key": 0, "highway": "residential", "length_km": 0.088087193578843315, "is_crit_economique": false, "is_crit_securitaire": false }, "geometry": { "type": "LineString", "coordinates": [ [ -73.6198309, 45.5178321 ], [ -73.6197906, 45.5178741 ], [ -73.6197576, 45.5179121 ], [ -73.6192927, 45.5184396 ], [ -73.6192744, 45.5184604 ], [ -73.6192337, 45.5185047 ] ] } },
{ "type": "Feature", "properties": { "u": 1765657081, "v": 209364967, "key": 0, "highway": "residential", "length_km": 0.15567919413296685, "is_crit_economique": false, "is_crit_securitaire": false }, "geometry": { "type": "LineString", "coordinates": [ [ -73.6198309, 45.5178321 ], [ -73.6199107, 45.517866 ], [ -73.6199839, 45.5178979 ], [ -73.6203018, 45.5180424 ], [ -73.6214257, 45.5185421 ], [ -73.6214634, 45.5185602 ], [ -73.6215153, 45.5185851 ] ] } },
{ "type": "Feature", "properties": { "u": 1765657081, "v": 1765630409, "key": 0, "highway": "residential", "length_km": 0.088508499346071121, "is_crit_economique": false, "is_crit_securitaire": false }, "geometry": { "type": "LineString", "coordinates": [ [ -73.6198309, 45.5178321 ], [ -73.6198759, 45.5177854 ], [ -73.61993, 45.5177248 ], [ -73.6203981, 45.5172006 ], [ -73.620438, 45.5171594 ] ] } },
{ "type": "Feature", "properties": { "u": 1765657082, "v": 1765657081, "key": 0, "highway": "residential", "length_km": 0.088087193578843329, "is_crit_economique": false, "is_crit_securitaire": false }, "geometry": { "type": "LineString", "coordinates": [ [ -73.6192337, 45.5185047 ], [ -73.6192744, 45.5184604 ], [ -73.6192927, 45.5184396 ], [ -73.6197576, 45.5179121 ], [ -73.6197906, 45.5178741 ], [ -73.6198309, 45.5178321 ] ] } },
{ "type": "Feature", "properties": { "u": 1765657082, "v": 209390697, "key": 0, "highway": "residential", "length_km": 0.087104676014627028, "is_crit_economique": false, "is_crit_securitaire": false }, "geometry": { "type": "LineString", "coordinates": [ [ -73.6192337, 45.5185047 ], [ -73.619204, 45.5185368 ], [ -73.6191791, 45.518561 ], [ -73.6186869, 45.5191101 ], [ -73.6186656, 45.5191344 ], [ -73.6186355, 45.5191664 ] ] } },
{ "type": "Feature", "properties": { "u": 1765657082, "v": 437788171, "key": 0, "highway": "tertiary", "length_km": 0.16976353639144295, "is_crit_economique": false, "is_crit_securitaire": false }, "geometry": { "type": "LineString", "coordinates": [ [ -73.6192337, 45.5185047 ], [ -73.6191809, 45.5184804 ], [ -73.6190778, 45.5184353 ], [ -73.6188195, 45.5183198 ], [ -73.6178563, 45.5178873 ], [ -73.6176074, 45.5177749 ], [ -73.6175629, 45.5177531 ], [ -73.6174989, 45.5177238 ], [ -73.6174017, 45.5176783 ] ] } },
{ "type": "Feature", "properties": { "u": 1825900796, "v": 438111575, "key": 0, "highway": "residential", "length_km": 0.11687992843431336, "is_crit_economique": false, "is_crit_securitaire": false }, "geometry": { "type": "LineString", "coordinates": [ [ -73.6108413, 45.525022 ], [ -73.6109237, 45.5250574 ], [ -73.6109674, 45.5250763 ], [ -73.6113879, 45.5252574 ], [ -73.6121188, 45.5255732 ] ] } },
{ "type": "Feature", "properties": { "u": 1825900796, "v": 437788242, "key": 0, "highway": "residential", "length_km": 0.26198406040049171, "is_crit_economique": false, "is_crit_securitaire": false }, "geometry": { "type": "LineString", "coordinates": [ [ -73.6108413, 45.525022 ], [ -73.610747, 45.5249805 ], [ -73.6107245, 45.5249707 ], [ -73.6080923, 45.5237834 ], [ -73.6080129, 45.5237475 ] ] } },
{ "type": "Feature", "properties": { "u": 1825900796, "v": 221106437, "key": 0, "highway": "secondary", "length_km": 0.086515393101883678, "is_crit_economique": true, "is_crit_securitaire": false }, "geometry": { "type": "LineString", "coordinates": [ [ -73.6108413, 45.525022 ], [ -73.6111376, 45.5246971 ], [ -73.6113882, 45.524415 ], [ -73.6114318, 45.5243631 ] ] } },
{ "type": "Feature", "properties": { "u": 1851835123, "v": 437733314, "key": 0, "highway": "secondary", "length_km": 0.039905538457993175, "is_crit_economique": true, "is_crit_securitaire": false }, "geometry": { "type": "LineString", "coordinates": [ [ -73.5955344, 45.5177078 ], [ -73.5953228, 45.5179501 ], [ -73.5952668, 45.5180138 ] ] } },
{ "type": "Feature", "properties": { "u": 1851835123, "v": 31700819, "key": 0, "highway": "secondary", "length_km": 0.080008546759757992, "is_crit_economique": true, "is_crit_securitaire": false }, "geometry": { "type": "LineString", "coordinates": [ [ -73.5955344, 45.5177078 ], [ -73.5958097, 45.5173964 ], [ -73.5960742, 45.5170957 ] ] } },
{ "type": "Feature", "properties": { "u": 1857963725, "v": 221106435, "key": 0, "highway": "residential", "length_km": 0.26209397919899025, "is_crit_economique": false, "is_crit_securitaire": false }, "geometry": { "type": "LineString", "coordinates": [ [ -73.6095833, 45.5219925 ], [ -73.6096576, 45.5220275 ], [ -73.6100446, 45.5221993 ], [ -73.610212, 45.5222739 ], [ -73.6104589, 45.5223839 ], [ -73.6110469, 45.522646 ], [ -73.611985, 45.523064 ], [ -73.6122461, 45.5231769 ], [ -73.6122887, 45.5231953 ], [ -73.6123289, 45.5232125 ], [ -73.6124254, 45.5232536 ] ] } },
{ "type": "Feature", "properties": { "u": 1857963725, "v": 221106368, "key": 0, "highway": "residential", "length_km": 0.06867937143141116, "is_crit_economique": false, "is_crit_securitaire": false }, "geometry": { "type": "LineString", "coordinates": [ [ -73.6095833, 45.5219925 ], [ -73.6095497, 45.522027 ], [ -73.6094947, 45.5220836 ], [ -73.6091783, 45.5224457 ], [ -73.609152, 45.5224726 ], [ -73.6091116, 45.5225141 ] ] } },
{ "type": "Feature", "properties": { "u": 1857963725, "v": 221106378, "key": 0, "highway": "residential", "length_km": 0.083435316034854559, "is_crit_economique": false, "is_crit_securitaire": false }, "geometry": { "type": "LineString", "coordinates": [ [ -73.6095833, 45.5219925 ], [ -73.6096173, 45.5219533 ], [ -73.609645, 45.5219212 ], [ -73.610073, 45.5214361 ], [ -73.6100996, 45.521406 ], [ -73.6101456, 45.5213539 ] ] } },
{ "type": "Feature", "properties": { "u": 1969920684, "v": 303432802, "key": 0, "highway": "residential", "length_km": 0.082294782526441623, "is_crit_economique": false, "is_crit_securitaire": false }, "geometry": { "type": "LineString", "coordinates": [ [ -73.6158136, 45.5131891 ], [ -73.6158447, 45.5131506 ], [ -73.6158772, 45.5131169 ], [ -73.6163308, 45.5126141 ], [ -73.6163768, 45.5125631 ] ] } },
{ "type": "Feature", "properties": { "u": 1969920684, "v": 596999732, "key": 0, "highway": "residential", "length_km": 0.020047240016884387, "is_crit_economique": false, "is_crit_securitaire": false }, "geometry": { "type": "LineString", "coordinates": [ [ -73.6158136, 45.5131891 ], [ -73.6157421, 45.5131596 ], [ -73.6156458, 45.5131197 ], [ -73.615592, 45.5130975 ] ] } },
{ "type": "Feature", "properties": { "u": 1969920684, "v": 209387049, "key": 0, "highway": "residential", "length_km": 0.10800741529481783, "is_crit_economique": false, "is_crit_securitaire": false }, "geometry": { "type": "LineString", "coordinates": [ [ -73.6158136, 45.5131891 ], [ -73.6158557, 45.5132072 ], [ -73.6159012, 45.5132268 ], [ -73.616912, 45.5136851 ], [ -73.6169787, 45.5137153 ] ] } },
{ "type": "Feature", "properties": { "u": 1975853544, "v": 1975853546, "key": 0, "highway": "residential", "length_km": 0.065041736821206064, "is_crit_economique": false, "is_crit_securitaire": false }, "geometry": { "type": "LineString", "coordinates": [ [ -73.6170791, 45.5113431 ], [ -73.6172018, 45.5112223 ], [ -73.6172642, 45.5111741 ], [ -73.617376, 45.5111102 ], [ -73.6174931, 45.5110762 ], [ -73.6175926, 45.511034 ], [ -73.6177207, 45.5109896 ] ] } },
{ "type": "Feature", "properties": { "u": 1975853544, "v": 1975853560, "key": 0, "highway": "residential", "length_km": 0.055480790044173146, "is_crit_economique": false, "is_crit_securitaire": false }, "geometry": { "type": "LineString", "coordinates": [ [ -73.6170791, 45.5113431 ], [ -73.6171496, 45.5113933 ], [ -73.617211, 45.511451 ], [ -73.6172192, 45.5114848 ], [ -73.6172229, 45.5115001 ], [ -73.6172186, 45.5115575 ], [ -73.6171812, 45.5116575 ], [ -73.6171268, 45.5117199 ], [ -73.6170727, 45.511782 ] ] } },
{ "type": "Feature", "properties": { "u": 1975853544, "v": 1765630408, "key": 0, "highway": "residential", "length_km": 0.072065006158144401, "is_crit_economique": false, "is_crit_securitaire": false }, "geometry": { "type": "LineString", "coordinates": [ [ -73.6170791, 45.5113431 ], [ -73.6168841, 45.511256 ], [ -73.6164373, 45.5110565 ], [ -73.6164162, 45.5110486 ], [ -73.6162905, 45.5110056 ] ] } },
{ "type": "Feature", "properties": { "u": 1975853546, "v": 1975853548, "key": 0, "highway": "residential", "length_km": 0.036925421355555488, "is_crit_economique": false, "is_crit_securitaire": false }, "geometry": { "type": "LineString", "coordinates": [ [ -73.6177207, 45.5109896 ], [ -73.6181212, 45.5111671 ] ] } },
{ "type": "Feature", "properties": { "u": 1975853546, "v": 1975853544, "key": 0, "highway": "residential", "length_km": 0.065041736821206064, "is_crit_economique": false, "is_crit_securitaire": false }, "geometry": { "type": "LineString", "coordinates": [ [ -73.6177207, 45.5109896 ], [ -73.6175926, 45.511034 ], [ -73.6174931, 45.5110762 ], [ -73.617376, 45.5111102 ], [ -73.6172642, 45.5111741 ], [ -73.6172018, 45.5112223 ], [ -73.6170791, 45.5113431 ] ] } },
{ "type": "Feature", "properties": { "u": 1975853546, "v": 10073196740, "key": 0, "highway": "residential", "length_km": 0.0698746766816188, "is_crit_economique": false, "is_crit_securitaire": false }, "geometry": { "type": "LineString", "coordinates": [ [ -73.6177207, 45.5109896 ], [ -73.6175984, 45.5108954 ], [ -73.6169933, 45.5106285 ] ] } },
{ "type": "Feature", "properties": { "u": 1975853548, "v": 1975853546, "key": 0, "highway": "residential", "length_km": 0.036925421355555488, "is_crit_economique": false, "is_crit_securitaire": false }, "geometry": { "type": "LineString", "coordinates": [ [ -73.6181212, 45.5111671 ], [ -73.6177207, 45.5109896 ] ] } },
{ "type": "Feature", "properties": { "u": 1975853548, "v": 303431774, "key": 0, "highway": "residential", "length_km": 0.047523479067410432, "is_crit_economique": false, "is_crit_securitaire": false }, "geometry": { "type": "LineString", "coordinates": [ [ -73.6181212, 45.5111671 ], [ -73.6182708, 45.5111901 ], [ -73.6186599, 45.5113577 ] ] } },
{ "type": "Feature", "properties": { "u": 1975853548, "v": 1975853561, "key": 0, "highway": "residential", "length_km": 0.10342767534396768, "is_crit_economique": false, "is_crit_securitaire": false }, "geometry": { "type": "LineString", "coordinates": [ [ -73.6181212, 45.5111671 ], [ -73.6180854, 45.5112568 ], [ -73.6180386, 45.5113956 ], [ -73.6179747, 45.5115142 ], [ -73.6179024, 45.5116176 ], [ -73.6178097, 45.5117302 ], [ -73.6177475, 45.5117936 ], [ -73.6176349, 45.5119039 ], [ -73.6175513, 45.5119969 ] ] } },
{ "type": "Feature", "properties": { "u": 1975853560, "v": 1975853561, "key": 0, "highway": "residential", "length_km": 0.044306107250060935, "is_crit_economique": false, "is_crit_securitaire": false }, "geometry": { "type": "LineString", "coordinates": [ [ -73.6170727, 45.511782 ], [ -73.6171553, 45.5118162 ], [ -73.6172294, 45.5118468 ], [ -73.6175513, 45.5119969 ] ] } },
{ "type": "Feature", "properties": { "u": 1975853560, "v": 303432802, "key": 0, "highway": "residential", "length_km": 0.10239509286880984, "is_crit_economique": false, "is_crit_securitaire": false }, "geometry": { "type": "LineString", "coordinates": [ [ -73.6170727, 45.511782 ], [ -73.6170225, 45.5118371 ], [ -73.6164429, 45.5124926 ], [ -73.6164134, 45.512524 ], [ -73.6163768, 45.5125631 ] ] } },
{ "type": "Feature", "properties": { "u": 1975853560, "v": 1975853544, "key": 0, "highway": "residential", "length_km": 0.055480790044173153, "is_crit_economique": false, "is_crit_securitaire": false }, "geometry": { "type": "LineString", "coordinates": [ [ -73.6170727, 45.511782 ], [ -73.6171268, 45.5117199 ], [ -73.6171812, 45.5116575 ], [ -73.6172186, 45.5115575 ], [ -73.6172229, 45.5115001 ], [ -73.6172192, 45.5114848 ], [ -73.617211, 45.511451 ], [ -73.6171496, 45.5113933 ], [ -73.6170791, 45.5113431 ] ] } },
{ "type": "Feature", "properties": { "u": 1975853561, "v": 1975853560, "key": 0, "highway": "residential", "length_km": 0.044306107250060942, "is_crit_economique": false, "is_crit_securitaire": false }, "geometry": { "type": "LineString", "coordinates": [ [ -73.6175513, 45.5119969 ], [ -73.6172294, 45.5118468 ], [ -73.6171553, 45.5118162 ], [ -73.6170727, 45.511782 ] ] } },
{ "type": "Feature", "properties": { "u": 2378096434, "v": 213955429, "key": 0, "highway": "residential", "length_km": 0.065993310978691613, "is_crit_economique": false, "is_crit_securitaire": false }, "geometry": { "type": "LineString", "coordinates": [ [ -73.6206074, 45.5198148 ], [ -73.6206366, 45.5197267 ], [ -73.620657, 45.5196851 ], [ -73.6206803, 45.5196509 ], [ -73.6207077, 45.5196166 ], [ -73.6208099, 45.5195021 ], [ -73.6209031, 45.5193967 ], [ -73.6209388, 45.5193563 ], [ -73.6209981, 45.5192935 ] ] } },
{ "type": "Feature", "properties": { "u": 3165394666, "v": 209387136, "key": 0, "highway": "residential", "length_km": 0.088659655278823191, "is_crit_economique": false, "is_crit_securitaire": false }, "geometry": { "type": "LineString", "coordinates": [ [ -73.616226, 45.5077254 ], [ -73.6162657, 45.507681 ], [ -73.6167829, 45.5071037 ], [ -73.6168309, 45.5070501 ] ] } },
{ "type": "Feature", "properties": { "u": 3382995922, "v": 303432802, "key": 0, "highway": "residential", "length_km": 0.10337989396115491, "is_crit_economique": false, "is_crit_securitaire": false }, "geometry": { "type": "LineString", "coordinates": [ [ -73.6152552, 45.5120665 ], [ -73.6163003, 45.5125304 ], [ -73.6163768, 45.5125631 ] ] } },
{ "type": "Feature", "properties": { "u": 3405413274, "v": 3405413277, "key": 0, "highway": "residential", "length_km": 0.095393002075805977, "is_crit_economique": false, "is_crit_securitaire": false }, "geometry": { "type": "LineString", "coordinates": [ [ -73.6084948, 45.5148055 ], [ -73.6084475, 45.5147309 ], [ -73.6084328, 45.5147149 ], [ -73.6084235, 45.514703 ], [ -73.6084099, 45.514695 ], [ -73.6083905, 45.514685 ], [ -73.6083742, 45.514681 ], [ -73.6083505, 45.5146777 ], [ -73.6083199, 45.5146758 ], [ -73.6082767, 45.5146766 ], [ -73.6081975, 45.5146827 ], [ -73.6081515, 45.5146871 ], [ -73.608095, 45.5146936 ], [ -73.608029, 45.5147013 ], [ -73.6079436, 45.5147143 ], [ -73.6073896, 45.5147969 ] ] } },
{ "type": "Feature", "properties": { "u": 3405413274, "v": 126102457, "key": 0, "highway": "secondary", "length_km": 0.041441340782452346, "is_crit_economique": true, "is_crit_securitaire": false }, "geometry": { "type": "LineString", "coordinates": [ [ -73.6084948, 45.5148055 ], [ -73.6086907, 45.5147523 ], [ -73.6088559, 45.5147068 ], [ -73.6089028, 45.5146947 ], [ -73.6089907, 45.5146708 ] ] } },
{ "type": "Feature", "properties": { "u": 3405413274, "v": 31700228, "key": 0, "highway": "secondary", "length_km": 0.1774064279201088, "is_crit_economique": true, "is_crit_securitaire": false }, "geometry": { "type": "LineString", "coordinates": [ [ -73.6084948, 45.5148055 ], [ -73.6080508, 45.5149276 ], [ -73.6078466, 45.5149824 ], [ -73.6076875, 45.5150232 ], [ -73.6075691, 45.5150532 ], [ -73.6074635, 45.5150793 ], [ -73.607369, 45.5151014 ], [ -73.6072768, 45.5151218 ], [ -73.6072074, 45.5151364 ], [ -73.6070987, 45.5151599 ], [ -73.6070048, 45.5151788 ], [ -73.6069105, 45.5151968 ], [ -73.6068223, 45.5152119 ], [ -73.6067208, 45.5152298 ], [ -73.6066216, 45.515246 ], [ -73.6065183, 45.5152622 ], [ -73.6064685, 45.5152701 ], [ -73.6064028, 45.5152792 ], [ -73.6063294, 45.5152892 ] ] } },
{ "type": "Feature", "properties": { "u": 3405413277, "v": 3405413274, "key": 0, "highway": "residential", "length_km": 0.095393002075805991, "is_crit_economique": false, "is_crit_securitaire": false }, "geometry": { "type": "LineString", "coordinates": [ [ -73.6073896, 45.5147969 ], [ -73.6079436, 45.5147143 ], [ -73.608029, 45.5147013 ], [ -73.608095, 45.5146936 ], [ -73.6081515, 45.5146871 ], [ -73.6081975, 45.5146827 ], [ -73.6082767, 45.5146766 ], [ -73.6083199, 45.5146758 ], [ -73.6083505, 45.5146777 ], [ -73.6083742, 45.514681 ], [ -73.6083905, 45.514685 ], [ -73.6084099, 45.514695 ], [ -73.6084235, 45.514703 ], [ -73.6084328, 45.5147149 ], [ -73.6084475, 45.5147309 ], [ -73.6084948, 45.5148055 ] ] } },
{ "type": "Feature", "properties": { "u": 3691019539, "v": 4605973276, "key": 0, "highway": "residential", "length_km": 0.013578248724090638, "is_crit_economique": false, "is_crit_securitaire": false }, "geometry": { "type": "LineString", "coordinates": [ [ -73.6110779, 45.5166375 ], [ -73.6109899, 45.5167429 ] ] } },
{ "type": "Feature", "properties": { "u": 3733743016, "v": 213649468, "key": 0, "highway": "residential", "length_km": 0.21624279669854735, "is_crit_economique": false, "is_crit_securitaire": false }, "geometry": { "type": "LineString", "coordinates": [ [ -73.60025, 45.5102605 ], [ -73.6003103, 45.5103283 ], [ -73.6003631, 45.5104645 ], [ -73.6003819, 45.5105434 ], [ -73.6003839, 45.5106149 ], [ -73.6003602, 45.5108642 ], [ -73.6003332, 45.5109949 ], [ -73.6002838, 45.5111925 ], [ -73.6000629, 45.512006 ], [ -73.6000375, 45.51208 ], [ -73.6000259, 45.5121141 ], [ -73.6000091, 45.5121631 ] ] } },
{ "type": "Feature", "properties": { "u": 3964969147, "v": 213649392, "key": 0, "highway": "residential", "length_km": 0.10677770185428771, "is_crit_economique": false, "is_crit_securitaire": false }, "geometry": { "type": "LineString", "coordinates": [ [ -73.6091075, 45.5111271 ], [ -73.6090036, 45.5111556 ], [ -73.6089055, 45.5111824 ], [ -73.6078628, 45.511528 ] ] } },
{ "type": "Feature", "properties": { "u": 3964969147, "v": 213649409, "key": 0, "highway": "residential", "length_km": 0.37497299194178974, "is_crit_economique": false, "is_crit_securitaire": false }, "geometry": { "type": "LineString", "coordinates": [ [ -73.6091075, 45.5111271 ], [ -73.609221, 45.5111791 ], [ -73.6093967, 45.5112597 ], [ -73.6098615, 45.511473 ], [ -73.6101008, 45.5115863 ], [ -73.6108922, 45.5119609 ], [ -73.6114516, 45.5122257 ], [ -73.61153, 45.5122623 ], [ -73.6116646, 45.5123232 ], [ -73.6118718, 45.512417 ], [ -73.6122068, 45.5125687 ], [ -73.6129495, 45.512905 ], [ -73.6129944, 45.5129252 ], [ -73.6130264, 45.5129429 ], [ -73.6131074, 45.5129989 ] ] } },
{ "type": "Feature", "properties": { "u": 3964969147, "v": 31700077, "key": 0, "highway": "residential", "length_km": 0.24438066622201202, "is_crit_economique": false, "is_crit_securitaire": false }, "geometry": { "type": "LineString", "coordinates": [ [ -73.6091075, 45.5111271 ], [ -73.6093145, 45.5110701 ], [ -73.6100232, 45.5108748 ], [ -73.6101942, 45.51083 ], [ -73.6103, 45.5107896 ], [ -73.610586, 45.5106711 ], [ -73.6107093, 45.5106124 ], [ -73.6108714, 45.510546 ], [ -73.610987, 45.5104873 ], [ -73.6111013, 45.5104107 ], [ -73.6114438, 45.5101789 ], [ -73.6116334, 45.5100459 ], [ -73.6117161, 45.5099713 ] ] } },
{ "type": "Feature", "properties": { "u": 4171683688, "v": 209387056, "key": 0, "highway": "secondary", "length_km": 0.13234242674099581, "is_crit_economique": true, "is_crit_securitaire": false }, "geometry": { "type": "LineString", "coordinates": [ [ -73.6155322, 45.5117204 ], [ -73.6153923, 45.5117986 ], [ -73.6153507, 45.5118229 ], [ -73.6151525, 45.5119327 ], [ -73.6147837, 45.5121224 ], [ -73.6141684, 45.5124292 ] ] } },
{ "type": "Feature", "properties": { "u": 4171683688, "v": 5415829812, "key": 0, "highway": "secondary", "length_km": 0.057815917003369154, "is_crit_economique": true, "is_crit_securitaire": false }, "geometry": { "type": "LineString", "coordinates": [ [ -73.6155322, 45.5117204 ], [ -73.6156991, 45.5116741 ], [ -73.6157676, 45.5116424 ], [ -73.6158761, 45.5115378 ], [ -73.6159371, 45.5114657 ], [ -73.6159805, 45.511346 ] ] } },
{ "type": "Feature", "properties": { "u": 4171683688, "v": 5415829801, "key": 0, "highway": "tertiary", "length_km": 0.16005533614878223, "is_crit_economique": false, "is_crit_securitaire": false }, "geometry": { "type": "LineString", "coordinates": [ [ -73.6155322, 45.5117204 ], [ -73.6154585, 45.511675 ], [ -73.6154326, 45.5116595 ], [ -73.6153367, 45.5116134 ], [ -73.6150373, 45.5114745 ], [ -73.6148646, 45.5113944 ], [ -73.6147825, 45.5113582 ], [ -73.6144856, 45.5112275 ], [ -73.613946, 45.5109882 ], [ -73.6138181, 45.5109291 ] ] } },
{ "type": "Feature", "properties": { "u": 4504112773, "v": 29239079, "key": 0, "highway": "secondary", "length_km": 0.14958940104405272, "is_crit_economique": true, "is_crit_securitaire": false }, "geometry": { "type": "LineString", "coordinates": [ [ -73.5987386, 45.5160659 ], [ -73.5986322, 45.5160749 ], [ -73.5985876, 45.5160786 ], [ -73.5982167, 45.5160975 ], [ -73.5970537, 45.5161285 ], [ -73.5969901, 45.5161302 ], [ -73.5968218, 45.5161351 ] ] } },
{ "type": "Feature", "properties": { "u": 4504112773, "v": 391531806, "key": 0, "highway": "secondary", "length_km": 0.15239557461395334, "is_crit_economique": true, "is_crit_securitaire": false }, "geometry": { "type": "LineString", "coordinates": [ [ -73.5987386, 45.5160659 ], [ -73.598855, 45.5160562 ], [ -73.5988952, 45.5160529 ], [ -73.6006812, 45.5159063 ] ] } },
{ "type": "Feature", "properties": { "u": 4504112773, "v": 4504112778, "key": 0, "highway": "tertiary", "length_km": 0.034390842386926371, "is_crit_economique": false, "is_crit_securitaire": false }, "geometry": { "type": "LineString", "coordinates": [ [ -73.5987386, 45.5160659 ], [ -73.5987349, 45.516142 ], [ -73.5987302, 45.5161629 ], [ -73.5987073, 45.5162136 ], [ -73.5986746, 45.516289 ], [ -73.5986381, 45.5163648 ] ] } },
{ "type": "Feature", "properties": { "u": 4504112778, "v": 31776943, "key": 0, "highway": "tertiary", "length_km": 0.070773642861143668, "is_crit_economique": false, "is_crit_securitaire": false }, "geometry": { "type": "LineString", "coordinates": [ [ -73.5986381, 45.5163648 ], [ -73.5983761, 45.5166904 ], [ -73.59821, 45.5168745 ], [ -73.5981773, 45.5169131 ] ] } },
{ "type": "Feature", "properties": { "u": 4504112778, "v": 124531262, "key": 0, "highway": "residential", "length_km": 0.16702060190797355, "is_crit_economique": false, "is_crit_securitaire": false }, "geometry": { "type": "LineString", "coordinates": [ [ -73.5986381, 45.5163648 ], [ -73.5987606, 45.5164046 ], [ -73.5988747, 45.5164758 ], [ -73.5989847, 45.5165446 ], [ -73.5990816, 45.5165972 ], [ -73.5993289, 45.5167161 ], [ -73.59967, 45.5168667 ], [ -73.6003524, 45.5171628 ], [ -73.6004197, 45.5171932 ] ] } },
{ "type": "Feature", "properties": { "u": 4504112778, "v": 4504112773, "key": 0, "highway": "tertiary", "length_km": 0.034390842386926378, "is_crit_economique": false, "is_crit_securitaire": false }, "geometry": { "type": "LineString", "coordinates": [ [ -73.5986381, 45.5163648 ], [ -73.5986746, 45.516289 ], [ -73.5987073, 45.5162136 ], [ -73.5987302, 45.5161629 ], [ -73.5987349, 45.516142 ], [ -73.5987386, 45.5160659 ] ] } },
{ "type": "Feature", "properties": { "u": 4514457621, "v": 2378096434, "key": 0, "highway": "tertiary_link", "length_km": 0.030359474841605883, "is_crit_economique": false, "is_crit_securitaire": false }, "geometry": { "type": "LineString", "coordinates": [ [ -73.6206345, 45.5200778 ], [ -73.6205976, 45.520015 ], [ -73.6205861, 45.5199964 ], [ -73.6205785, 45.5199793 ], [ -73.620574, 45.5199579 ], [ -73.6205752, 45.5199374 ], [ -73.6205794, 45.5199133 ], [ -73.6205831, 45.5198923 ], [ -73.6206074, 45.5198148 ] ] } },
{ "type": "Feature", "properties": { "u": 4514457621, "v": 865023812, "key": 0, "highway": "tertiary", "length_km": 0.022741885011679976, "is_crit_economique": false, "is_crit_securitaire": false }, "geometry": { "type": "LineString", "coordinates": [ [ -73.6206345, 45.5200778 ], [ -73.6207388, 45.5201133 ], [ -73.6207977, 45.5201389 ], [ -73.6208303, 45.5201532 ], [ -73.6208883, 45.5201783 ] ] } },
{ "type": "Feature", "properties": { "u": 4514524164, "v": 213649963, "key": 0, "highway": "residential", "length_km": 0.024709717471361203, "is_crit_economique": false, "is_crit_securitaire": false }, "geometry": { "type": "LineString", "coordinates": [ [ -73.6026969, 45.5137491 ], [ -73.602749, 45.5135299 ] ] } },
{ "type": "Feature", "properties": { "u": 4514524164, "v": 213649957, "key": 0, "highway": "residential", "length_km": 0.10300052658363767, "is_crit_economique": false, "is_crit_securitaire": false }, "geometry": { "type": "LineString", "coordinates": [ [ -73.6026969, 45.5137491 ], [ -73.6027357, 45.513806 ], [ -73.6027438, 45.5138454 ], [ -73.6027757, 45.5141912 ], [ -73.6028206, 45.514547 ], [ -73.6028356, 45.5146098 ], [ -73.6028468, 45.5146653 ] ] } },
{ "type": "Feature", "properties": { "u": 4514524184, "v": 213649485, "key": 0, "highway": "residential", "length_km": 0.074118249323199645, "is_crit_economique": false, "is_crit_securitaire": false }, "geometry": { "type": "LineString", "coordinates": [ [ -73.5997141, 45.5140981 ], [ -73.5997627, 45.5141213 ], [ -73.5998085, 45.51414 ], [ -73.600326, 45.5143766 ], [ -73.6003955, 45.5143988 ], [ -73.6005349, 45.5144271 ] ] } },
{ "type": "Feature", "properties": { "u": 4514524184, "v": 9307175743, "key": 0, "highway": "residential", "length_km": 0.10209098190684612, "is_crit_economique": false, "is_crit_securitaire": false }, "geometry": { "type": "LineString", "coordinates": [ [ -73.5997141, 45.5140981 ], [ -73.5996441, 45.5140662 ], [ -73.598761, 45.5136642 ], [ -73.5986134, 45.5136001 ] ] } },
{ "type": "Feature", "properties": { "u": 4514524184, "v": 213649471, "key": 0, "highway": "residential", "length_km": 0.19169097972926619, "is_crit_economique": false, "is_crit_securitaire": false }, "geometry": { "type": "LineString", "coordinates": [ [ -73.5997141, 45.5140981 ], [ -73.5997583, 45.5140506 ], [ -73.6001439, 45.513636 ], [ -73.6002278, 45.5135452 ], [ -73.6003715, 45.5133918 ], [ -73.6004704, 45.5132866 ], [ -73.6007294, 45.5129978 ], [ -73.6009919, 45.5127209 ], [ -73.601056, 45.5126533 ] ] } },
{ "type": "Feature", "properties": { "u": 4559009211, "v": 865023812, "key": 0, "highway": "residential", "length_km": 0.38821760021986562, "is_crit_economique": false, "is_crit_securitaire": false }, "geometry": { "type": "LineString", "coordinates": [ [ -73.6182257, 45.5231294 ], [ -73.6182717, 45.5230787 ], [ -73.6183233, 45.5230209 ], [ -73.618985, 45.5222842 ], [ -73.6190648, 45.5221969 ], [ -73.6191284, 45.5221274 ], [ -73.6202071, 45.5209333 ], [ -73.6202612, 45.5208734 ], [ -73.6202884, 45.5208432 ], [ -73.6203177, 45.5208107 ], [ -73.620374, 45.5207484 ], [ -73.6208202, 45.5202529 ], [ -73.6208438, 45.5202257 ], [ -73.6208883, 45.5201783 ] ] } },
{ "type": "Feature", "properties": { "u": 4559009211, "v": 5515305964, "key": 0, "highway": "residential", "length_km": 0.086201450130847956, "is_crit_economique": false, "is_crit_securitaire": false }, "geometry": { "type": "LineString", "coordinates": [ [ -73.6182257, 45.5231294 ], [ -73.6181781, 45.5231785 ], [ -73.618126, 45.5232366 ], [ -73.6177027, 45.5237072 ], [ -73.6176837, 45.5237276 ], [ -73.6176328, 45.5237839 ] ] } },
{ "type": "Feature", "properties": { "u": 4559009212, "v": 437865622, "key": 0, "highway": "residential", "length_km": 0.13273247625181789, "is_crit_economique": false, "is_crit_securitaire": false }, "geometry": { "type": "LineString", "coordinates": [ [ -73.6154794, 45.526166 ], [ -73.6153526, 45.5261103 ], [ -73.6141457, 45.5255809 ], [ -73.6141156, 45.5255677 ], [ -73.6140353, 45.5255325 ] ] } },
{ "type": "Feature", "properties": { "u": 4559009212, "v": 5515305964, "key": 0, "highway": "residential", "length_km": 0.31353549316651885, "is_crit_economique": false, "is_crit_securitaire": false }, "geometry": { "type": "LineString", "coordinates": [ [ -73.6154794, 45.526166 ], [ -73.6155113, 45.5261294 ], [ -73.6155636, 45.5260694 ], [ -73.6157725, 45.5258385 ], [ -73.616509, 45.5250253 ], [ -73.6166105, 45.524912 ], [ -73.6175791, 45.5238448 ], [ -73.6175994, 45.5238226 ], [ -73.6176328, 45.5237839 ] ] } },
{ "type": "Feature", "properties": { "u": 4605973276, "v": 3691019539, "key": 0, "highway": "residential", "length_km": 0.013578248724090638, "is_crit_economique": false, "is_crit_securitaire": false }, "geometry": { "type": "LineString", "coordinates": [ [ -73.6109899, 45.5167429 ], [ -73.6110779, 45.5166375 ] ] } },
{ "type": "Feature", "properties": { "u": 4605973276, "v": 596999773, "key": 0, "highway": "residential", "length_km": 0.041231244628020219, "is_crit_economique": false, "is_crit_securitaire": false }, "geometry": { "type": "LineString", "coordinates": [ [ -73.6109899, 45.5167429 ], [ -73.6113522, 45.516906 ], [ -73.6113684, 45.5169134 ], [ -73.6114344, 45.5169441 ] ] } },
{ "type": "Feature", "properties": { "u": 5412399376, "v": 5412399379, "key": 0, "highway": "residential", "length_km": 0.17405475282592456, "is_crit_economique": false, "is_crit_securitaire": false }, "geometry": { "type": "LineString", "coordinates": [ [ -73.6179485, 45.5261216 ], [ -73.6178963, 45.5261802 ], [ -73.6169035, 45.5272734 ], [ -73.6168796, 45.5272997 ], [ -73.6167911, 45.5273476 ], [ -73.6166612, 45.5273475 ] ] } },
{ "type": "Feature", "properties": { "u": 5412399379, "v": 4559009212, "key": 0, "highway": "residential", "length_km": 0.1784513033902109, "is_crit_economique": false, "is_crit_securitaire": false }, "geometry": { "type": "LineString", "coordinates": [ [ -73.6166612, 45.5273475 ], [ -73.6166545, 45.5271603 ], [ -73.6166239, 45.5267667 ], [ -73.6165913, 45.5267052 ], [ -73.6165713, 45.5266692 ], [ -73.6165409, 45.5266362 ], [ -73.615765, 45.5262952 ], [ -73.6156386, 45.5262403 ], [ -73.6155621, 45.5262053 ], [ -73.6154794, 45.526166 ] ] } },
{ "type": "Feature", "properties": { "u": 5412399379, "v": 5412399376, "key": 0, "highway": "residential", "length_km": 0.17405475282592459, "is_crit_economique": false, "is_crit_securitaire": false }, "geometry": { "type": "LineString", "coordinates": [ [ -73.6166612, 45.5273475 ], [ -73.6167911, 45.5273476 ], [ -73.6168796, 45.5272997 ], [ -73.6169035, 45.5272734 ], [ -73.6178963, 45.5261802 ], [ -73.6179485, 45.5261216 ] ] } },
{ "type": "Feature", "properties": { "u": 5413741435, "v": 29795236, "key": 0, "highway": "secondary", "length_km": 0.058758014466738367, "is_crit_economique": true, "is_crit_securitaire": false }, "geometry": { "type": "LineString", "coordinates": [ [ -73.5939384, 45.5158219 ], [ -73.5934126, 45.5157449 ], [ -73.593345, 45.5157425 ], [ -73.5933023, 45.5157409 ], [ -73.5931958, 45.5157397 ] ] } },
{ "type": "Feature", "properties": { "u": 5413741435, "v": 29795235, "key": 0, "highway": "secondary", "length_km": 0.040239977198561087, "is_crit_economique": true, "is_crit_securitaire": false }, "geometry": { "type": "LineString", "coordinates": [ [ -73.5939384, 45.5158219 ], [ -73.5940007, 45.5158709 ], [ -73.5942186, 45.515902 ], [ -73.5942715, 45.5159095 ], [ -73.5943368, 45.5159179 ], [ -73.5944049, 45.5158884 ] ] } },
{ "type": "Feature", "properties": { "u": 5415829801, "v": 4171683688, "key": 0, "highway": "tertiary", "length_km": 0.1600553361487822, "is_crit_economique": false, "is_crit_securitaire": false }, "geometry": { "type": "LineString", "coordinates": [ [ -73.6138181, 45.5109291 ], [ -73.613946, 45.5109882 ], [ -73.6144856, 45.5112275 ], [ -73.6147825, 45.5113582 ], [ -73.6148646, 45.5113944 ], [ -73.6150373, 45.5114745 ], [ -73.6153367, 45.5116134 ], [ -73.6154326, 45.5116595 ], [ -73.6154585, 45.511675 ], [ -73.6155322, 45.5117204 ] ] } },
{ "type": "Feature", "properties": { "u": 5415829801, "v": 5415829806, "key": 0, "highway": "tertiary", "length_km": 0.029798965244467863, "is_crit_economique": false, "is_crit_securitaire": false }, "geometry": { "type": "LineString", "coordinates": [ [ -73.6138181, 45.5109291 ], [ -73.6137668, 45.5108786 ], [ -73.6136391, 45.5108206 ], [ -73.6135199, 45.5107668 ] ] } },
{ "type": "Feature", "properties": { "u": 5415829803, "v": 300103857, "key": 0, "highway": "tertiary", "length_km": 0.020847946877468559, "is_crit_economique": false, "is_crit_securitaire": false }, "geometry": { "type": "LineString", "coordinates": [ [ -73.6132355, 45.5106675 ], [ -73.6130166, 45.5105597 ] ] } },
{ "type": "Feature", "properties": { "u": 5415829803, "v": 31700078, "key": 0, "highway": "tertiary", "length_km": 0.025230601486229777, "is_crit_economique": false, "is_crit_securitaire": false }, "geometry": { "type": "LineString", "coordinates": [ [ -73.6132355, 45.5106675 ], [ -73.6132769, 45.5107116 ], [ -73.6133599, 45.5107475 ], [ -73.6134008, 45.5107654 ], [ -73.6134882, 45.5108032 ] ] } },
{ "type": "Feature", "properties": { "u": 5415829806, "v": 5415829803, "key": 0, "highway": "tertiary", "length_km": 0.025133972784112966, "is_crit_economique": false, "is_crit_securitaire": false }, "geometry": { "type": "LineString", "coordinates": [ [ -73.6135199, 45.5107668 ], [ -73.6134324, 45.5107295 ], [ -73.6133105, 45.5106754 ], [ -73.6132355, 45.5106675 ] ] } },
{ "type": "Feature", "properties": { "u": 5415829806, "v": 213666597, "key": 0, "highway": "residential", "length_km": 0.089782783538514141, "is_crit_economique": false, "is_crit_securitaire": false }, "geometry": { "type": "LineString", "coordinates": [ [ -73.6135199, 45.5107668 ], [ -73.6135669, 45.5107134 ], [ -73.613904, 45.5103231 ], [ -73.614079, 45.5101205 ], [ -73.6141185, 45.5100769 ] ] } },
{ "type": "Feature", "properties": { "u": 5415829812, "v": 1765630408, "key": 0, "highway": "secondary", "length_km": 0.044902005348197188, "is_crit_economique": true, "is_crit_securitaire": false }, "geometry": { "type": "LineString", "coordinates": [ [ -73.6159805, 45.511346 ], [ -73.6162905, 45.5110056 ] ] } },
{ "type": "Feature", "properties": { "u": 5415829812, "v": 4171683688, "key": 0, "highway": "secondary", "length_km": 0.054572069775878029, "is_crit_economique": true, "is_crit_securitaire": false }, "geometry": { "type": "LineString", "coordinates": [ [ -73.6159805, 45.511346 ], [ -73.6158649, 45.5114195 ], [ -73.6156932, 45.5115733 ], [ -73.6156458, 45.5116103 ], [ -73.6156135, 45.5116329 ], [ -73.6155322, 45.5117204 ] ] } },
{ "type": "Feature", "properties": { "u": 5415927950, "v": 213649963, "key": 0, "highway": "residential", "length_km": 0.03436824127176371, "is_crit_economique": false, "is_crit_securitaire": false }, "geometry": { "type": "LineString", "coordinates": [ [ -73.6023407, 45.513641 ], [ -73.6025172, 45.5135767 ], [ -73.6026387, 45.5135445 ], [ -73.602749, 45.5135299 ] ] } },
{ "type": "Feature", "properties": { "u": 5415927950, "v": 213649485, "key": 0, "highway": "residential", "length_km": 0.16572912608381971, "is_crit_economique": false, "is_crit_securitaire": false }, "geometry": { "type": "LineString", "coordinates": [ [ -73.6023407, 45.513641 ], [ -73.6022808, 45.5136624 ], [ -73.6021344, 45.5137146 ], [ -73.6006559, 45.5143684 ], [ -73.6006433, 45.514374 ], [ -73.6005349, 45.5144271 ] ] } },
{ "type": "Feature", "properties": { "u": 5415927950, "v": 4514524164, "key": 0, "highway": "residential", "length_km": 0.030416686171858935, "is_crit_economique": false, "is_crit_securitaire": false }, "geometry": { "type": "LineString", "coordinates": [ [ -73.6023407, 45.513641 ], [ -73.6025235, 45.5136807 ], [ -73.6026969, 45.5137491 ] ] } },
{ "type": "Feature", "properties": { "u": 5515305964, "v": 5515312073, "key": 0, "highway": "residential", "length_km": 0.11055444973910254, "is_crit_economique": false, "is_crit_securitaire": false }, "geometry": { "type": "LineString", "coordinates": [ [ -73.6176328, 45.5237839 ], [ -73.617571, 45.5237581 ], [ -73.6175306, 45.5237412 ], [ -73.6174925, 45.5237242 ], [ -73.6164864, 45.5232779 ], [ -73.6164309, 45.5232554 ] ] } },
{ "type": "Feature", "properties": { "u": 5515305964, "v": 4559009212, "key": 0, "highway": "residential", "length_km": 0.31353549316651885, "is_crit_economique": false, "is_crit_securitaire": false }, "geometry": { "type": "LineString", "coordinates": [ [ -73.6176328, 45.5237839 ], [ -73.6175994, 45.5238226 ], [ -73.6175791, 45.5238448 ], [ -73.6166105, 45.524912 ], [ -73.616509, 45.5250253 ], [ -73.6157725, 45.5258385 ], [ -73.6155636, 45.5260694 ], [ -73.6155113, 45.5261294 ], [ -73.6154794, 45.526166 ] ] } },
{ "type": "Feature", "properties": { "u": 5515305964, "v": 4559009211, "key": 0, "highway": "residential", "length_km": 0.086201450130847956, "is_crit_economique": false, "is_crit_securitaire": false }, "geometry": { "type": "LineString", "coordinates": [ [ -73.6176328, 45.5237839 ], [ -73.6176837, 45.5237276 ], [ -73.6177027, 45.5237072 ], [ -73.618126, 45.5232366 ], [ -73.6181781, 45.5231785 ], [ -73.6182257, 45.5231294 ] ] } },
{ "type": "Feature", "properties": { "u": 5515312073, "v": 5515305964, "key": 0, "highway": "residential", "length_km": 0.11055444973910254, "is_crit_economique": false, "is_crit_securitaire": false }, "geometry": { "type": "LineString", "coordinates": [ [ -73.6164309, 45.5232554 ], [ -73.6164864, 45.5232779 ], [ -73.6174925, 45.5237242 ], [ -73.6175306, 45.5237412 ], [ -73.617571, 45.5237581 ], [ -73.6176328, 45.5237839 ] ] } },
{ "type": "Feature", "properties": { "u": 5515312073, "v": 31701022, "key": 0, "highway": "residential", "length_km": 0.46163163767591814, "is_crit_economique": false, "is_crit_securitaire": false }, "geometry": { "type": "LineString", "coordinates": [ [ -73.6164309, 45.5232554 ], [ -73.616396, 45.523298 ], [ -73.6161699, 45.5235457 ], [ -73.6159945, 45.5237448 ], [ -73.6158179, 45.5239387 ], [ -73.6152539, 45.5245593 ], [ -73.6152181, 45.5245908 ], [ -73.6151812, 45.5246087 ], [ -73.6151354, 45.5246184 ], [ -73.6150668, 45.5246223 ], [ -73.6149709, 45.5246225 ], [ -73.6149048, 45.5246254 ], [ -73.6147559, 45.5246323 ], [ -73.6146761, 45.5246388 ], [ -73.6144748, 45.5246582 ], [ -73.6143021, 45.5246812 ], [ -73.6141526, 45.524708 ], [ -73.6140867, 45.524711 ], [ -73.6140174, 45.5246967 ], [ -73.6139321, 45.5246648 ], [ -73.6138271, 45.5246193 ], [ -73.6133496, 45.5244083 ], [ -73.6128358, 45.5241812 ], [ -73.612537, 45.5240492 ], [ -73.6124143, 45.5239921 ], [ -73.6122808, 45.5239316 ], [ -73.6120782, 45.5238423 ], [ -73.612039, 45.523825 ], [ -73.6119538, 45.5237835 ] ] } },
{ "type": "Feature", "properties": { "u": 5515312073, "v": 221113177, "key": 0, "highway": "residential", "length_km": 0.094180010338789158, "is_crit_economique": false, "is_crit_securitaire": false }, "geometry": { "type": "LineString", "coordinates": [ [ -73.6164309, 45.5232554 ], [ -73.6163761, 45.523231 ], [ -73.6158473, 45.5229856 ], [ -73.6154915, 45.5228293 ], [ -73.6154163, 45.522795 ] ] } },
{ "type": "Feature", "properties": { "u": 6100220186, "v": 209374806, "key": 0, "highway": "tertiary", "length_km": 0.19330249858911866, "is_crit_economique": false, "is_crit_securitaire": false }, "geometry": { "type": "LineString", "coordinates": [ [ -73.6214133, 45.520411 ], [ -73.621446, 45.5203814 ], [ -73.6214614, 45.5203692 ], [ -73.6214725, 45.5203604 ], [ -73.6216462, 45.520264 ], [ -73.6218347, 45.5201606 ], [ -73.6221966, 45.5199629 ], [ -73.6223774, 45.519864 ], [ -73.6225805, 45.5197513 ], [ -73.6226435, 45.5197123 ], [ -73.622687, 45.5196805 ], [ -73.6227148, 45.5196568 ], [ -73.6227372, 45.5196344 ], [ -73.6227553, 45.5196116 ], [ -73.6227725, 45.519587 ], [ -73.6227845, 45.5195648 ], [ -73.6227906, 45.5195535 ], [ -73.6228096, 45.519516 ], [ -73.622832, 45.5194659 ], [ -73.6228562, 45.5194036 ], [ -73.6228731, 45.5193592 ], [ -73.6228901, 45.5193147 ], [ -73.6229032, 45.5192775 ], [ -73.6229145, 45.5192427 ], [ -73.6229236, 45.5192077 ], [ -73.622935, 45.5191602 ], [ -73.6229407, 45.5191312 ] ] } },
{ "type": "Feature", "properties": { "u": 6100220186, "v": 6453375160, "key": 0, "highway": "residential", "length_km": 0.090785355768095544, "is_crit_economique": false, "is_crit_securitaire": false }, "geometry": { "type": "LineString", "coordinates": [ [ -73.6214133, 45.520411 ], [ -73.6215148, 45.5204553 ], [ -73.6223214, 45.5208077 ], [ -73.6223471, 45.5208206 ], [ -73.6223684, 45.5208359 ], [ -73.6223868, 45.5208551 ] ] } },
{ "type": "Feature", "properties": { "u": 6100220186, "v": 865023812, "key": 0, "highway": "tertiary", "length_km": 0.04840098686544566, "is_crit_economique": false, "is_crit_securitaire": false }, "geometry": { "type": "LineString", "coordinates": [ [ -73.6214133, 45.520411 ], [ -73.6213373, 45.5203772 ], [ -73.6213176, 45.5203685 ], [ -73.6210333, 45.5202439 ], [ -73.6209437, 45.5202029 ], [ -73.6208883, 45.5201783 ] ] } },
{ "type": "Feature", "properties": { "u": 6453375160, "v": 6100220186, "key": 0, "highway": "residential", "length_km": 0.090785355768095544, "is_crit_economique": false, "is_crit_securitaire": false }, "geometry": { "type": "LineString", "coordinates": [ [ -73.6223868, 45.5208551 ], [ -73.6223684, 45.5208359 ], [ -73.6223471, 45.5208206 ], [ -73.6223214, 45.5208077 ], [ -73.6215148, 45.5204553 ], [ -73.6214133, 45.520411 ] ] } },
{ "type": "Feature", "properties": { "u": 9307175743, "v": 310090261, "key": 0, "highway": "residential", "length_km": 0.32907363149259489, "is_crit_economique": false, "is_crit_securitaire": false }, "geometry": { "type": "LineString", "coordinates": [ [ -73.5986134, 45.5136001 ], [ -73.5985571, 45.5136567 ], [ -73.598076, 45.514131 ], [ -73.597698, 45.514404 ], [ -73.597508, 45.514508 ], [ -73.5973663, 45.5145712 ], [ -73.5971276, 45.5146342 ], [ -73.5969384, 45.5146623 ], [ -73.5968125, 45.5146716 ], [ -73.596562, 45.514677 ], [ -73.5963325, 45.5146863 ], [ -73.5959871, 45.5146939 ], [ -73.5956422, 45.5146997 ], [ -73.595342, 45.5147001 ], [ -73.5950458, 45.514697 ] ] } },
{ "type": "Feature", "properties": { "u": 9307175743, "v": 213649468, "key": 0, "highway": "residential", "length_km": 0.19329116252567136, "is_crit_economique": false, "is_crit_securitaire": false }, "geometry": { "type": "LineString", "coordinates": [ [ -73.5986134, 45.5136001 ], [ -73.5991184, 45.5130847 ], [ -73.59972, 45.51247 ], [ -73.5999298, 45.5122492 ], [ -73.5999441, 45.5122337 ], [ -73.6000091, 45.5121631 ] ] } },
{ "type": "Feature", "properties": { "u": 9307175743, "v": 4514524184, "key": 0, "highway": "residential", "length_km": 0.10209098190684612, "is_crit_economique": false, "is_crit_securitaire": false }, "geometry": { "type": "LineString", "coordinates": [ [ -73.5986134, 45.5136001 ], [ -73.598761, 45.5136642 ], [ -73.5996441, 45.5140662 ], [ -73.5997141, 45.5140981 ] ] } },
{ "type": "Feature", "properties": { "u": 9680726834, "v": 11540366862, "key": 0, "highway": "residential", "length_km": 0.12228023277934157, "is_crit_economique": false, "is_crit_securitaire": false }, "geometry": { "type": "LineString", "coordinates": [ [ -73.6159994, 45.5221276 ], [ -73.6160297, 45.522094 ], [ -73.6160664, 45.5220478 ], [ -73.6168058, 45.5212208 ], [ -73.6168291, 45.5211942 ] ] } },
{ "type": "Feature", "properties": { "u": 9680726834, "v": 221113177, "key": 0, "highway": "residential", "length_km": 0.087042316884977253, "is_crit_economique": false, "is_crit_securitaire": false }, "geometry": { "type": "LineString", "coordinates": [ [ -73.6159994, 45.5221276 ], [ -73.6159613, 45.5221669 ], [ -73.6159329, 45.5221985 ], [ -73.6154736, 45.5227178 ], [ -73.6154545, 45.5227435 ], [ -73.6154163, 45.522795 ] ] } },
{ "type": "Feature", "properties": { "u": 9680726834, "v": 596999815, "key": 0, "highway": "residential", "length_km": 0.092545001823040651, "is_crit_economique": false, "is_crit_securitaire": false }, "geometry": { "type": "LineString", "coordinates": [ [ -73.6159994, 45.5221276 ], [ -73.6160765, 45.5221607 ], [ -73.6161009, 45.5221722 ], [ -73.6164391, 45.5223195 ], [ -73.6165086, 45.5223489 ], [ -73.6169394, 45.5225363 ], [ -73.6170091, 45.522566 ] ] } },
{ "type": "Feature", "properties": { "u": 9680726835, "v": 221108180, "key": 0, "highway": "residential", "length_km": 0.082918227946553055, "is_crit_economique": false, "is_crit_securitaire": false }, "geometry": { "type": "LineString", "coordinates": [ [ -73.6031426, 45.5182365 ], [ -73.6030953, 45.5182846 ], [ -73.6030689, 45.5183155 ], [ -73.6028477, 45.5185642 ], [ -73.6026203, 45.5188262 ], [ -73.6025821, 45.5188703 ] ] } },
{ "type": "Feature", "properties": { "u": 9680726835, "v": 221108317, "key": 0, "highway": "residential", "length_km": 0.085625355432366518, "is_crit_economique": false, "is_crit_securitaire": false }, "geometry": { "type": "LineString", "coordinates": [ [ -73.6031426, 45.5182365 ], [ -73.6031927, 45.5181871 ], [ -73.6032295, 45.5181489 ], [ -73.6036791, 45.517657 ], [ -73.6037037, 45.5176272 ], [ -73.6037371, 45.517589 ] ] } },
{ "type": "Feature", "properties": { "u": 9680726835, "v": 124531262, "key": 0, "highway": "residential", "length_km": 0.24381045306621832, "is_crit_economique": false, "is_crit_securitaire": false }, "geometry": { "type": "LineString", "coordinates": [ [ -73.6031426, 45.5182365 ], [ -73.603094, 45.5182149 ], [ -73.6030449, 45.5181915 ], [ -73.6020957, 45.5177696 ], [ -73.6020033, 45.5177346 ], [ -73.601897, 45.5177105 ], [ -73.6015033, 45.5176511 ], [ -73.6014089, 45.5176312 ], [ -73.6004868, 45.5172248 ], [ -73.6004197, 45.5171932 ] ] } },
{ "type": "Feature", "properties": { "u": 9680726835, "v": 221091281, "key": 0, "highway": "residential", "length_km": 0.17199603218847551, "is_crit_economique": false, "is_crit_securitaire": false }, "geometry": { "type": "LineString", "coordinates": [ [ -73.6031426, 45.5182365 ], [ -73.6032042, 45.5182641 ], [ -73.6032537, 45.5182864 ], [ -73.6038535, 45.5185577 ], [ -73.6041514, 45.5186913 ], [ -73.6046419, 45.5189094 ], [ -73.6049133, 45.5190292 ], [ -73.6049371, 45.51904 ], [ -73.6050041, 45.5190679 ] ] } },
{ "type": "Feature", "properties": { "u": 9943289208, "v": 209364980, "key": 0, "highway": "residential", "length_km": 0.088247332020585004, "is_crit_economique": false, "is_crit_securitaire": false }, "geometry": { "type": "LineString", "coordinates": [ [ -73.6157759, 45.5150753 ], [ -73.6157394, 45.5151164 ], [ -73.6157174, 45.5151412 ], [ -73.6152143, 45.5156765 ], [ -73.6151899, 45.5157038 ], [ -73.6151581, 45.5157404 ] ] } },
{ "type": "Feature", "properties": { "u": 9943289208, "v": 209390674, "key": 0, "highway": "residential", "length_km": 0.083883146447866583, "is_crit_economique": false, "is_crit_securitaire": false }, "geometry": { "type": "LineString", "coordinates": [ [ -73.6157759, 45.5150753 ], [ -73.615807, 45.5150403 ], [ -73.6158221, 45.5150232 ], [ -73.6160113, 45.5148049 ], [ -73.6162815, 45.5144933 ], [ -73.6163043, 45.5144683 ], [ -73.6163394, 45.5144326 ] ] } },
{ "type": "Feature", "properties": { "u": 10073196740, "v": 1975853546, "key": 0, "highway": "residential", "length_km": 0.0698746766816188, "is_crit_economique": false, "is_crit_securitaire": false }, "geometry": { "type": "LineString", "coordinates": [ [ -73.6169933, 45.5106285 ], [ -73.6175984, 45.5108954 ], [ -73.6177207, 45.5109896 ] ] } },
{ "type": "Feature", "properties": { "u": 11509620002, "v": 596999735, "key": 0, "highway": "residential", "length_km": 0.010491756940075928, "is_crit_economique": false, "is_crit_securitaire": false }, "geometry": { "type": "LineString", "coordinates": [ [ -73.6149172, 45.5127952 ], [ -73.6148041, 45.512744 ] ] } },
{ "type": "Feature", "properties": { "u": 11509620002, "v": 596999732, "key": 0, "highway": "residential", "length_km": 0.062409236565634643, "is_crit_economique": false, "is_crit_securitaire": false }, "geometry": { "type": "LineString", "coordinates": [ [ -73.6149172, 45.5127952 ], [ -73.6154962, 45.5130557 ], [ -73.6155399, 45.5130757 ], [ -73.615592, 45.5130975 ] ] } },
{ "type": "Feature", "properties": { "u": 11540366862, "v": 9680726834, "key": 0, "highway": "residential", "length_km": 0.12228023277934157, "is_crit_economique": false, "is_crit_securitaire": false }, "geometry": { "type": "LineString", "coordinates": [ [ -73.6168291, 45.5211942 ], [ -73.6168058, 45.5212208 ], [ -73.6160664, 45.5220478 ], [ -73.6160297, 45.522094 ], [ -73.6159994, 45.5221276 ] ] } },
{ "type": "Feature", "properties": { "u": 11540366862, "v": 514112190, "key": 0, "highway": "residential", "length_km": 0.095153224412479628, "is_crit_economique": false, "is_crit_securitaire": false }, "geometry": { "type": "LineString", "coordinates": [ [ -73.6168291, 45.5211942 ], [ -73.6167781, 45.5211703 ], [ -73.616424, 45.5210101 ], [ -73.6158553, 45.5207529 ], [ -73.6158042, 45.5207288 ] ] } },
{ "type": "Feature", "properties": { "u": 11540366862, "v": 526533273, "key": 0, "highway": "residential", "length_km": 0.089487551530893383, "is_crit_economique": false, "is_crit_securitaire": false }, "geometry": { "type": "LineString", "coordinates": [ [ -73.6168291, 45.5211942 ], [ -73.6168747, 45.521143 ], [ -73.617133, 45.520853 ], [ -73.6173967, 45.520557 ], [ -73.6174373, 45.5205115 ] ] } },
{ "type": "Feature", "properties": { "u": 12844070435, "v": 437865622, "key": 0, "highway": "residential", "length_km": 0.040657813659804448, "is_crit_economique": false, "is_crit_securitaire": false }, "geometry": { "type": "LineString", "coordinates": [ [ -73.613593, 45.5253384 ], [ -73.6139597, 45.5254993 ], [ -73.6140353, 45.5255325 ] ] } }
]
}
