{
"type": "FeatureCollection",
"name": "scenario_seco_social_strict",
"crs": { "type": "name", "properties": { "name": "urn:ogc:def:crs:OGC:1.3:CRS84" } },
"features": [
{ "type": "Feature", "properties": { "u": 29239079, "v": 124524582, "key": 0, "highway": "secondary", "length_km": 0.020547755272541407, "h_neige": 4.36, "is_crit_security_social": true, "is_crit_economique": true, "quartier": "outremont", "scenario_1": true, "scenario_2": true, "scenario_3": true }, "geometry": { "type": "LineString", "coordinates": [ [ -73.5968218, 45.5161351 ], [ -73.596814, 45.5162198 ], [ -73.5968137, 45.5162438 ], [ -73.5967568, 45.5163084 ] ] } },
{ "type": "Feature", "properties": { "u": 29239079, "v": 29795235, "key": 0, "highway": "secondary", "length_km": 0.19064489993247846, "h_neige": 2.17, "is_crit_security_social": true, "is_crit_economique": true, "quartier": "outremont", "scenario_1": true, "scenario_2": true, "scenario_3": true }, "geometry": { "type": "LineString", "coordinates": [ [ -73.5968218, 45.5161351 ], [ -73.5966676, 45.5161378 ], [ -73.5966238, 45.5161362 ], [ -73.5958014, 45.5160743 ], [ -73.5949668, 45.5159687 ], [ -73.5945723, 45.5159131 ], [ -73.5944825, 45.5159005 ], [ -73.5944049, 45.5158884 ] ] } },
{ "type": "Feature", "properties": { "u": 29239079, "v": 4504112773, "key": 0, "highway": "secondary", "length_km": 0.14958940104405274, "h_neige": 9.74, "is_crit_security_social": true, "is_crit_economique": true, "quartier": "outremont", "scenario_1": true, "scenario_2": true, "scenario_3": true }, "geometry": { "type": "LineString", "coordinates": [ [ -73.5968218, 45.5161351 ], [ -73.5969901, 45.5161302 ], [ -73.5970537, 45.5161285 ], [ -73.5982167, 45.5160975 ], [ -73.5985876, 45.5160786 ], [ -73.5986322, 45.5160749 ], [ -73.5987386, 45.5160659 ] ] } },
{ "type": "Feature", "properties": { "u": 29795235, "v": 29239079, "key": 0, "highway": "secondary", "length_km": 0.19064489993247849, "h_neige": 11.77, "is_crit_security_social": true, "is_crit_economique": true, "quartier": "outremont", "scenario_1": true, "scenario_2": true, "scenario_3": true }, "geometry": { "type": "LineString", "coordinates": [ [ -73.5944049, 45.5158884 ], [ -73.5944825, 45.5159005 ], [ -73.5945723, 45.5159131 ], [ -73.5949668, 45.5159687 ], [ -73.5958014, 45.5160743 ], [ -73.5966238, 45.5161362 ], [ -73.5966676, 45.5161378 ], [ -73.5968218, 45.5161351 ] ] } },
{ "type": "Feature", "properties": { "u": 29795235, "v": 5413741435, "key": 0, "highway": "secondary", "length_km": 0.039225081449235609, "h_neige": 18.79, "is_crit_security_social": true, "is_crit_economique": true, "quartier": "outremont", "scenario_1": true, "scenario_2": true, "scenario_3": true }, "geometry": { "type": "LineString", "coordinates": [ [ -73.5944049, 45.5158884 ], [ -73.5943526, 45.5158492 ], [ -73.5943115, 45.5158446 ], [ -73.594019, 45.5158007 ], [ -73.5939384, 45.5158219 ] ] } },
{ "type": "Feature", "properties": { "u": 29795236, "v": 29795237, "key": 0, "highway": "secondary", "length_km": 0.10870113382503403, "h_neige": 1.98, "is_crit_security_social": true, "is_crit_economique": true, "quartier": "outremont", "scenario_1": true, "scenario_2": true, "scenario_3": true }, "geometry": { "type": "LineString", "coordinates": [ [ -73.5931958, 45.5157397 ], [ -73.5930307, 45.5157484 ], [ -73.5929963, 45.5157495 ], [ -73.5928995, 45.5157673 ], [ -73.5918987, 45.5160787 ] ] } },
{ "type": "Feature", "properties": { "u": 29795236, "v": 5413741435, "key": 0, "highway": "secondary", "length_km": 0.058758014466738361, "h_neige": 18.43, "is_crit_security_social": true, "is_crit_economique": true, "quartier": "outremont", "scenario_1": true, "scenario_2": true, "scenario_3": true }, "geometry": { "type": "LineString", "coordinates": [ [ -73.5931958, 45.5157397 ], [ -73.5933023, 45.5157409 ], [ -73.593345, 45.5157425 ], [ -73.5934126, 45.5157449 ], [ -73.5939384, 45.5158219 ] ] } },
{ "type": "Feature", "properties": { "u": 29795237, "v": 596988539, "key": 0, "highway": "secondary", "length_km": 0.1386280588263821, "h_neige": 4.75, "is_crit_security_social": true, "is_crit_economique": true, "quartier": "outremont", "scenario_1": true, "scenario_2": true, "scenario_3": true }, "geometry": { "type": "LineString", "coordinates": [ [ -73.5918987, 45.5160787 ], [ -73.591722, 45.5161237 ], [ -73.5915779, 45.5161487 ], [ -73.5914399, 45.5161619 ], [ -73.5913693, 45.5161632 ], [ -73.5912189, 45.5161395 ], [ -73.5909326, 45.5160532 ], [ -73.5906856, 45.515955 ], [ -73.5904459, 45.5158567 ], [ -73.5904044, 45.5158394 ], [ -73.590341, 45.515816 ], [ -73.5902655, 45.5157881 ] ] } },
{ "type": "Feature", "properties": { "u": 29795237, "v": 29795236, "key": 0, "highway": "secondary", "length_km": 0.10870113382503405, "h_neige": 15.55, "is_crit_security_social": true, "is_crit_economique": true, "quartier": "outremont", "scenario_1": true, "scenario_2": true, "scenario_3": true }, "geometry": { "type": "LineString", "coordinates": [ [ -73.5918987, 45.5160787 ], [ -73.5928995, 45.5157673 ], [ -73.5929963, 45.5157495 ], [ -73.5930307, 45.5157484 ], [ -73.5931958, 45.5157397 ] ] } },
{ "type": "Feature", "properties": { "u": 31700078, "v": 5415829806, "key": 0, "highway": "residential", "length_km": 0.0047417200534080059, "h_neige": 8.26, "is_crit_security_social": true, "is_crit_economique": false, "quartier": "outremont", "scenario_1": true, "scenario_2": false, "scenario_3": true }, "geometry": { "type": "LineString", "coordinates": [ [ -73.6134882, 45.5108032 ], [ -73.6135199, 45.5107668 ] ] } },
{ "type": "Feature", "properties": { "u": 31700078, "v": 5415829801, "key": 0, "highway": "tertiary", "length_km": 0.029502203617377626, "h_neige": 8.98, "is_crit_security_social": true, "is_crit_economique": true, "quartier": "outremont", "scenario_1": true, "scenario_2": true, "scenario_3": true }, "geometry": { "type": "LineString", "coordinates": [ [ -73.6134882, 45.5108032 ], [ -73.6137355, 45.5109133 ], [ -73.6138181, 45.5109291 ] ] } },
{ "type": "Feature", "properties": { "u": 31700224, "v": 31700225, "key": 0, "highway": "secondary", "length_km": 0.073293058563532534, "h_neige": 14.92, "is_crit_security_social": true, "is_crit_economique": true, "quartier": "outremont", "scenario_1": true, "scenario_2": true, "scenario_3": true }, "geometry": { "type": "LineString", "coordinates": [ [ -73.6121351, 45.5135449 ], [ -73.6114035, 45.5139592 ] ] } },
{ "type": "Feature", "properties": { "u": 31700224, "v": 596999744, "key": 0, "highway": "secondary", "length_km": 0.039645645626512419, "h_neige": 0.95, "is_crit_security_social": true, "is_crit_economique": true, "quartier": "outremont", "scenario_1": true, "scenario_2": true, "scenario_3": true }, "geometry": { "type": "LineString", "coordinates": [ [ -73.6121351, 45.5135449 ], [ -73.6125329, 45.5133226 ] ] } },
{ "type": "Feature", "properties": { "u": 31700225, "v": 31700224, "key": 0, "highway": "secondary", "length_km": 0.073293058563532534, "h_neige": 3.01, "is_crit_security_social": true, "is_crit_economique": true, "quartier": "outremont", "scenario_1": true, "scenario_2": true, "scenario_3": true }, "geometry": { "type": "LineString", "coordinates": [ [ -73.6114035, 45.5139592 ], [ -73.6121351, 45.5135449 ] ] } },
{ "type": "Feature", "properties": { "u": 31700225, "v": 31700226, "key": 0, "highway": "secondary", "length_km": 0.060833542563591435, "h_neige": 8.95, "is_crit_security_social": true, "is_crit_economique": true, "quartier": "outremont", "scenario_1": true, "scenario_2": true, "scenario_3": true }, "geometry": { "type": "LineString", "coordinates": [ [ -73.6114035, 45.5139592 ], [ -73.6113451, 45.5139901 ], [ -73.6112949, 45.5140145 ], [ -73.611247, 45.5140356 ], [ -73.6112208, 45.5140459 ], [ -73.6111854, 45.5140601 ], [ -73.6111638, 45.5140678 ], [ -73.6111422, 45.5140755 ], [ -73.6110861, 45.5140933 ], [ -73.6110147, 45.514115 ], [ -73.610881, 45.5141517 ], [ -73.610838, 45.514164 ], [ -73.6107074, 45.5142015 ] ] } },
{ "type": "Feature", "properties": { "u": 31700226, "v": 213649418, "key": 0, "highway": "secondary", "length_km": 0.11623545368753611, "h_neige": 11.82, "is_crit_security_social": true, "is_crit_economique": true, "quartier": "outremont", "scenario_1": true, "scenario_2": true, "scenario_3": true }, "geometry": { "type": "LineString", "coordinates": [ [ -73.6107074, 45.5142015 ], [ -73.6105259, 45.5142535 ], [ -73.6103844, 45.5142922 ], [ -73.6101987, 45.5143433 ], [ -73.6098105, 45.5144501 ], [ -73.6094401, 45.5145497 ], [ -73.6093914, 45.5145636 ], [ -73.6093183, 45.5145825 ] ] } },
{ "type": "Feature", "properties": { "u": 31700226, "v": 31700225, "key": 0, "highway": "secondary", "length_km": 0.060833542563591435, "h_neige": 0.74, "is_crit_security_social": true, "is_crit_economique": true, "quartier": "outremont", "scenario_1": true, "scenario_2": true, "scenario_3": true }, "geometry": { "type": "LineString", "coordinates": [ [ -73.6107074, 45.5142015 ], [ -73.610838, 45.514164 ], [ -73.610881, 45.5141517 ], [ -73.6110147, 45.514115 ], [ -73.6110861, 45.5140933 ], [ -73.6111422, 45.5140755 ], [ -73.6111638, 45.5140678 ], [ -73.6111854, 45.5140601 ], [ -73.6112208, 45.5140459 ], [ -73.611247, 45.5140356 ], [ -73.6112949, 45.5140145 ], [ -73.6113451, 45.5139901 ], [ -73.6114035, 45.5139592 ] ] } },
{ "type": "Feature", "properties": { "u": 31700228, "v": 31700229, "key": 0, "highway": "secondary", "length_km": 0.087268221329493398, "h_neige": 9.25, "is_crit_security_social": true, "is_crit_economique": true, "quartier": "outremont", "scenario_1": true, "scenario_2": true, "scenario_3": true }, "geometry": { "type": "LineString", "coordinates": [ [ -73.6063294, 45.5152892 ], [ -73.6062301, 45.5153032 ], [ -73.6061716, 45.5153108 ], [ -73.605865, 45.5153554 ], [ -73.6056387, 45.5154003 ], [ -73.6053677, 45.5154713 ], [ -73.6052538, 45.5155011 ] ] } },
{ "type": "Feature", "properties": { "u": 31700228, "v": 3405413274, "key": 0, "highway": "secondary", "length_km": 0.1774064279201088, "h_neige": 5.08, "is_crit_security_social": true, "is_crit_economique": true, "quartier": "outremont", "scenario_1": true, "scenario_2": true, "scenario_3": true }, "geometry": { "type": "LineString", "coordinates": [ [ -73.6063294, 45.5152892 ], [ -73.6064028, 45.5152792 ], [ -73.6064685, 45.5152701 ], [ -73.6065183, 45.5152622 ], [ -73.6066216, 45.515246 ], [ -73.6067208, 45.5152298 ], [ -73.6068223, 45.5152119 ], [ -73.6069105, 45.5151968 ], [ -73.6070048, 45.5151788 ], [ -73.6070987, 45.5151599 ], [ -73.6072074, 45.5151364 ], [ -73.6072768, 45.5151218 ], [ -73.607369, 45.5151014 ], [ -73.6074635, 45.5150793 ], [ -73.6075691, 45.5150532 ], [ -73.6076875, 45.5150232 ], [ -73.6078466, 45.5149824 ], [ -73.6080508, 45.5149276 ], [ -73.6084948, 45.5148055 ] ] } },
{ "type": "Feature", "properties": { "u": 31700229, "v": 124504833, "key": 0, "highway": "secondary", "length_km": 0.24958161844781473, "h_neige": 2.77, "is_crit_security_social": true, "is_crit_economique": true, "quartier": "outremont", "scenario_1": true, "scenario_2": true, "scenario_3": true }, "geometry": { "type": "LineString", "coordinates": [ [ -73.6052538, 45.5155011 ], [ -73.6052007, 45.5155138 ], [ -73.6050524, 45.5155494 ], [ -73.6048313, 45.5155941 ], [ -73.6045326, 45.5156245 ], [ -73.6041587, 45.515654 ], [ -73.6038913, 45.5156781 ], [ -73.6034941, 45.5157122 ], [ -73.6022361, 45.5158145 ], [ -73.6021843, 45.5158173 ], [ -73.602091, 45.5158251 ] ] } },
{ "type": "Feature", "properties": { "u": 31700229, "v": 31700228, "key": 0, "highway": "secondary", "length_km": 0.087268221329493384, "h_neige": 8.45, "is_crit_security_social": true, "is_crit_economique": true, "quartier": "outremont", "scenario_1": true, "scenario_2": true, "scenario_3": true }, "geometry": { "type": "LineString", "coordinates": [ [ -73.6052538, 45.5155011 ], [ -73.6053677, 45.5154713 ], [ -73.6056387, 45.5154003 ], [ -73.605865, 45.5153554 ], [ -73.6061716, 45.5153108 ], [ -73.6062301, 45.5153032 ], [ -73.6063294, 45.5152892 ] ] } },
{ "type": "Feature", "properties": { "u": 31700231, "v": 391531806, "key": 0, "highway": "secondary", "length_km": 0.033779329020005952, "h_neige": 0.02, "is_crit_security_social": true, "is_crit_economique": true, "quartier": "outremont", "scenario_1": true, "scenario_2": true, "scenario_3": true }, "geometry": { "type": "LineString", "coordinates": [ [ -73.6011137, 45.5158853 ], [ -73.6006812, 45.5159063 ] ] } },
{ "type": "Feature", "properties": { "u": 31700231, "v": 124504833, "key": 0, "highway": "secondary", "length_km": 0.076442098737018543, "h_neige": 13.76, "is_crit_security_social": true, "is_crit_economique": true, "quartier": "outremont", "scenario_1": true, "scenario_2": true, "scenario_3": true }, "geometry": { "type": "LineString", "coordinates": [ [ -73.6011137, 45.5158853 ], [ -73.601507, 45.5158621 ], [ -73.601943, 45.5158357 ], [ -73.602091, 45.5158251 ] ] } },
{ "type": "Feature", "properties": { "u": 31700818, "v": 31700819, "key": 0, "highway": "secondary", "length_km": 0.034417647044635007, "h_neige": 6.94, "is_crit_security_social": true, "is_crit_economique": true, "quartier": "outremont", "scenario_1": true, "scenario_2": true, "scenario_3": true }, "geometry": { "type": "LineString", "coordinates": [ [ -73.5963052, 45.5168319 ], [ -73.5962701, 45.5168748 ], [ -73.5960742, 45.5170957 ] ] } },
{ "type": "Feature", "properties": { "u": 31700818, "v": 124524582, "key": 0, "highway": "secondary", "length_km": 0.068029045959382306, "h_neige": 14.54, "is_crit_security_social": true, "is_crit_economique": true, "quartier": "outremont", "scenario_1": true, "scenario_2": true, "scenario_3": true }, "geometry": { "type": "LineString", "coordinates": [ [ -73.5963052, 45.5168319 ], [ -73.5963434, 45.5167931 ], [ -73.5967568, 45.5163084 ] ] } },
{ "type": "Feature", "properties": { "u": 31700819, "v": 31700818, "key": 0, "highway": "secondary", "length_km": 0.034417647044635007, "h_neige": 1.18, "is_crit_security_social": true, "is_crit_economique": true, "quartier": "outremont", "scenario_1": true, "scenario_2": true, "scenario_3": true }, "geometry": { "type": "LineString", "coordinates": [ [ -73.5960742, 45.5170957 ], [ -73.5962701, 45.5168748 ], [ -73.5963052, 45.5168319 ] ] } },
{ "type": "Feature", "properties": { "u": 31700819, "v": 1851835123, "key": 0, "highway": "secondary", "length_km": 0.080008546759757992, "h_neige": 7.99, "is_crit_security_social": true, "is_crit_economique": true, "quartier": "outremont", "scenario_1": true, "scenario_2": true, "scenario_3": true }, "geometry": { "type": "LineString", "coordinates": [ [ -73.5960742, 45.5170957 ], [ -73.5958097, 45.5173964 ], [ -73.5955344, 45.5177078 ] ] } },
{ "type": "Feature", "properties": { "u": 31701022, "v": 221106437, "key": 0, "highway": "secondary", "length_km": 0.076207646483739414, "h_neige": 5.5, "is_crit_security_social": true, "is_crit_economique": true, "quartier": "outremont", "scenario_1": true, "scenario_2": true, "scenario_3": true }, "geometry": { "type": "LineString", "coordinates": [ [ -73.6119538, 45.5237835 ], [ -73.6119159, 45.5238258 ], [ -73.6118889, 45.5238576 ], [ -73.6116956, 45.5240717 ], [ -73.6114888, 45.5243001 ], [ -73.6114694, 45.5243213 ], [ -73.6114318, 45.5243631 ] ] } },
{ "type": "Feature", "properties": { "u": 31701022, "v": 221106435, "key": 0, "highway": "secondary", "length_km": 0.069438850150744372, "h_neige": 9.09, "is_crit_security_social": true, "is_crit_economique": true, "quartier": "outremont", "scenario_1": true, "scenario_2": true, "scenario_3": true }, "geometry": { "type": "LineString", "coordinates": [ [ -73.6119538, 45.5237835 ], [ -73.6119925, 45.5237411 ], [ -73.6120186, 45.523711 ], [ -73.6122608, 45.5234389 ], [ -73.6124254, 45.5232536 ] ] } },
{ "type": "Feature", "properties": { "u": 124504833, "v": 31700231, "key": 0, "highway": "secondary", "length_km": 0.076442098737018543, "h_neige": 0.78, "is_crit_security_social": true, "is_crit_economique": true, "quartier": "outremont", "scenario_1": true, "scenario_2": true, "scenario_3": true }, "geometry": { "type": "LineString", "coordinates": [ [ -73.602091, 45.5158251 ], [ -73.601943, 45.5158357 ], [ -73.601507, 45.5158621 ], [ -73.6011137, 45.5158853 ] ] } },
{ "type": "Feature", "properties": { "u": 124504833, "v": 31700229, "key": 0, "highway": "secondary", "length_km": 0.24958161844781476, "h_neige": 5.05, "is_crit_security_social": true, "is_crit_economique": true, "quartier": "outremont", "scenario_1": true, "scenario_2": true, "scenario_3": true }, "geometry": { "type": "LineString", "coordinates": [ [ -73.602091, 45.5158251 ], [ -73.6021843, 45.5158173 ], [ -73.6022361, 45.5158145 ], [ -73.6034941, 45.5157122 ], [ -73.6038913, 45.5156781 ], [ -73.6041587, 45.515654 ], [ -73.6045326, 45.5156245 ], [ -73.6048313, 45.5155941 ], [ -73.6050524, 45.5155494 ], [ -73.6052007, 45.5155138 ], [ -73.6052538, 45.5155011 ] ] } },
{ "type": "Feature", "properties": { "u": 124524582, "v": 31700818, "key": 0, "highway": "secondary", "length_km": 0.068029045959382306, "h_neige": 1.43, "is_crit_security_social": true, "is_crit_economique": true, "quartier": "outremont", "scenario_1": true, "scenario_2": true, "scenario_3": true }, "geometry": { "type": "LineString", "coordinates": [ [ -73.5967568, 45.5163084 ], [ -73.5963434, 45.5167931 ], [ -73.5963052, 45.5168319 ] ] } },
{ "type": "Feature", "properties": { "u": 124524582, "v": 29239079, "key": 0, "highway": "secondary", "length_km": 0.020547755272541407, "h_neige": 13.73, "is_crit_security_social": true, "is_crit_economique": true, "quartier": "outremont", "scenario_1": true, "scenario_2": true, "scenario_3": true }, "geometry": { "type": "LineString", "coordinates": [ [ -73.5967568, 45.5163084 ], [ -73.5968137, 45.5162438 ], [ -73.596814, 45.5162198 ], [ -73.5968218, 45.5161351 ] ] } },
{ "type": "Feature", "properties": { "u": 126073338, "v": 596999774, "key": 0, "highway": "residential", "length_km": 0.082527588471016003, "h_neige": 13.71, "is_crit_security_social": true, "is_crit_economique": false, "quartier": "outremont", "scenario_1": true, "scenario_2": false, "scenario_3": true }, "geometry": { "type": "LineString", "coordinates": [ [ -73.6121529, 45.5162515 ], [ -73.6120786, 45.5162847 ], [ -73.6119852, 45.5163236 ], [ -73.6115856, 45.5167713 ], [ -73.6115651, 45.5167941 ], [ -73.611528, 45.516836 ] ] } },
{ "type": "Feature", "properties": { "u": 126094069, "v": 221106425, "key": 0, "highway": "secondary", "length_km": 0.12295244199684921, "h_neige": 10.61, "is_crit_security_social": true, "is_crit_economique": true, "quartier": "outremont", "scenario_1": true, "scenario_2": true, "scenario_3": true }, "geometry": { "type": "LineString", "coordinates": [ [ -73.6149963, 45.520371 ], [ -73.6149616, 45.5204102 ], [ -73.6149374, 45.5204375 ], [ -73.6142625, 45.5211981 ], [ -73.6142176, 45.5212491 ], [ -73.6141634, 45.5213102 ] ] } },
{ "type": "Feature", "properties": { "u": 126094069, "v": 221106420, "key": 0, "highway": "secondary", "length_km": 0.090137656048735776, "h_neige": 14.8, "is_crit_security_social": true, "is_crit_economique": true, "quartier": "outremont", "scenario_1": true, "scenario_2": true, "scenario_3": true }, "geometry": { "type": "LineString", "coordinates": [ [ -73.6149963, 45.520371 ], [ -73.6150299, 45.5203334 ], [ -73.6150375, 45.5203249 ], [ -73.6150495, 45.5203115 ], [ -73.6151685, 45.5201784 ], [ -73.6152945, 45.5200374 ], [ -73.6155474, 45.5197532 ], [ -73.6155666, 45.5197316 ], [ -73.6156104, 45.519684 ] ] } },
{ "type": "Feature", "properties": { "u": 126094069, "v": 596999769, "key": 0, "highway": "residential", "length_km": 0.088969434498651995, "h_neige": 14.0, "is_crit_security_social": true, "is_crit_economique": false, "quartier": "outremont", "scenario_1": true, "scenario_2": false, "scenario_3": true }, "geometry": { "type": "LineString", "coordinates": [ [ -73.6149963, 45.520371 ], [ -73.6148949, 45.5203412 ], [ -73.6145424, 45.5202023 ], [ -73.6145015, 45.5201841 ], [ -73.6140126, 45.5199666 ] ] } },
{ "type": "Feature", "properties": { "u": 126102457, "v": 213649418, "key": 0, "highway": "secondary", "length_km": 0.027348987571232049, "h_neige": 4.27, "is_crit_security_social": true, "is_crit_economique": true, "quartier": "outremont", "scenario_1": true, "scenario_2": true, "scenario_3": true }, "geometry": { "type": "LineString", "coordinates": [ [ -73.6089907, 45.5146708 ], [ -73.6093183, 45.5145825 ] ] } },
{ "type": "Feature", "properties": { "u": 126102457, "v": 126073338, "key": 0, "highway": "tertiary", "length_km": 0.30575682708709184, "h_neige": 14.53, "is_crit_security_social": true, "is_crit_economique": true, "quartier": "outremont", "scenario_1": true, "scenario_2": true, "scenario_3": true }, "geometry": { "type": "LineString", "coordinates": [ [ -73.6089907, 45.5146708 ], [ -73.6090335, 45.5147412 ], [ -73.6090539, 45.5147701 ], [ -73.6090701, 45.5147904 ], [ -73.6090782, 45.5148006 ], [ -73.6091173, 45.5148448 ], [ -73.6091474, 45.5148732 ], [ -73.6091736, 45.514894 ], [ -73.6092032, 45.5149133 ], [ -73.6092262, 45.5149267 ], [ -73.6092584, 45.5149433 ], [ -73.6093072, 45.514966 ], [ -73.609773, 45.5151811 ], [ -73.6098571, 45.5152204 ], [ -73.6099319, 45.5152548 ], [ -73.610716, 45.5156075 ], [ -73.6109419, 45.5157123 ], [ -73.6112583, 45.5158519 ], [ -73.6114076, 45.5159178 ], [ -73.6115337, 45.5159732 ], [ -73.6116205, 45.5160121 ], [ -73.6116955, 45.5160457 ], [ -73.611995, 45.5161815 ], [ -73.6120535, 45.5162084 ], [ -73.6121529, 45.5162515 ] ] } },
{ "type": "Feature", "properties": { "u": 126102457, "v": 3405413274, "key": 0, "highway": "secondary", "length_km": 0.041441340782452346, "h_neige": 6.69, "is_crit_security_social": true, "is_crit_economique": true, "quartier": "outremont", "scenario_1": true, "scenario_2": true, "scenario_3": true }, "geometry": { "type": "LineString", "coordinates": [ [ -73.6089907, 45.5146708 ], [ -73.6089028, 45.5146947 ], [ -73.6088559, 45.5147068 ], [ -73.6086907, 45.5147523 ], [ -73.6084948, 45.5148055 ] ] } },
{ "type": "Feature", "properties": { "u": 209364967, "v": 213955429, "key": 0, "highway": "residential", "length_km": 0.090540206380187199, "h_neige": 3.4, "is_crit_security_social": true, "is_crit_economique": false, "quartier": "outremont", "scenario_1": true, "scenario_2": false, "scenario_3": true }, "geometry": { "type": "LineString", "coordinates": [ [ -73.6215153, 45.5185851 ], [ -73.6215233, 45.5186536 ], [ -73.6215269, 45.5186681 ], [ -73.6215272, 45.5186828 ], [ -73.6215241, 45.5186974 ], [ -73.6215177, 45.5187115 ], [ -73.6214879, 45.5187475 ], [ -73.6212927, 45.5189666 ], [ -73.6211395, 45.519139 ], [ -73.6210883, 45.5191941 ], [ -73.6210502, 45.5192351 ], [ -73.6210275, 45.5192596 ], [ -73.6209981, 45.5192935 ] ] } },
{ "type": "Feature", "properties": { "u": 209364967, "v": 1765657081, "key": 0, "highway": "residential", "length_km": 0.15567919413296688, "h_neige": 17.66, "is_crit_security_social": true, "is_crit_economique": false, "quartier": "outremont", "scenario_1": true, "scenario_2": false, "scenario_3": true }, "geometry": { "type": "LineString", "coordinates": [ [ -73.6215153, 45.5185851 ], [ -73.6214634, 45.5185602 ], [ -73.6214257, 45.5185421 ], [ -73.6203018, 45.5180424 ], [ -73.6199839, 45.5178979 ], [ -73.6199107, 45.517866 ], [ -73.6198309, 45.5178321 ] ] } },
{ "type": "Feature", "properties": { "u": 209364977, "v": 437719105, "key": 0, "highway": "secondary", "length_km": 0.087884254394785102, "h_neige": 13.29, "is_crit_security_social": true, "is_crit_economique": true, "quartier": "outremont", "scenario_1": true, "scenario_2": true, "scenario_3": true }, "geometry": { "type": "LineString", "coordinates": [ [ -73.617995, 45.5170145 ], [ -73.6180328, 45.5169707 ], [ -73.618067, 45.516931 ], [ -73.6185602, 45.5163791 ], [ -73.6185917, 45.5163438 ] ] } },
{ "type": "Feature", "properties": { "u": 209364977, "v": 437788171, "key": 0, "highway": "secondary", "length_km": 0.087091714086506802, "h_neige": 7.32, "is_crit_security_social": true, "is_crit_economique": true, "quartier": "outremont", "scenario_1": true, "scenario_2": true, "scenario_3": true }, "geometry": { "type": "LineString", "coordinates": [ [ -73.617995, 45.5170145 ], [ -73.6179637, 45.5170495 ], [ -73.6179245, 45.5170934 ], [ -73.6174662, 45.5176061 ], [ -73.6174398, 45.5176356 ], [ -73.6174017, 45.5176783 ] ] } },
{ "type": "Feature", "properties": { "u": 209365004, "v": 1765630409, "key": 0, "highway": "residential", "length_km": 0.21803090501561603, "h_neige": 16.21, "is_crit_security_social": true, "is_crit_economique": false, "quartier": "outremont", "scenario_1": true, "scenario_2": false, "scenario_3": true }, "geometry": { "type": "LineString", "coordinates": [ [ -73.6227689, 45.5173144 ], [ -73.6227294, 45.5173549 ], [ -73.6226763, 45.5174093 ], [ -73.6226375, 45.5174408 ], [ -73.6226019, 45.5174636 ], [ -73.6224978, 45.5175275 ], [ -73.6224331, 45.5175594 ], [ -73.6223301, 45.5176119 ], [ -73.6222482, 45.5176442 ], [ -73.6221829, 45.5176718 ], [ -73.6220741, 45.5177116 ], [ -73.6220224, 45.5177265 ], [ -73.6219686, 45.5177406 ], [ -73.6219192, 45.5177496 ], [ -73.6218722, 45.5177524 ], [ -73.6218267, 45.5177511 ], [ -73.6217838, 45.5177462 ], [ -73.6217457, 45.5177379 ], [ -73.6216762, 45.5177127 ], [ -73.6216241, 45.5176909 ], [ -73.6213821, 45.5175832 ], [ -73.6205002, 45.5172002 ], [ -73.620438, 45.5171594 ] ] } },
{ "type": "Feature", "properties": { "u": 209374806, "v": 213955395, "key": 0, "highway": "tertiary", "length_km": 0.055650150992882647, "h_neige": 5.09, "is_crit_security_social": true, "is_crit_economique": true, "quartier": "outremont", "scenario_1": true, "scenario_2": true, "scenario_3": true }, "geometry": { "type": "LineString", "coordinates": [ [ -73.6229407, 45.5191312 ], [ -73.6229043, 45.5191266 ], [ -73.6228698, 45.5191219 ], [ -73.622831, 45.5191147 ], [ -73.6227897, 45.5191049 ], [ -73.6226072, 45.5190542 ], [ -73.6225182, 45.5190286 ], [ -73.6224453, 45.5190046 ], [ -73.6223569, 45.5189745 ], [ -73.6222801, 45.5189458 ] ] } },
{ "type": "Feature", "properties": { "u": 209374806, "v": 6100220186, "key": 0, "highway": "tertiary", "length_km": 0.19330249858911866, "h_neige": 12.21, "is_crit_security_social": true, "is_crit_economique": true, "quartier": "outremont", "scenario_1": true, "scenario_2": true, "scenario_3": true }, "geometry": { "type": "LineString", "coordinates": [ [ -73.6229407, 45.5191312 ], [ -73.622935, 45.5191602 ], [ -73.6229236, 45.5192077 ], [ -73.6229145, 45.5192427 ], [ -73.6229032, 45.5192775 ], [ -73.6228901, 45.5193147 ], [ -73.6228731, 45.5193592 ], [ -73.6228562, 45.5194036 ], [ -73.622832, 45.5194659 ], [ -73.6228096, 45.519516 ], [ -73.6227906, 45.5195535 ], [ -73.6227845, 45.5195648 ], [ -73.6227725, 45.519587 ], [ -73.6227553, 45.5196116 ], [ -73.6227372, 45.5196344 ], [ -73.6227148, 45.5196568 ], [ -73.622687, 45.5196805 ], [ -73.6226435, 45.5197123 ], [ -73.6225805, 45.5197513 ], [ -73.6223774, 45.519864 ], [ -73.6221966, 45.5199629 ], [ -73.6218347, 45.5201606 ], [ -73.6216462, 45.520264 ], [ -73.6214725, 45.5203604 ], [ -73.6214614, 45.5203692 ], [ -73.621446, 45.5203814 ], [ -73.6214133, 45.520411 ] ] } },
{ "type": "Feature", "properties": { "u": 209387046, "v": 209390670, "key": 0, "highway": "secondary", "length_km": 0.092923769244072474, "h_neige": 2.5, "is_crit_security_social": true, "is_crit_economique": true, "quartier": "outremont", "scenario_1": true, "scenario_2": true, "scenario_3": true }, "geometry": { "type": "LineString", "coordinates": [ [ -73.6198045, 45.5149885 ], [ -73.6197677, 45.5150294 ], [ -73.61923, 45.5156274 ], [ -73.6192081, 45.5156519 ], [ -73.6191698, 45.515696 ] ] } },
{ "type": "Feature", "properties": { "u": 209387046, "v": 664167873, "key": 0, "highway": "secondary", "length_km": 0.092597382715237819, "h_neige": 4.69, "is_crit_security_social": true, "is_crit_economique": true, "quartier": "outremont", "scenario_1": true, "scenario_2": true, "scenario_3": true }, "geometry": { "type": "LineString", "coordinates": [ [ -73.6198045, 45.5149885 ], [ -73.6198375, 45.5149521 ], [ -73.6198589, 45.5149284 ], [ -73.620378, 45.5143477 ], [ -73.6204002, 45.5143229 ], [ -73.6204361, 45.5142831 ] ] } },
{ "type": "Feature", "properties": { "u": 209387056, "v": 4171683688, "key": 0, "highway": "secondary", "length_km": 0.13234242674099581, "h_neige": 6.28, "is_crit_security_social": true, "is_crit_economique": true, "quartier": "outremont", "scenario_1": true, "scenario_2": true, "scenario_3": true }, "geometry": { "type": "LineString", "coordinates": [ [ -73.6141684, 45.5124292 ], [ -73.6147837, 45.5121224 ], [ -73.6151525, 45.5119327 ], [ -73.6153507, 45.5118229 ], [ -73.6153923, 45.5117986 ], [ -73.6155322, 45.5117204 ] ] } },
{ "type": "Feature", "properties": { "u": 209387056, "v": 596999735, "key": 0, "highway": "residential", "length_km": 0.060809266514711288, "h_neige": 8.45, "is_crit_security_social": true, "is_crit_economique": false, "quartier": "outremont", "scenario_1": true, "scenario_2": false, "scenario_3": true }, "geometry": { "type": "LineString", "coordinates": [ [ -73.6141684, 45.5124292 ], [ -73.6142533, 45.5124836 ], [ -73.6143091, 45.5125193 ], [ -73.6147417, 45.5127143 ], [ -73.6148041, 45.512744 ] ] } },
{ "type": "Feature", "properties": { "u": 209387056, "v": 213649409, "key": 0, "highway": "secondary", "length_km": 0.10417002272329005, "h_neige": 5.85, "is_crit_security_social": true, "is_crit_economique": true, "quartier": "outremont", "scenario_1": true, "scenario_2": true, "scenario_3": true }, "geometry": { "type": "LineString", "coordinates": [ [ -73.6141684, 45.5124292 ], [ -73.6135466, 45.5127542 ], [ -73.6132093, 45.512944 ], [ -73.6131748, 45.512964 ], [ -73.6131074, 45.5129989 ] ] } },
{ "type": "Feature", "properties": { "u": 209390670, "v": 209387046, "key": 0, "highway": "secondary", "length_km": 0.092923769244072474, "h_neige": 19.29, "is_crit_security_social": true, "is_crit_economique": true, "quartier": "outremont", "scenario_1": true, "scenario_2": true, "scenario_3": true }, "geometry": { "type": "LineString", "coordinates": [ [ -73.6191698, 45.515696 ], [ -73.6192081, 45.5156519 ], [ -73.61923, 45.5156274 ], [ -73.6197677, 45.5150294 ], [ -73.6198045, 45.5149885 ] ] } },
{ "type": "Feature", "properties": { "u": 209390670, "v": 437719105, "key": 0, "highway": "secondary", "length_km": 0.084957459012012848, "h_neige": 19.08, "is_crit_security_social": true, "is_crit_economique": true, "quartier": "outremont", "scenario_1": true, "scenario_2": true, "scenario_3": true }, "geometry": { "type": "LineString", "coordinates": [ [ -73.6191698, 45.515696 ], [ -73.6191305, 45.5157399 ], [ -73.6190989, 45.5157753 ], [ -73.6186394, 45.5162879 ], [ -73.6185917, 45.5163438 ] ] } },
{ "type": "Feature", "properties": { "u": 209390694, "v": 221106420, "key": 0, "highway": "secondary", "length_km": 0.087345587587145945, "h_neige": 11.75, "is_crit_security_social": true, "is_crit_economique": true, "quartier": "outremont", "scenario_1": true, "scenario_2": true, "scenario_3": true }, "geometry": { "type": "LineString", "coordinates": [ [ -73.616205, 45.5190181 ], [ -73.6161469, 45.5190827 ], [ -73.6161241, 45.5191083 ], [ -73.6160071, 45.5192394 ], [ -73.615675, 45.5196121 ], [ -73.615651, 45.5196369 ], [ -73.6156104, 45.519684 ] ] } },
{ "type": "Feature", "properties": { "u": 209390694, "v": 596999772, "key": 0, "highway": "residential", "length_km": 0.26438335455766082, "h_neige": 8.62, "is_crit_security_social": true, "is_crit_economique": false, "quartier": "outremont", "scenario_1": true, "scenario_2": false, "scenario_3": true }, "geometry": { "type": "LineString", "coordinates": [ [ -73.616205, 45.5190181 ], [ -73.616155, 45.5189248 ], [ -73.6161322, 45.5188984 ], [ -73.6158245, 45.5187608 ], [ -73.6157896, 45.5187454 ], [ -73.6155666, 45.518647 ], [ -73.6155471, 45.5186383 ], [ -73.6148313, 45.5183173 ], [ -73.6142571, 45.5180575 ], [ -73.6141356, 45.5180025 ], [ -73.6138799, 45.5178847 ], [ -73.6135275, 45.5177301 ], [ -73.6134971, 45.5177167 ], [ -73.6134292, 45.5176892 ] ] } },
{ "type": "Feature", "properties": { "u": 209390694, "v": 437719778, "key": 0, "highway": "secondary", "length_km": 0.088284707741529828, "h_neige": 6.5, "is_crit_security_social": true, "is_crit_economique": true, "quartier": "outremont", "scenario_1": true, "scenario_2": true, "scenario_3": true }, "geometry": { "type": "LineString", "coordinates": [ [ -73.616205, 45.5190181 ], [ -73.6162729, 45.5189423 ], [ -73.6163085, 45.5189023 ], [ -73.6167414, 45.5184162 ], [ -73.6167667, 45.5183878 ], [ -73.6168034, 45.5183439 ] ] } },
{ "type": "Feature", "properties": { "u": 213649409, "v": 596999744, "key": 0, "highway": "secondary", "length_km": 0.057442442001212242, "h_neige": 8.12, "is_crit_security_social": true, "is_crit_economique": true, "quartier": "outremont", "scenario_1": true, "scenario_2": true, "scenario_3": true }, "geometry": { "type": "LineString", "coordinates": [ [ -73.6131074, 45.5129989 ], [ -73.6130167, 45.5130484 ], [ -73.612983, 45.5130669 ], [ -73.6125329, 45.5133226 ] ] } },
{ "type": "Feature", "properties": { "u": 213649409, "v": 209387056, "key": 0, "highway": "secondary", "length_km": 0.10417002272329007, "h_neige": 4.41, "is_crit_security_social": true, "is_crit_economique": true, "quartier": "outremont", "scenario_1": true, "scenario_2": true, "scenario_3": true }, "geometry": { "type": "LineString", "coordinates": [ [ -73.6131074, 45.5129989 ], [ -73.6131748, 45.512964 ], [ -73.6132093, 45.512944 ], [ -73.6135466, 45.5127542 ], [ -73.6141684, 45.5124292 ] ] } },
{ "type": "Feature", "properties": { "u": 213649418, "v": 126102457, "key": 0, "highway": "secondary", "length_km": 0.027348987571232049, "h_neige": 5.91, "is_crit_security_social": true, "is_crit_economique": true, "quartier": "outremont", "scenario_1": true, "scenario_2": true, "scenario_3": true }, "geometry": { "type": "LineString", "coordinates": [ [ -73.6093183, 45.5145825 ], [ -73.6089907, 45.5146708 ] ] } },
{ "type": "Feature", "properties": { "u": 213649418, "v": 31700226, "key": 0, "highway": "secondary", "length_km": 0.11623545368753611, "h_neige": 8.25, "is_crit_security_social": true, "is_crit_economique": true, "quartier": "outremont", "scenario_1": true, "scenario_2": true, "scenario_3": true }, "geometry": { "type": "LineString", "coordinates": [ [ -73.6093183, 45.5145825 ], [ -73.6093914, 45.5145636 ], [ -73.6094401, 45.5145497 ], [ -73.6098105, 45.5144501 ], [ -73.6101987, 45.5143433 ], [ -73.6103844, 45.5142922 ], [ -73.6105259, 45.5142535 ], [ -73.6107074, 45.5142015 ] ] } },
{ "type": "Feature", "properties": { "u": 213666597, "v": 1765630408, "key": 0, "highway": "residential", "length_km": 0.19861809764888794, "h_neige": 4.0, "is_crit_security_social": true, "is_crit_economique": false, "quartier": "outremont", "scenario_1": true, "scenario_2": false, "scenario_3": true }, "geometry": { "type": "LineString", "coordinates": [ [ -73.6141185, 45.5100769 ], [ -73.6141942, 45.5101087 ], [ -73.6147312, 45.5103465 ], [ -73.6153954, 45.5106407 ], [ -73.6161122, 45.5109581 ], [ -73.6161624, 45.5109782 ], [ -73.6162905, 45.5110056 ] ] } },
{ "type": "Feature", "properties": { "u": 213666597, "v": 209387112, "key": 0, "highway": "residential", "length_km": 0.081626855230528039, "h_neige": 10.49, "is_crit_security_social": true, "is_crit_economique": false, "quartier": "outremont", "scenario_1": true, "scenario_2": false, "scenario_3": true }, "geometry": { "type": "LineString", "coordinates": [ [ -73.6141185, 45.5100769 ], [ -73.614165, 45.5100216 ], [ -73.6141855, 45.5099979 ], [ -73.6143056, 45.5098635 ], [ -73.6146041, 45.5095293 ], [ -73.6146329, 45.5094971 ], [ -73.6146718, 45.5094536 ] ] } },
{ "type": "Feature", "properties": { "u": 213955306, "v": 213955429, "key": 0, "highway": "tertiary", "length_km": 0.086934338640067318, "h_neige": 8.28, "is_crit_security_social": true, "is_crit_economique": true, "quartier": "outremont", "scenario_1": true, "scenario_2": true, "scenario_3": true }, "geometry": { "type": "LineString", "coordinates": [ [ -73.6220777, 45.5194291 ], [ -73.6217869, 45.5194364 ], [ -73.6217129, 45.5194366 ], [ -73.6216601, 45.5194353 ], [ -73.6216113, 45.5194328 ], [ -73.6215624, 45.5194283 ], [ -73.6215209, 45.5194234 ], [ -73.6214847, 45.5194187 ], [ -73.6214405, 45.5194125 ], [ -73.6213939, 45.5194048 ], [ -73.6213446, 45.5193954 ], [ -73.6212923, 45.5193843 ], [ -73.6212387, 45.5193716 ], [ -73.621189, 45.5193583 ], [ -73.6211481, 45.5193464 ], [ -73.6211099, 45.519335 ], [ -73.6210628, 45.5193188 ], [ -73.6209981, 45.5192935 ] ] } },
{ "type": "Feature", "properties": { "u": 213955395, "v": 209374806, "key": 0, "highway": "tertiary", "length_km": 0.05565015099288264, "h_neige": 10.87, "is_crit_security_social": true, "is_crit_economique": true, "quartier": "outremont", "scenario_1": true, "scenario_2": true, "scenario_3": true }, "geometry": { "type": "LineString", "coordinates": [ [ -73.6222801, 45.5189458 ], [ -73.6223569, 45.5189745 ], [ -73.6224453, 45.5190046 ], [ -73.6225182, 45.5190286 ], [ -73.6226072, 45.5190542 ], [ -73.6227897, 45.5191049 ], [ -73.622831, 45.5191147 ], [ -73.6228698, 45.5191219 ], [ -73.6229043, 45.5191266 ], [ -73.6229407, 45.5191312 ] ] } },
{ "type": "Feature", "properties": { "u": 213955395, "v": 213955444, "key": 0, "highway": "residential", "length_km": 0.062598386447366594, "h_neige": 15.26, "is_crit_security_social": true, "is_crit_economique": false, "quartier": "outremont", "scenario_1": true, "scenario_2": false, "scenario_3": true }, "geometry": { "type": "LineString", "coordinates": [ [ -73.6222801, 45.5189458 ], [ -73.6221194, 45.5188461 ], [ -73.6217624, 45.5186758 ], [ -73.62171, 45.5186511 ], [ -73.6216251, 45.5186232 ] ] } },
{ "type": "Feature", "properties": { "u": 213955429, "v": 1765657082, "key": 0, "highway": "tertiary", "length_km": 0.16308459237698208, "h_neige": 17.94, "is_crit_security_social": true, "is_crit_economique": true, "quartier": "outremont", "scenario_1": true, "scenario_2": true, "scenario_3": true }, "geometry": { "type": "LineString", "coordinates": [ [ -73.6209981, 45.5192935 ], [ -73.6209521, 45.5192767 ], [ -73.6208413, 45.5192271 ], [ -73.6207006, 45.519164 ], [ -73.6197019, 45.5187137 ], [ -73.6194742, 45.5186109 ], [ -73.6193433, 45.5185516 ], [ -73.6193125, 45.5185379 ], [ -73.6192337, 45.5185047 ] ] } },
{ "type": "Feature", "properties": { "u": 213955444, "v": 209364967, "key": 0, "highway": "residential", "length_km": 0.0095462857578840297, "h_neige": 12.53, "is_crit_security_social": true, "is_crit_economique": false, "quartier": "outremont", "scenario_1": true, "scenario_2": false, "scenario_3": true }, "geometry": { "type": "LineString", "coordinates": [ [ -73.6216251, 45.5186232 ], [ -73.6215153, 45.5185851 ] ] } },
{ "type": "Feature", "properties": { "u": 221091281, "v": 471725446, "key": 0, "highway": "residential", "length_km": 0.30595764557289679, "h_neige": 9.84, "is_crit_security_social": true, "is_crit_economique": false, "quartier": "outremont", "scenario_1": true, "scenario_2": false, "scenario_3": true }, "geometry": { "type": "LineString", "coordinates": [ [ -73.6050041, 45.5190679 ], [ -73.6050701, 45.519099 ], [ -73.6051394, 45.5191302 ], [ -73.6059633, 45.5194978 ], [ -73.6066004, 45.51978 ], [ -73.6070574, 45.5199848 ], [ -73.6072675, 45.520079 ], [ -73.6078541, 45.5203412 ], [ -73.6078975, 45.5203596 ], [ -73.6082078, 45.5204954 ], [ -73.608227, 45.5205038 ], [ -73.6083178, 45.5205444 ] ] } },
{ "type": "Feature", "properties": { "u": 221106378, "v": 221106429, "key": 0, "highway": "residential", "length_km": 0.26275241398307758, "h_neige": 9.44, "is_crit_security_social": true, "is_crit_economique": false, "quartier": "outremont", "scenario_1": true, "scenario_2": false, "scenario_3": true }, "geometry": { "type": "LineString", "coordinates": [ [ -73.6101456, 45.5213539 ], [ -73.6102261, 45.5213886 ], [ -73.6102573, 45.5214021 ], [ -73.6106131, 45.5215653 ], [ -73.6125472, 45.5224273 ], [ -73.6128612, 45.5225616 ], [ -73.6128991, 45.5225778 ], [ -73.6129941, 45.5226189 ] ] } },
{ "type": "Feature", "properties": { "u": 221106378, "v": 471725446, "key": 0, "highway": "residential", "length_km": 0.16846683418790759, "h_neige": 7.89, "is_crit_security_social": true, "is_crit_economique": false, "quartier": "outremont", "scenario_1": true, "scenario_2": false, "scenario_3": true }, "geometry": { "type": "LineString", "coordinates": [ [ -73.6101456, 45.5213539 ], [ -73.6100949, 45.5213318 ], [ -73.610065, 45.5213187 ], [ -73.6097297, 45.5211706 ], [ -73.608782, 45.520752 ], [ -73.6084443, 45.5205997 ], [ -73.608405, 45.520582 ], [ -73.6083178, 45.5205444 ] ] } },
{ "type": "Feature", "properties": { "u": 221106378, "v": 1857963725, "key": 0, "highway": "residential", "length_km": 0.083435316034854559, "h_neige": 18.46, "is_crit_security_social": true, "is_crit_economique": false, "quartier": "outremont", "scenario_1": true, "scenario_2": false, "scenario_3": true }, "geometry": { "type": "LineString", "coordinates": [ [ -73.6101456, 45.5213539 ], [ -73.6100996, 45.521406 ], [ -73.610073, 45.5214361 ], [ -73.609645, 45.5219212 ], [ -73.6096173, 45.5219533 ], [ -73.6095833, 45.5219925 ] ] } },
{ "type": "Feature", "properties": { "u": 221106378, "v": 221106382, "key": 0, "highway": "residential", "length_km": 0.085828741289153354, "h_neige": 8.99, "is_crit_security_social": true, "is_crit_economique": false, "quartier": "outremont", "scenario_1": true, "scenario_2": false, "scenario_3": true }, "geometry": { "type": "LineString", "coordinates": [ [ -73.6101456, 45.5213539 ], [ -73.6101933, 45.5212982 ], [ -73.6102106, 45.521278 ], [ -73.6106698, 45.5207799 ], [ -73.6106926, 45.520751 ], [ -73.6107347, 45.5207018 ] ] } },
{ "type": "Feature", "properties": { "u": 221106382, "v": 471725443, "key": 0, "highway": "residential", "length_km": 0.16829472198612394, "h_neige": 19.22, "is_crit_security_social": true, "is_crit_economique": false, "quartier": "outremont", "scenario_1": true, "scenario_2": false, "scenario_3": true }, "geometry": { "type": "LineString", "coordinates": [ [ -73.6107347, 45.5207018 ], [ -73.6106789, 45.5206777 ], [ -73.6103126, 45.5205138 ], [ -73.6097872, 45.5202771 ], [ -73.6093692, 45.5200969 ], [ -73.6090477, 45.5199576 ], [ -73.6089847, 45.5199286 ], [ -73.6089123, 45.5198898 ] ] } },
{ "type": "Feature", "properties": { "u": 221106382, "v": 221106378, "key": 0, "highway": "residential", "length_km": 0.08582874128915334, "h_neige": 19.91, "is_crit_security_social": true, "is_crit_economique": false, "quartier": "outremont", "scenario_1": true, "scenario_2": false, "scenario_3": true }, "geometry": { "type": "LineString", "coordinates": [ [ -73.6107347, 45.5207018 ], [ -73.6106926, 45.520751 ], [ -73.6106698, 45.5207799 ], [ -73.6102106, 45.521278 ], [ -73.6101933, 45.5212982 ], [ -73.6101456, 45.5213539 ] ] } },
{ "type": "Feature", "properties": { "u": 221106382, "v": 221106387, "key": 0, "highway": "residential", "length_km": 0.086430416399095711, "h_neige": 8.98, "is_crit_security_social": true, "is_crit_economique": false, "quartier": "outremont", "scenario_1": true, "scenario_2": false, "scenario_3": true }, "geometry": { "type": "LineString", "coordinates": [ [ -73.6107347, 45.5207018 ], [ -73.6107659, 45.5206574 ], [ -73.6107917, 45.5206264 ], [ -73.611238, 45.5201312 ], [ -73.6112596, 45.5201122 ], [ -73.6113323, 45.520048 ] ] } },
{ "type": "Feature", "properties": { "u": 221106387, "v": 221106382, "key": 0, "highway": "residential", "length_km": 0.086430416399095711, "h_neige": 13.88, "is_crit_security_social": true, "is_crit_economique": false, "quartier": "outremont", "scenario_1": true, "scenario_2": false, "scenario_3": true }, "geometry": { "type": "LineString", "coordinates": [ [ -73.6113323, 45.520048 ], [ -73.6112596, 45.5201122 ], [ -73.611238, 45.5201312 ], [ -73.6107917, 45.5206264 ], [ -73.6107659, 45.5206574 ], [ -73.6107347, 45.5207018 ] ] } },
{ "type": "Feature", "properties": { "u": 221106387, "v": 1420077705, "key": 0, "highway": "residential", "length_km": 0.078749088307149592, "h_neige": 3.62, "is_crit_security_social": true, "is_crit_economique": false, "quartier": "outremont", "scenario_1": true, "scenario_2": false, "scenario_3": true }, "geometry": { "type": "LineString", "coordinates": [ [ -73.6113323, 45.520048 ], [ -73.6112699, 45.5200227 ], [ -73.6112332, 45.5200077 ], [ -73.6104744, 45.5196736 ] ] } },
{ "type": "Feature", "properties": { "u": 221106397, "v": 221106420, "key": 0, "highway": "residential", "length_km": 0.26051318872262863, "h_neige": 11.77, "is_crit_security_social": true, "is_crit_economique": false, "quartier": "outremont", "scenario_1": true, "scenario_2": false, "scenario_3": true }, "geometry": { "type": "LineString", "coordinates": [ [ -73.6127974, 45.5184175 ], [ -73.6128539, 45.5184435 ], [ -73.6139046, 45.5189133 ], [ -73.6140825, 45.5189934 ], [ -73.6151921, 45.519493 ], [ -73.6154968, 45.5196333 ], [ -73.615518, 45.5196431 ], [ -73.6156104, 45.519684 ] ] } },
{ "type": "Feature", "properties": { "u": 221106400, "v": 437719778, "key": 0, "highway": "tertiary", "length_km": 0.26228614957664109, "h_neige": 10.52, "is_crit_security_social": true, "is_crit_economique": true, "quartier": "outremont", "scenario_1": true, "scenario_2": true, "scenario_3": true }, "geometry": { "type": "LineString", "coordinates": [ [ -73.613968, 45.5170725 ], [ -73.6140457, 45.5171063 ], [ -73.6141359, 45.5171455 ], [ -73.614421, 45.5172722 ], [ -73.6150873, 45.517572 ], [ -73.6159766, 45.5179722 ], [ -73.6163673, 45.518148 ], [ -73.6166559, 45.5182807 ], [ -73.6166782, 45.518291 ], [ -73.6167144, 45.5183063 ], [ -73.6168034, 45.5183439 ] ] } },
{ "type": "Feature", "properties": { "u": 221106420, "v": 526533273, "key": 0, "highway": "residential", "length_km": 0.1695018806989026, "h_neige": 8.74, "is_crit_security_social": true, "is_crit_economique": false, "quartier": "outremont", "scenario_1": true, "scenario_2": false, "scenario_3": true }, "geometry": { "type": "LineString", "coordinates": [ [ -73.6156104, 45.519684 ], [ -73.6157019, 45.5197239 ], [ -73.6160507, 45.5198795 ], [ -73.6161222, 45.5199115 ], [ -73.6170382, 45.5203207 ], [ -73.617392, 45.520489 ], [ -73.6174373, 45.5205115 ] ] } },
{ "type": "Feature", "properties": { "u": 221106420, "v": 209390694, "key": 0, "highway": "secondary", "length_km": 0.087345587587145945, "h_neige": 5.74, "is_crit_security_social": true, "is_crit_economique": true, "quartier": "outremont", "scenario_1": true, "scenario_2": true, "scenario_3": true }, "geometry": { "type": "LineString", "coordinates": [ [ -73.6156104, 45.519684 ], [ -73.615651, 45.5196369 ], [ -73.615675, 45.5196121 ], [ -73.6160071, 45.5192394 ], [ -73.6161241, 45.5191083 ], [ -73.6161469, 45.5190827 ], [ -73.616205, 45.5190181 ] ] } },
{ "type": "Feature", "properties": { "u": 221106420, "v": 126094069, "key": 0, "highway": "secondary", "length_km": 0.090137656048735776, "h_neige": 5.31, "is_crit_security_social": true, "is_crit_economique": true, "quartier": "outremont", "scenario_1": true, "scenario_2": true, "scenario_3": true }, "geometry": { "type": "LineString", "coordinates": [ [ -73.6156104, 45.519684 ], [ -73.6155666, 45.5197316 ], [ -73.6155474, 45.5197532 ], [ -73.6152945, 45.5200374 ], [ -73.6151685, 45.5201784 ], [ -73.6150495, 45.5203115 ], [ -73.6150375, 45.5203249 ], [ -73.6150299, 45.5203334 ], [ -73.6149963, 45.520371 ] ] } },
{ "type": "Feature", "properties": { "u": 221106425, "v": 126094069, "key": 0, "highway": "secondary", "length_km": 0.12295244199684921, "h_neige": 14.84, "is_crit_security_social": true, "is_crit_economique": true, "quartier": "outremont", "scenario_1": true, "scenario_2": true, "scenario_3": true }, "geometry": { "type": "LineString", "coordinates": [ [ -73.6141634, 45.5213102 ], [ -73.6142176, 45.5212491 ], [ -73.6142625, 45.5211981 ], [ -73.6149374, 45.5204375 ], [ -73.6149616, 45.5204102 ], [ -73.6149963, 45.520371 ] ] } },
{ "type": "Feature", "properties": { "u": 221106425, "v": 514112191, "key": 0, "highway": "residential", "length_km": 0.074307889532365737, "h_neige": 11.66, "is_crit_security_social": true, "is_crit_economique": false, "quartier": "outremont", "scenario_1": true, "scenario_2": false, "scenario_3": true }, "geometry": { "type": "LineString", "coordinates": [ [ -73.6141634, 45.5213102 ], [ -73.6142507, 45.5213492 ], [ -73.6145162, 45.5214678 ], [ -73.6146176, 45.521513 ], [ -73.6148853, 45.5216326 ], [ -73.6149116, 45.5216444 ], [ -73.6149676, 45.5216695 ] ] } },
{ "type": "Feature", "properties": { "u": 221106425, "v": 437729754, "key": 0, "highway": "secondary", "length_km": 0.086264247063059518, "h_neige": 3.4, "is_crit_security_social": true, "is_crit_economique": true, "quartier": "outremont", "scenario_1": true, "scenario_2": true, "scenario_3": true }, "geometry": { "type": "LineString", "coordinates": [ [ -73.6141634, 45.5213102 ], [ -73.6141073, 45.5213735 ], [ -73.6140828, 45.5214011 ], [ -73.6138168, 45.5216947 ], [ -73.613579, 45.5219691 ] ] } },
{ "type": "Feature", "properties": { "u": 221106425, "v": 596999813, "key": 0, "highway": "residential", "length_km": 0.088358033323623061, "h_neige": 16.81, "is_crit_security_social": true, "is_crit_economique": false, "quartier": "outremont", "scenario_1": true, "scenario_2": false, "scenario_3": true }, "geometry": { "type": "LineString", "coordinates": [ [ -73.6141634, 45.5213102 ], [ -73.6140686, 45.521263 ], [ -73.6140365, 45.5212484 ], [ -73.6138503, 45.5211635 ], [ -73.6137221, 45.5211057 ], [ -73.6132124, 45.5208774 ] ] } },
{ "type": "Feature", "properties": { "u": 221106429, "v": 221106378, "key": 0, "highway": "residential", "length_km": 0.26275241398307753, "h_neige": 0.81, "is_crit_security_social": true, "is_crit_economique": false, "quartier": "outremont", "scenario_1": true, "scenario_2": false, "scenario_3": true }, "geometry": { "type": "LineString", "coordinates": [ [ -73.6129941, 45.5226189 ], [ -73.6128991, 45.5225778 ], [ -73.6128612, 45.5225616 ], [ -73.6125472, 45.5224273 ], [ -73.6106131, 45.5215653 ], [ -73.6102573, 45.5214021 ], [ -73.6102261, 45.5213886 ], [ -73.6101456, 45.5213539 ] ] } },
{ "type": "Feature", "properties": { "u": 221106429, "v": 221113204, "key": 0, "highway": "residential", "length_km": 0.17052173206162738, "h_neige": 17.53, "is_crit_security_social": true, "is_crit_economique": false, "quartier": "outremont", "scenario_1": true, "scenario_2": false, "scenario_3": true }, "geometry": { "type": "LineString", "coordinates": [ [ -73.6129941, 45.5226189 ], [ -73.6130824, 45.5226582 ], [ -73.6131145, 45.5226726 ], [ -73.6134635, 45.5228296 ], [ -73.6142064, 45.5231608 ], [ -73.6144058, 45.5232497 ], [ -73.6147648, 45.523406 ], [ -73.6148427, 45.52344 ] ] } },
{ "type": "Feature", "properties": { "u": 221106429, "v": 221106435, "key": 0, "highway": "secondary", "length_km": 0.083334046794685743, "h_neige": 6.24, "is_crit_security_social": true, "is_crit_economique": true, "quartier": "outremont", "scenario_1": true, "scenario_2": true, "scenario_3": true }, "geometry": { "type": "LineString", "coordinates": [ [ -73.6129941, 45.5226189 ], [ -73.612947, 45.5226754 ], [ -73.6129253, 45.5227001 ], [ -73.6124254, 45.5232536 ] ] } },
{ "type": "Feature", "properties": { "u": 221106429, "v": 437729754, "key": 0, "highway": "secondary", "length_km": 0.085432393476681551, "h_neige": 9.19, "is_crit_security_social": true, "is_crit_economique": true, "quartier": "outremont", "scenario_1": true, "scenario_2": true, "scenario_3": true }, "geometry": { "type": "LineString", "coordinates": [ [ -73.6129941, 45.5226189 ], [ -73.6130349, 45.522568 ], [ -73.613052, 45.5225492 ], [ -73.613579, 45.5219691 ] ] } },
{ "type": "Feature", "properties": { "u": 221106435, "v": 31701022, "key": 0, "highway": "secondary", "length_km": 0.069438850150744372, "h_neige": 9.8, "is_crit_security_social": true, "is_crit_economique": true, "quartier": "outremont", "scenario_1": true, "scenario_2": true, "scenario_3": true }, "geometry": { "type": "LineString", "coordinates": [ [ -73.6124254, 45.5232536 ], [ -73.6122608, 45.5234389 ], [ -73.6120186, 45.523711 ], [ -73.6119925, 45.5237411 ], [ -73.6119538, 45.5237835 ] ] } },
{ "type": "Feature", "properties": { "u": 221106435, "v": 221106429, "key": 0, "highway": "secondary", "length_km": 0.083334046794685743, "h_neige": 15.73, "is_crit_security_social": true, "is_crit_economique": true, "quartier": "outremont", "scenario_1": true, "scenario_2": true, "scenario_3": true }, "geometry": { "type": "LineString", "coordinates": [ [ -73.6124254, 45.5232536 ], [ -73.6129253, 45.5227001 ], [ -73.612947, 45.5226754 ], [ -73.6129941, 45.5226189 ] ] } },
{ "type": "Feature", "properties": { "u": 221106437, "v": 1825900796, "key": 0, "highway": "secondary", "length_km": 0.086515393101883692, "h_neige": 12.2, "is_crit_security_social": true, "is_crit_economique": true, "quartier": "outremont", "scenario_1": true, "scenario_2": true, "scenario_3": true }, "geometry": { "type": "LineString", "coordinates": [ [ -73.6114318, 45.5243631 ], [ -73.6113882, 45.524415 ], [ -73.6111376, 45.5246971 ], [ -73.6108413, 45.525022 ] ] } },
{ "type": "Feature", "properties": { "u": 221106437, "v": 31701022, "key": 0, "highway": "secondary", "length_km": 0.076207646483739414, "h_neige": 7.16, "is_crit_security_social": true, "is_crit_economique": true, "quartier": "outremont", "scenario_1": true, "scenario_2": true, "scenario_3": true }, "geometry": { "type": "LineString", "coordinates": [ [ -73.6114318, 45.5243631 ], [ -73.6114694, 45.5243213 ], [ -73.6114888, 45.5243001 ], [ -73.6116956, 45.5240717 ], [ -73.6118889, 45.5238576 ], [ -73.6119159, 45.5238258 ], [ -73.6119538, 45.5237835 ] ] } },
{ "type": "Feature", "properties": { "u": 221106464, "v": 1857963725, "key": 0, "highway": "residential", "length_km": 0.16853730842876924, "h_neige": 15.53, "is_crit_security_social": true, "is_crit_economique": false, "quartier": "outremont", "scenario_1": true, "scenario_2": false, "scenario_3": true }, "geometry": { "type": "LineString", "coordinates": [ [ -73.6077603, 45.5211766 ], [ -73.6078417, 45.5212138 ], [ -73.6082234, 45.5213878 ], [ -73.6084208, 45.5214729 ], [ -73.6084609, 45.5214915 ], [ -73.6091514, 45.5218016 ], [ -73.6094888, 45.5219488 ], [ -73.6095251, 45.5219656 ], [ -73.6095833, 45.5219925 ] ] } },
{ "type": "Feature", "properties": { "u": 221106464, "v": 221106468, "key": 0, "highway": "residential", "length_km": 0.069483256851642528, "h_neige": 5.38, "is_crit_security_social": true, "is_crit_economique": false, "quartier": "outremont", "scenario_1": true, "scenario_2": false, "scenario_3": true }, "geometry": { "type": "LineString", "coordinates": [ [ -73.6077603, 45.5211766 ], [ -73.607724, 45.5212129 ], [ -73.6076939, 45.521245 ], [ -73.6075589, 45.5213962 ], [ -73.6073511, 45.5216345 ], [ -73.6073255, 45.5216616 ], [ -73.6072877, 45.5217064 ] ] } },
{ "type": "Feature", "properties": { "u": 221106464, "v": 471725446, "key": 0, "highway": "residential", "length_km": 0.082638546986788394, "h_neige": 6.24, "is_crit_security_social": true, "is_crit_economique": false, "quartier": "outremont", "scenario_1": true, "scenario_2": false, "scenario_3": true }, "geometry": { "type": "LineString", "coordinates": [ [ -73.6077603, 45.5211766 ], [ -73.6077958, 45.5211345 ], [ -73.6078102, 45.5211159 ], [ -73.6079172, 45.5209954 ], [ -73.608247, 45.5206239 ], [ -73.608275, 45.5205924 ], [ -73.6083178, 45.5205444 ] ] } },
{ "type": "Feature", "properties": { "u": 221106468, "v": 221106464, "key": 0, "highway": "residential", "length_km": 0.069483256851642514, "h_neige": 17.64, "is_crit_security_social": true, "is_crit_economique": false, "quartier": "outremont", "scenario_1": true, "scenario_2": false, "scenario_3": true }, "geometry": { "type": "LineString", "coordinates": [ [ -73.6072877, 45.5217064 ], [ -73.6073255, 45.5216616 ], [ -73.6073511, 45.5216345 ], [ -73.6075589, 45.5213962 ], [ -73.6076939, 45.521245 ], [ -73.607724, 45.5212129 ], [ -73.6077603, 45.5211766 ] ] } },
{ "type": "Feature", "properties": { "u": 221112922, "v": 596999795, "key": 0, "highway": "residential", "length_km": 0.29989016672928598, "h_neige": 17.42, "is_crit_security_social": true, "is_crit_economique": false, "quartier": "outremont", "scenario_1": true, "scenario_2": false, "scenario_3": true }, "geometry": { "type": "LineString", "coordinates": [ [ -73.6076636, 45.5160885 ], [ -73.6077432, 45.5161264 ], [ -73.607769, 45.5161384 ], [ -73.6085674, 45.5164966 ], [ -73.6088198, 45.5166098 ], [ -73.6092201, 45.5167895 ], [ -73.6095818, 45.5169519 ], [ -73.6100307, 45.5171558 ], [ -73.6104992, 45.5173685 ], [ -73.6107847, 45.5174963 ], [ -73.6108342, 45.5175224 ], [ -73.6108934, 45.5175548 ] ] } },
{ "type": "Feature", "properties": { "u": 221112989, "v": 596999795, "key": 0, "highway": "residential", "length_km": 0.013361488185903528, "h_neige": 12.34, "is_crit_security_social": true, "is_crit_economique": false, "quartier": "outremont", "scenario_1": true, "scenario_2": false, "scenario_3": true }, "geometry": { "type": "LineString", "coordinates": [ [ -73.6110337, 45.5176239 ], [ -73.6108934, 45.5175548 ] ] } },
{ "type": "Feature", "properties": { "u": 221112989, "v": 596999784, "key": 0, "highway": "residential", "length_km": 0.080739948371744932, "h_neige": 9.17, "is_crit_security_social": true, "is_crit_economique": false, "quartier": "outremont", "scenario_1": true, "scenario_2": false, "scenario_3": true }, "geometry": { "type": "LineString", "coordinates": [ [ -73.6110337, 45.5176239 ], [ -73.611083, 45.5175692 ], [ -73.6115312, 45.5170674 ], [ -73.6115535, 45.5170424 ], [ -73.6115837, 45.5170085 ] ] } },
{ "type": "Feature", "properties": { "u": 221112989, "v": 221106397, "key": 0, "highway": "residential", "length_km": 0.16330985394577086, "h_neige": 7.12, "is_crit_security_social": true, "is_crit_economique": false, "quartier": "outremont", "scenario_1": true, "scenario_2": false, "scenario_3": true }, "geometry": { "type": "LineString", "coordinates": [ [ -73.6110337, 45.5176239 ], [ -73.6110946, 45.5176506 ], [ -73.6114881, 45.5178284 ], [ -73.6126773, 45.5183637 ], [ -73.6127264, 45.5183861 ], [ -73.6127974, 45.5184175 ] ] } },
{ "type": "Feature", "properties": { "u": 221113177, "v": 437729754, "key": 0, "highway": "residential", "length_km": 0.17007180714392903, "h_neige": 15.06, "is_crit_security_social": true, "is_crit_economique": false, "quartier": "outremont", "scenario_1": true, "scenario_2": false, "scenario_3": true }, "geometry": { "type": "LineString", "coordinates": [ [ -73.6154163, 45.522795 ], [ -73.6153435, 45.5227638 ], [ -73.6150608, 45.5226336 ], [ -73.614979, 45.5225959 ], [ -73.6147874, 45.5225104 ], [ -73.6140402, 45.5221789 ], [ -73.6137044, 45.5220272 ], [ -73.6136645, 45.5220087 ], [ -73.613579, 45.5219691 ] ] } },
{ "type": "Feature", "properties": { "u": 221113177, "v": 9680726834, "key": 0, "highway": "residential", "length_km": 0.087042316884977253, "h_neige": 6.85, "is_crit_security_social": true, "is_crit_economique": false, "quartier": "outremont", "scenario_1": true, "scenario_2": false, "scenario_3": true }, "geometry": { "type": "LineString", "coordinates": [ [ -73.6154163, 45.522795 ], [ -73.6154545, 45.5227435 ], [ -73.6154736, 45.5227178 ], [ -73.6159329, 45.5221985 ], [ -73.6159613, 45.5221669 ], [ -73.6159994, 45.5221276 ] ] } },
{ "type": "Feature", "properties": { "u": 221113204, "v": 221106429, "key": 0, "highway": "residential", "length_km": 0.17052173206162735, "h_neige": 10.39, "is_crit_security_social": true, "is_crit_economique": false, "quartier": "outremont", "scenario_1": true, "scenario_2": false, "scenario_3": true }, "geometry": { "type": "LineString", "coordinates": [ [ -73.6148427, 45.52344 ], [ -73.6147648, 45.523406 ], [ -73.6144058, 45.5232497 ], [ -73.6142064, 45.5231608 ], [ -73.6134635, 45.5228296 ], [ -73.6131145, 45.5226726 ], [ -73.6130824, 45.5226582 ], [ -73.6129941, 45.5226189 ] ] } },
{ "type": "Feature", "properties": { "u": 300103857, "v": 5415829803, "key": 0, "highway": "tertiary", "length_km": 0.020847946877468559, "h_neige": 3.37, "is_crit_security_social": true, "is_crit_economique": true, "quartier": "outremont", "scenario_1": true, "scenario_2": true, "scenario_3": true }, "geometry": { "type": "LineString", "coordinates": [ [ -73.6130166, 45.5105597 ], [ -73.6132355, 45.5106675 ] ] } },
{ "type": "Feature", "properties": { "u": 303432802, "v": 3382995922, "key": 0, "highway": "residential", "length_km": 0.10337989396115491, "h_neige": 5.96, "is_crit_security_social": true, "is_crit_economique": false, "quartier": "outremont", "scenario_1": true, "scenario_2": false, "scenario_3": true }, "geometry": { "type": "LineString", "coordinates": [ [ -73.6163768, 45.5125631 ], [ -73.6163003, 45.5125304 ], [ -73.6152552, 45.5120665 ] ] } },
{ "type": "Feature", "properties": { "u": 310683067, "v": 526533292, "key": 0, "highway": "residential", "length_km": 0.12211044885168286, "h_neige": 17.73, "is_crit_security_social": true, "is_crit_economique": false, "quartier": "outremont", "scenario_1": true, "scenario_2": false, "scenario_3": true }, "geometry": { "type": "LineString", "coordinates": [ [ -73.6094942, 45.5192324 ], [ -73.6095375, 45.5191838 ], [ -73.609568, 45.5191496 ], [ -73.6097731, 45.5189195 ], [ -73.6100529, 45.5186035 ], [ -73.6102766, 45.5183547 ], [ -73.6102934, 45.5183342 ], [ -73.6103261, 45.5183018 ] ] } },
{ "type": "Feature", "properties": { "u": 310683067, "v": 1420077700, "key": 0, "highway": "residential", "length_km": 0.089910502908616713, "h_neige": 5.06, "is_crit_security_social": true, "is_crit_economique": false, "quartier": "outremont", "scenario_1": true, "scenario_2": false, "scenario_3": true }, "geometry": { "type": "LineString", "coordinates": [ [ -73.6094942, 45.5192324 ], [ -73.6094031, 45.5191915 ], [ -73.6090556, 45.5190355 ], [ -73.6085216, 45.5187972 ] ] } },
{ "type": "Feature", "properties": { "u": 310683067, "v": 1420077705, "key": 0, "highway": "residential", "length_km": 0.090778972974484756, "h_neige": 17.49, "is_crit_security_social": true, "is_crit_economique": false, "quartier": "outremont", "scenario_1": true, "scenario_2": false, "scenario_3": true }, "geometry": { "type": "LineString", "coordinates": [ [ -73.6094942, 45.5192324 ], [ -73.6095897, 45.5192794 ], [ -73.6096456, 45.5193043 ], [ -73.6098185, 45.5193814 ], [ -73.6099513, 45.5194415 ], [ -73.6102031, 45.5195553 ], [ -73.6104744, 45.5196736 ] ] } },
{ "type": "Feature", "properties": { "u": 310683067, "v": 471725443, "key": 0, "highway": "residential", "length_km": 0.086018968109787972, "h_neige": 3.88, "is_crit_security_social": true, "is_crit_economique": false, "quartier": "outremont", "scenario_1": true, "scenario_2": false, "scenario_3": true }, "geometry": { "type": "LineString", "coordinates": [ [ -73.6094942, 45.5192324 ], [ -73.6094424, 45.5192912 ], [ -73.6093781, 45.5193642 ], [ -73.6089712, 45.5198262 ], [ -73.6089523, 45.5198466 ], [ -73.6089123, 45.5198898 ] ] } },
{ "type": "Feature", "properties": { "u": 391531806, "v": 31700231, "key": 0, "highway": "secondary", "length_km": 0.033779329020005952, "h_neige": 11.15, "is_crit_security_social": true, "is_crit_economique": true, "quartier": "outremont", "scenario_1": true, "scenario_2": true, "scenario_3": true }, "geometry": { "type": "LineString", "coordinates": [ [ -73.6006812, 45.5159063 ], [ -73.6011137, 45.5158853 ] ] } },
{ "type": "Feature", "properties": { "u": 391531806, "v": 4504112773, "key": 0, "highway": "secondary", "length_km": 0.15239557461395334, "h_neige": 2.94, "is_crit_security_social": true, "is_crit_economique": true, "quartier": "outremont", "scenario_1": true, "scenario_2": true, "scenario_3": true }, "geometry": { "type": "LineString", "coordinates": [ [ -73.6006812, 45.5159063 ], [ -73.5988952, 45.5160529 ], [ -73.598855, 45.5160562 ], [ -73.5987386, 45.5160659 ] ] } },
{ "type": "Feature", "properties": { "u": 437719105, "v": 209390670, "key": 0, "highway": "secondary", "length_km": 0.084957459012012848, "h_neige": 9.42, "is_crit_security_social": true, "is_crit_economique": true, "quartier": "outremont", "scenario_1": true, "scenario_2": true, "scenario_3": true }, "geometry": { "type": "LineString", "coordinates": [ [ -73.6185917, 45.5163438 ], [ -73.6186394, 45.5162879 ], [ -73.6190989, 45.5157753 ], [ -73.6191305, 45.5157399 ], [ -73.6191698, 45.515696 ] ] } },
{ "type": "Feature", "properties": { "u": 437719105, "v": 209364977, "key": 0, "highway": "secondary", "length_km": 0.087884254394785102, "h_neige": 1.3, "is_crit_security_social": true, "is_crit_economique": true, "quartier": "outremont", "scenario_1": true, "scenario_2": true, "scenario_3": true }, "geometry": { "type": "LineString", "coordinates": [ [ -73.6185917, 45.5163438 ], [ -73.6185602, 45.5163791 ], [ -73.618067, 45.516931 ], [ -73.6180328, 45.5169707 ], [ -73.617995, 45.5170145 ] ] } },
{ "type": "Feature", "properties": { "u": 437719778, "v": 209390697, "key": 0, "highway": "tertiary", "length_km": 0.16953221817720043, "h_neige": 17.22, "is_crit_security_social": true, "is_crit_economique": true, "quartier": "outremont", "scenario_1": true, "scenario_2": true, "scenario_3": true }, "geometry": { "type": "LineString", "coordinates": [ [ -73.6168034, 45.5183439 ], [ -73.6168951, 45.5183841 ], [ -73.6170079, 45.518436 ], [ -73.6172561, 45.5185475 ], [ -73.6182204, 45.5189779 ], [ -73.6185253, 45.5191167 ], [ -73.6185674, 45.5191357 ], [ -73.6185866, 45.5191451 ], [ -73.6186355, 45.5191664 ] ] } },
{ "type": "Feature", "properties": { "u": 437719778, "v": 209390694, "key": 0, "highway": "secondary", "length_km": 0.088284707741529841, "h_neige": 7.93, "is_crit_security_social": true, "is_crit_economique": true, "quartier": "outremont", "scenario_1": true, "scenario_2": true, "scenario_3": true }, "geometry": { "type": "LineString", "coordinates": [ [ -73.6168034, 45.5183439 ], [ -73.6167667, 45.5183878 ], [ -73.6167414, 45.5184162 ], [ -73.6163085, 45.5189023 ], [ -73.6162729, 45.5189423 ], [ -73.616205, 45.5190181 ] ] } },
{ "type": "Feature", "properties": { "u": 437719778, "v": 437788171, "key": 0, "highway": "secondary", "length_km": 0.08746811880819963, "h_neige": 18.44, "is_crit_security_social": true, "is_crit_economique": true, "quartier": "outremont", "scenario_1": true, "scenario_2": true, "scenario_3": true }, "geometry": { "type": "LineString", "coordinates": [ [ -73.6168034, 45.5183439 ], [ -73.6168329, 45.5183112 ], [ -73.6168615, 45.5182793 ], [ -73.6173387, 45.5177484 ], [ -73.6173711, 45.5177124 ], [ -73.6174017, 45.5176783 ] ] } },
{ "type": "Feature", "properties": { "u": 437729754, "v": 221106382, "key": 0, "highway": "residential", "length_km": 0.26261954347419347, "h_neige": 4.06, "is_crit_security_social": true, "is_crit_economique": false, "quartier": "outremont", "scenario_1": true, "scenario_2": false, "scenario_3": true }, "geometry": { "type": "LineString", "coordinates": [ [ -73.613579, 45.5219691 ], [ -73.6134741, 45.5219217 ], [ -73.6131397, 45.521771 ], [ -73.612688, 45.5215674 ], [ -73.6114883, 45.5210375 ], [ -73.6111982, 45.5209041 ], [ -73.6108343, 45.5207487 ], [ -73.6108088, 45.5207369 ], [ -73.6107347, 45.5207018 ] ] } },
{ "type": "Feature", "properties": { "u": 437729754, "v": 221106429, "key": 0, "highway": "secondary", "length_km": 0.085432393476681551, "h_neige": 13.02, "is_crit_security_social": true, "is_crit_economique": true, "quartier": "outremont", "scenario_1": true, "scenario_2": true, "scenario_3": true }, "geometry": { "type": "LineString", "coordinates": [ [ -73.613579, 45.5219691 ], [ -73.613052, 45.5225492 ], [ -73.6130349, 45.522568 ], [ -73.6129941, 45.5226189 ] ] } },
{ "type": "Feature", "properties": { "u": 437729754, "v": 221106425, "key": 0, "highway": "secondary", "length_km": 0.086264247063059504, "h_neige": 6.74, "is_crit_security_social": true, "is_crit_economique": true, "quartier": "outremont", "scenario_1": true, "scenario_2": true, "scenario_3": true }, "geometry": { "type": "LineString", "coordinates": [ [ -73.613579, 45.5219691 ], [ -73.6138168, 45.5216947 ], [ -73.6140828, 45.5214011 ], [ -73.6141073, 45.5213735 ], [ -73.6141634, 45.5213102 ] ] } },
{ "type": "Feature", "properties": { "u": 437733314, "v": 1851835123, "key": 0, "highway": "secondary", "length_km": 0.039905538457993175, "h_neige": 5.11, "is_crit_security_social": true, "is_crit_economique": true, "quartier": "outremont", "scenario_1": true, "scenario_2": true, "scenario_3": true }, "geometry": { "type": "LineString", "coordinates": [ [ -73.5952668, 45.5180138 ], [ -73.5953228, 45.5179501 ], [ -73.5955344, 45.5177078 ] ] } },
{ "type": "Feature", "properties": { "u": 437788171, "v": 209364977, "key": 0, "highway": "secondary", "length_km": 0.087091714086506802, "h_neige": 7.31, "is_crit_security_social": true, "is_crit_economique": true, "quartier": "outremont", "scenario_1": true, "scenario_2": true, "scenario_3": true }, "geometry": { "type": "LineString", "coordinates": [ [ -73.6174017, 45.5176783 ], [ -73.6174398, 45.5176356 ], [ -73.6174662, 45.5176061 ], [ -73.6179245, 45.5170934 ], [ -73.6179637, 45.5170495 ], [ -73.617995, 45.5170145 ] ] } },
{ "type": "Feature", "properties": { "u": 437788171, "v": 437719778, "key": 0, "highway": "secondary", "length_km": 0.08746811880819963, "h_neige": 8.88, "is_crit_security_social": true, "is_crit_economique": true, "quartier": "outremont", "scenario_1": true, "scenario_2": true, "scenario_3": true }, "geometry": { "type": "LineString", "coordinates": [ [ -73.6174017, 45.5176783 ], [ -73.6173711, 45.5177124 ], [ -73.6173387, 45.5177484 ], [ -73.6168615, 45.5182793 ], [ -73.6168329, 45.5183112 ], [ -73.6168034, 45.5183439 ] ] } },
{ "type": "Feature", "properties": { "u": 471725443, "v": 126066962, "key": 0, "highway": "residential", "length_km": 0.30682901146553804, "h_neige": 15.9, "is_crit_security_social": true, "is_crit_economique": false, "quartier": "outremont", "scenario_1": true, "scenario_2": false, "scenario_3": true }, "geometry": { "type": "LineString", "coordinates": [ [ -73.6089123, 45.5198898 ], [ -73.6088235, 45.5198415 ], [ -73.6085737, 45.5197294 ], [ -73.6084827, 45.5197018 ], [ -73.6084683, 45.5196994 ], [ -73.6057054, 45.5184665 ], [ -73.6056611, 45.5184469 ], [ -73.6055894, 45.5184122 ] ] } },
{ "type": "Feature", "properties": { "u": 471725443, "v": 471725446, "key": 0, "highway": "residential", "length_km": 0.086281954181452472, "h_neige": 19.0, "is_crit_security_social": true, "is_crit_economique": false, "quartier": "outremont", "scenario_1": true, "scenario_2": false, "scenario_3": true }, "geometry": { "type": "LineString", "coordinates": [ [ -73.6089123, 45.5198898 ], [ -73.6088712, 45.5199384 ], [ -73.6088469, 45.5199655 ], [ -73.6083773, 45.5204762 ], [ -73.608362, 45.5204928 ], [ -73.6083178, 45.5205444 ] ] } },
{ "type": "Feature", "properties": { "u": 471725443, "v": 310683067, "key": 0, "highway": "residential", "length_km": 0.086018968109787972, "h_neige": 8.28, "is_crit_security_social": true, "is_crit_economique": false, "quartier": "outremont", "scenario_1": true, "scenario_2": false, "scenario_3": true }, "geometry": { "type": "LineString", "coordinates": [ [ -73.6089123, 45.5198898 ], [ -73.6089523, 45.5198466 ], [ -73.6089712, 45.5198262 ], [ -73.6093781, 45.5193642 ], [ -73.6094424, 45.5192912 ], [ -73.6094942, 45.5192324 ] ] } },
{ "type": "Feature", "properties": { "u": 471725446, "v": 221091281, "key": 0, "highway": "residential", "length_km": 0.30595764557289684, "h_neige": 1.4, "is_crit_security_social": true, "is_crit_economique": false, "quartier": "outremont", "scenario_1": true, "scenario_2": false, "scenario_3": true }, "geometry": { "type": "LineString", "coordinates": [ [ -73.6083178, 45.5205444 ], [ -73.608227, 45.5205038 ], [ -73.6082078, 45.5204954 ], [ -73.6078975, 45.5203596 ], [ -73.6078541, 45.5203412 ], [ -73.6072675, 45.520079 ], [ -73.6070574, 45.5199848 ], [ -73.6066004, 45.51978 ], [ -73.6059633, 45.5194978 ], [ -73.6051394, 45.5191302 ], [ -73.6050701, 45.519099 ], [ -73.6050041, 45.5190679 ] ] } },
{ "type": "Feature", "properties": { "u": 471725446, "v": 221106378, "key": 0, "highway": "residential", "length_km": 0.16846683418790764, "h_neige": 2.77, "is_crit_security_social": true, "is_crit_economique": false, "quartier": "outremont", "scenario_1": true, "scenario_2": false, "scenario_3": true }, "geometry": { "type": "LineString", "coordinates": [ [ -73.6083178, 45.5205444 ], [ -73.608405, 45.520582 ], [ -73.6084443, 45.5205997 ], [ -73.608782, 45.520752 ], [ -73.6097297, 45.5211706 ], [ -73.610065, 45.5213187 ], [ -73.6100949, 45.5213318 ], [ -73.6101456, 45.5213539 ] ] } },
{ "type": "Feature", "properties": { "u": 471725446, "v": 221106464, "key": 0, "highway": "residential", "length_km": 0.082638546986788394, "h_neige": 1.25, "is_crit_security_social": true, "is_crit_economique": false, "quartier": "outremont", "scenario_1": true, "scenario_2": false, "scenario_3": true }, "geometry": { "type": "LineString", "coordinates": [ [ -73.6083178, 45.5205444 ], [ -73.608275, 45.5205924 ], [ -73.608247, 45.5206239 ], [ -73.6079172, 45.5209954 ], [ -73.6078102, 45.5211159 ], [ -73.6077958, 45.5211345 ], [ -73.6077603, 45.5211766 ] ] } },
{ "type": "Feature", "properties": { "u": 471725446, "v": 471725443, "key": 0, "highway": "residential", "length_km": 0.086281954181452444, "h_neige": 15.6, "is_crit_security_social": true, "is_crit_economique": false, "quartier": "outremont", "scenario_1": true, "scenario_2": false, "scenario_3": true }, "geometry": { "type": "LineString", "coordinates": [ [ -73.6083178, 45.5205444 ], [ -73.608362, 45.5204928 ], [ -73.6083773, 45.5204762 ], [ -73.6088469, 45.5199655 ], [ -73.6088712, 45.5199384 ], [ -73.6089123, 45.5198898 ] ] } },
{ "type": "Feature", "properties": { "u": 491202324, "v": 209390694, "key": 0, "highway": "residential", "length_km": 0.26291363076501728, "h_neige": 8.4, "is_crit_security_social": true, "is_crit_economique": false, "quartier": "outremont", "scenario_1": true, "scenario_2": false, "scenario_3": true }, "geometry": { "type": "LineString", "coordinates": [ [ -73.6133377, 45.5177958 ], [ -73.6134021, 45.5178264 ], [ -73.6140381, 45.5181081 ], [ -73.6147307, 45.5184211 ], [ -73.6154459, 45.5187463 ], [ -73.6154662, 45.5187561 ], [ -73.6157192, 45.5188686 ], [ -73.6160136, 45.5190005 ], [ -73.6160768, 45.5190119 ], [ -73.616205, 45.5190181 ] ] } },
{ "type": "Feature", "properties": { "u": 514112190, "v": 126094069, "key": 0, "highway": "residential", "length_km": 0.074521713686795915, "h_neige": 18.26, "is_crit_security_social": true, "is_crit_economique": false, "quartier": "outremont", "scenario_1": true, "scenario_2": false, "scenario_3": true }, "geometry": { "type": "LineString", "coordinates": [ [ -73.6158042, 45.5207288 ], [ -73.615754, 45.5207051 ], [ -73.615505, 45.5205877 ], [ -73.615378, 45.5205325 ], [ -73.6152165, 45.5204588 ], [ -73.6151302, 45.5204194 ], [ -73.6150962, 45.5204071 ], [ -73.6149963, 45.520371 ] ] } },
{ "type": "Feature", "properties": { "u": 514112191, "v": 514112190, "key": 0, "highway": "residential", "length_km": 0.12324728452057813, "h_neige": 10.74, "is_crit_security_social": true, "is_crit_economique": false, "quartier": "outremont", "scenario_1": true, "scenario_2": false, "scenario_3": true }, "geometry": { "type": "LineString", "coordinates": [ [ -73.6149676, 45.5216695 ], [ -73.6149997, 45.5216331 ], [ -73.6152665, 45.521329 ], [ -73.6157799, 45.5207559 ], [ -73.6158042, 45.5207288 ] ] } },
{ "type": "Feature", "properties": { "u": 514112191, "v": 9680726834, "key": 0, "highway": "residential", "length_km": 0.095172312696347086, "h_neige": 3.79, "is_crit_security_social": true, "is_crit_economique": false, "quartier": "outremont", "scenario_1": true, "scenario_2": false, "scenario_3": true }, "geometry": { "type": "LineString", "coordinates": [ [ -73.6149676, 45.5216695 ], [ -73.6150237, 45.5216945 ], [ -73.6155627, 45.5219351 ], [ -73.615913, 45.5220877 ], [ -73.6159419, 45.5221024 ], [ -73.6159994, 45.5221276 ] ] } },
{ "type": "Feature", "properties": { "u": 526533292, "v": 596999788, "key": 0, "highway": "residential", "length_km": 0.091551077748041582, "h_neige": 8.48, "is_crit_security_social": true, "is_crit_economique": false, "quartier": "outremont", "scenario_1": true, "scenario_2": false, "scenario_3": true }, "geometry": { "type": "LineString", "coordinates": [ [ -73.6103261, 45.5183018 ], [ -73.610434, 45.5183486 ], [ -73.6104954, 45.5183753 ], [ -73.611317, 45.5187443 ] ] } },
{ "type": "Feature", "properties": { "u": 526533292, "v": 596999797, "key": 0, "highway": "residential", "length_km": 0.0894382150268552, "h_neige": 18.61, "is_crit_security_social": true, "is_crit_economique": false, "quartier": "outremont", "scenario_1": true, "scenario_2": false, "scenario_3": true }, "geometry": { "type": "LineString", "coordinates": [ [ -73.6103261, 45.5183018 ], [ -73.6102172, 45.5182505 ], [ -73.6101712, 45.5182311 ], [ -73.6093628, 45.5178644 ] ] } },
{ "type": "Feature", "properties": { "u": 526533292, "v": 221112989, "key": 0, "highway": "residential", "length_km": 0.094509910001800798, "h_neige": 18.75, "is_crit_security_social": true, "is_crit_economique": false, "quartier": "outremont", "scenario_1": true, "scenario_2": false, "scenario_3": true }, "geometry": { "type": "LineString", "coordinates": [ [ -73.6103261, 45.5183018 ], [ -73.6104221, 45.5182594 ], [ -73.6105226, 45.5181997 ], [ -73.6109746, 45.5176945 ], [ -73.6109942, 45.5176711 ], [ -73.6110337, 45.5176239 ] ] } },
{ "type": "Feature", "properties": { "u": 526533292, "v": 310683067, "key": 0, "highway": "residential", "length_km": 0.12211044885168287, "h_neige": 18.98, "is_crit_security_social": true, "is_crit_economique": false, "quartier": "outremont", "scenario_1": true, "scenario_2": false, "scenario_3": true }, "geometry": { "type": "LineString", "coordinates": [ [ -73.6103261, 45.5183018 ], [ -73.6102934, 45.5183342 ], [ -73.6102766, 45.5183547 ], [ -73.6100529, 45.5186035 ], [ -73.6097731, 45.5189195 ], [ -73.609568, 45.5191496 ], [ -73.6095375, 45.5191838 ], [ -73.6094942, 45.5192324 ] ] } },
{ "type": "Feature", "properties": { "u": 596988539, "v": 29795237, "key": 0, "highway": "secondary", "length_km": 0.1386280588263821, "h_neige": 4.77, "is_crit_security_social": true, "is_crit_economique": true, "quartier": "outremont", "scenario_1": true, "scenario_2": true, "scenario_3": true }, "geometry": { "type": "LineString", "coordinates": [ [ -73.5902655, 45.5157881 ], [ -73.590341, 45.515816 ], [ -73.5904044, 45.5158394 ], [ -73.5904459, 45.5158567 ], [ -73.5906856, 45.515955 ], [ -73.5909326, 45.5160532 ], [ -73.5912189, 45.5161395 ], [ -73.5913693, 45.5161632 ], [ -73.5914399, 45.5161619 ], [ -73.5915779, 45.5161487 ], [ -73.591722, 45.5161237 ], [ -73.5918987, 45.5160787 ] ] } },
{ "type": "Feature", "properties": { "u": 596999735, "v": 209387056, "key": 0, "highway": "residential", "length_km": 0.060809266514711288, "h_neige": 2.11, "is_crit_security_social": true, "is_crit_economique": false, "quartier": "outremont", "scenario_1": true, "scenario_2": false, "scenario_3": true }, "geometry": { "type": "LineString", "coordinates": [ [ -73.6148041, 45.512744 ], [ -73.6147417, 45.5127143 ], [ -73.6143091, 45.5125193 ], [ -73.6142533, 45.5124836 ], [ -73.6141684, 45.5124292 ] ] } },
{ "type": "Feature", "properties": { "u": 596999744, "v": 31700224, "key": 0, "highway": "secondary", "length_km": 0.039645645626512419, "h_neige": 5.86, "is_crit_security_social": true, "is_crit_economique": true, "quartier": "outremont", "scenario_1": true, "scenario_2": true, "scenario_3": true }, "geometry": { "type": "LineString", "coordinates": [ [ -73.6125329, 45.5133226 ], [ -73.6121351, 45.5135449 ] ] } },
{ "type": "Feature", "properties": { "u": 596999744, "v": 213649409, "key": 0, "highway": "secondary", "length_km": 0.057442442001212242, "h_neige": 6.07, "is_crit_security_social": true, "is_crit_economique": true, "quartier": "outremont", "scenario_1": true, "scenario_2": true, "scenario_3": true }, "geometry": { "type": "LineString", "coordinates": [ [ -73.6125329, 45.5133226 ], [ -73.612983, 45.5130669 ], [ -73.6130167, 45.5130484 ], [ -73.6131074, 45.5129989 ] ] } },
{ "type": "Feature", "properties": { "u": 596999769, "v": 596999813, "key": 0, "highway": "residential", "length_km": 0.11894291372772005, "h_neige": 12.44, "is_crit_security_social": true, "is_crit_economique": false, "quartier": "outremont", "scenario_1": true, "scenario_2": false, "scenario_3": true }, "geometry": { "type": "LineString", "coordinates": [ [ -73.6140126, 45.5199666 ], [ -73.6139887, 45.5199944 ], [ -73.6137488, 45.5202614 ], [ -73.6134051, 45.5206438 ], [ -73.6132561, 45.5208244 ], [ -73.6132124, 45.5208774 ] ] } },
{ "type": "Feature", "properties": { "u": 596999769, "v": 596999811, "key": 0, "highway": "residential", "length_km": 0.090419320312676951, "h_neige": 4.07, "is_crit_security_social": true, "is_crit_economique": false, "quartier": "outremont", "scenario_1": true, "scenario_2": false, "scenario_3": true }, "geometry": { "type": "LineString", "coordinates": [ [ -73.6140126, 45.5199666 ], [ -73.6136563, 45.5198041 ], [ -73.6131062, 45.5195579 ], [ -73.613036, 45.5195273 ] ] } },
{ "type": "Feature", "properties": { "u": 596999772, "v": 596999783, "key": 0, "highway": "residential", "length_km": 0.16204588505969472, "h_neige": 19.22, "is_crit_security_social": true, "is_crit_economique": false, "quartier": "outremont", "scenario_1": true, "scenario_2": false, "scenario_3": true }, "geometry": { "type": "LineString", "coordinates": [ [ -73.6134292, 45.5176892 ], [ -73.6133706, 45.5176632 ], [ -73.6128338, 45.5174233 ], [ -73.6122661, 45.5171712 ], [ -73.6117665, 45.5169402 ], [ -73.6117417, 45.5169285 ], [ -73.6116802, 45.5169007 ] ] } },
{ "type": "Feature", "properties": { "u": 596999773, "v": 596999784, "key": 0, "highway": "residential", "length_km": 0.013660029873604936, "h_neige": 1.56, "is_crit_security_social": true, "is_crit_economique": false, "quartier": "outremont", "scenario_1": true, "scenario_2": false, "scenario_3": true }, "geometry": { "type": "LineString", "coordinates": [ [ -73.6114344, 45.5169441 ], [ -73.6115837, 45.5170085 ] ] } },
{ "type": "Feature", "properties": { "u": 596999773, "v": 596999795, "key": 0, "highway": "residential", "length_km": 0.079934996888482684, "h_neige": 8.98, "is_crit_security_social": true, "is_crit_economique": false, "quartier": "outremont", "scenario_1": true, "scenario_2": false, "scenario_3": true }, "geometry": { "type": "LineString", "coordinates": [ [ -73.6114344, 45.5169441 ], [ -73.6114054, 45.51698 ], [ -73.610975, 45.5174574 ], [ -73.6109517, 45.5174854 ], [ -73.6108934, 45.5175548 ] ] } },
{ "type": "Feature", "properties": { "u": 596999774, "v": 596999773, "key": 0, "highway": "residential", "length_km": 0.014059499471902966, "h_neige": 9.92, "is_crit_security_social": true, "is_crit_economique": false, "quartier": "outremont", "scenario_1": true, "scenario_2": false, "scenario_3": true }, "geometry": { "type": "LineString", "coordinates": [ [ -73.611528, 45.516836 ], [ -73.6114344, 45.5169441 ] ] } },
{ "type": "Feature", "properties": { "u": 596999774, "v": 3691019539, "key": 0, "highway": "residential", "length_km": 0.041442468890396371, "h_neige": 0.14, "is_crit_security_social": true, "is_crit_economique": false, "quartier": "outremont", "scenario_1": true, "scenario_2": false, "scenario_3": true }, "geometry": { "type": "LineString", "coordinates": [ [ -73.611528, 45.516836 ], [ -73.6114621, 45.5168094 ], [ -73.6110779, 45.5166375 ] ] } },
{ "type": "Feature", "properties": { "u": 596999783, "v": 596999774, "key": 0, "highway": "residential", "length_km": 0.013870244066455395, "h_neige": 6.93, "is_crit_security_social": true, "is_crit_economique": false, "quartier": "outremont", "scenario_1": true, "scenario_2": false, "scenario_3": true }, "geometry": { "type": "LineString", "coordinates": [ [ -73.6116802, 45.5169007 ], [ -73.611528, 45.516836 ] ] } },
{ "type": "Feature", "properties": { "u": 596999783, "v": 126073338, "key": 0, "highway": "residential", "length_km": 0.0823139980475011, "h_neige": 11.51, "is_crit_security_social": true, "is_crit_economique": false, "quartier": "outremont", "scenario_1": true, "scenario_2": false, "scenario_3": true }, "geometry": { "type": "LineString", "coordinates": [ [ -73.6116802, 45.5169007 ], [ -73.6117139, 45.5168633 ], [ -73.6121315, 45.5163919 ], [ -73.6121403, 45.5163387 ], [ -73.612144, 45.5163135 ], [ -73.6121529, 45.5162515 ] ] } },
{ "type": "Feature", "properties": { "u": 596999784, "v": 596999783, "key": 0, "highway": "residential", "length_km": 0.014149743369842194, "h_neige": 12.24, "is_crit_security_social": true, "is_crit_economique": false, "quartier": "outremont", "scenario_1": true, "scenario_2": false, "scenario_3": true }, "geometry": { "type": "LineString", "coordinates": [ [ -73.6115837, 45.5170085 ], [ -73.6116802, 45.5169007 ] ] } },
{ "type": "Feature", "properties": { "u": 596999784, "v": 491202324, "key": 0, "highway": "residential", "length_km": 0.16230242802176392, "h_neige": 15.54, "is_crit_security_social": true, "is_crit_economique": false, "quartier": "outremont", "scenario_1": true, "scenario_2": false, "scenario_3": true }, "geometry": { "type": "LineString", "coordinates": [ [ -73.6115837, 45.5170085 ], [ -73.6116398, 45.5170327 ], [ -73.6121747, 45.5172691 ], [ -73.6127421, 45.5175249 ], [ -73.613249, 45.5177562 ], [ -73.6132774, 45.5177678 ], [ -73.6133377, 45.5177958 ] ] } },
{ "type": "Feature", "properties": { "u": 596999788, "v": 526533292, "key": 0, "highway": "residential", "length_km": 0.091551077748041568, "h_neige": 3.68, "is_crit_security_social": true, "is_crit_economique": false, "quartier": "outremont", "scenario_1": true, "scenario_2": false, "scenario_3": true }, "geometry": { "type": "LineString", "coordinates": [ [ -73.611317, 45.5187443 ], [ -73.6104954, 45.5183753 ], [ -73.610434, 45.5183486 ], [ -73.6103261, 45.5183018 ] ] } },
{ "type": "Feature", "properties": { "u": 596999788, "v": 1420077705, "key": 0, "highway": "residential", "length_km": 0.12242504259983832, "h_neige": 3.67, "is_crit_security_social": true, "is_crit_economique": false, "quartier": "outremont", "scenario_1": true, "scenario_2": false, "scenario_3": true }, "geometry": { "type": "LineString", "coordinates": [ [ -73.611317, 45.5187443 ], [ -73.6112829, 45.5187815 ], [ -73.611042, 45.5190446 ], [ -73.6107572, 45.5193636 ], [ -73.6105498, 45.5195902 ], [ -73.6105334, 45.5196083 ], [ -73.6104744, 45.5196736 ] ] } },
{ "type": "Feature", "properties": { "u": 596999794, "v": 596999797, "key": 0, "highway": "residential", "length_km": 0.08074857654874458, "h_neige": 6.71, "is_crit_security_social": true, "is_crit_economique": false, "quartier": "outremont", "scenario_1": true, "scenario_2": false, "scenario_3": true }, "geometry": { "type": "LineString", "coordinates": [ [ -73.6084965, 45.5174658 ], [ -73.6085877, 45.5175075 ], [ -73.6088828, 45.5176417 ], [ -73.6093628, 45.5178644 ] ] } },
{ "type": "Feature", "properties": { "u": 596999794, "v": 596999847, "key": 0, "highway": "residential", "length_km": 0.1230193552823393, "h_neige": 16.83, "is_crit_security_social": true, "is_crit_economique": false, "quartier": "outremont", "scenario_1": true, "scenario_2": false, "scenario_3": true }, "geometry": { "type": "LineString", "coordinates": [ [ -73.6084965, 45.5174658 ], [ -73.6084397, 45.5175277 ], [ -73.6081624, 45.5178202 ], [ -73.6079819, 45.518019 ], [ -73.6079703, 45.5180318 ], [ -73.6076674, 45.5183655 ], [ -73.6076403, 45.5183953 ] ] } },
{ "type": "Feature", "properties": { "u": 596999795, "v": 221112989, "key": 0, "highway": "residential", "length_km": 0.013361488185903528, "h_neige": 4.49, "is_crit_security_social": true, "is_crit_economique": false, "quartier": "outremont", "scenario_1": true, "scenario_2": false, "scenario_3": true }, "geometry": { "type": "LineString", "coordinates": [ [ -73.6108934, 45.5175548 ], [ -73.6110337, 45.5176239 ] ] } },
{ "type": "Feature", "properties": { "u": 596999795, "v": 526533292, "key": 0, "highway": "residential", "length_km": 0.095302419155892978, "h_neige": 3.08, "is_crit_security_social": true, "is_crit_economique": false, "quartier": "outremont", "scenario_1": true, "scenario_2": false, "scenario_3": true }, "geometry": { "type": "LineString", "coordinates": [ [ -73.6108934, 45.5175548 ], [ -73.6108403, 45.5176011 ], [ -73.6104084, 45.5180781 ], [ -73.6103741, 45.5181316 ], [ -73.6103458, 45.5181967 ], [ -73.6103384, 45.5182232 ], [ -73.6103261, 45.5183018 ] ] } },
{ "type": "Feature", "properties": { "u": 596999795, "v": 221112922, "key": 0, "highway": "residential", "length_km": 0.29989016672928592, "h_neige": 5.19, "is_crit_security_social": true, "is_crit_economique": false, "quartier": "outremont", "scenario_1": true, "scenario_2": false, "scenario_3": true }, "geometry": { "type": "LineString", "coordinates": [ [ -73.6108934, 45.5175548 ], [ -73.6108342, 45.5175224 ], [ -73.6107847, 45.5174963 ], [ -73.6104992, 45.5173685 ], [ -73.6100307, 45.5171558 ], [ -73.6095818, 45.5169519 ], [ -73.6092201, 45.5167895 ], [ -73.6088198, 45.5166098 ], [ -73.6085674, 45.5164966 ], [ -73.607769, 45.5161384 ], [ -73.6077432, 45.5161264 ], [ -73.6076636, 45.5160885 ] ] } },
{ "type": "Feature", "properties": { "u": 596999797, "v": 526533292, "key": 0, "highway": "residential", "length_km": 0.0894382150268552, "h_neige": 11.15, "is_crit_security_social": true, "is_crit_economique": false, "quartier": "outremont", "scenario_1": true, "scenario_2": false, "scenario_3": true }, "geometry": { "type": "LineString", "coordinates": [ [ -73.6093628, 45.5178644 ], [ -73.6101712, 45.5182311 ], [ -73.6102172, 45.5182505 ], [ -73.6103261, 45.5183018 ] ] } },
{ "type": "Feature", "properties": { "u": 596999797, "v": 596999794, "key": 0, "highway": "residential", "length_km": 0.08074857654874458, "h_neige": 12.36, "is_crit_security_social": true, "is_crit_economique": false, "quartier": "outremont", "scenario_1": true, "scenario_2": false, "scenario_3": true }, "geometry": { "type": "LineString", "coordinates": [ [ -73.6093628, 45.5178644 ], [ -73.6088828, 45.5176417 ], [ -73.6085877, 45.5175075 ], [ -73.6084965, 45.5174658 ] ] } },
{ "type": "Feature", "properties": { "u": 596999797, "v": 1420077700, "key": 0, "highway": "residential", "length_km": 0.12269469315486353, "h_neige": 5.35, "is_crit_security_social": true, "is_crit_economique": false, "quartier": "outremont", "scenario_1": true, "scenario_2": false, "scenario_3": true }, "geometry": { "type": "LineString", "coordinates": [ [ -73.6093628, 45.5178644 ], [ -73.6093335, 45.5178979 ], [ -73.6085564, 45.5187588 ], [ -73.6085216, 45.5187972 ] ] } },
{ "type": "Feature", "properties": { "u": 596999812, "v": 596999813, "key": 0, "highway": "residential", "length_km": 0.091455995011036545, "h_neige": 10.57, "is_crit_security_social": true, "is_crit_economique": false, "quartier": "outremont", "scenario_1": true, "scenario_2": false, "scenario_3": true }, "geometry": { "type": "LineString", "coordinates": [ [ -73.6122208, 45.5204372 ], [ -73.6126908, 45.5206463 ], [ -73.6132124, 45.5208774 ] ] } },
{ "type": "Feature", "properties": { "u": 596999813, "v": 596999812, "key": 0, "highway": "residential", "length_km": 0.091455995011036545, "h_neige": 19.59, "is_crit_security_social": true, "is_crit_economique": false, "quartier": "outremont", "scenario_1": true, "scenario_2": false, "scenario_3": true }, "geometry": { "type": "LineString", "coordinates": [ [ -73.6132124, 45.5208774 ], [ -73.6126908, 45.5206463 ], [ -73.6122208, 45.5204372 ] ] } },
{ "type": "Feature", "properties": { "u": 596999813, "v": 221106425, "key": 0, "highway": "residential", "length_km": 0.088358033323623061, "h_neige": 3.9, "is_crit_security_social": true, "is_crit_economique": false, "quartier": "outremont", "scenario_1": true, "scenario_2": false, "scenario_3": true }, "geometry": { "type": "LineString", "coordinates": [ [ -73.6132124, 45.5208774 ], [ -73.6137221, 45.5211057 ], [ -73.6138503, 45.5211635 ], [ -73.6140365, 45.5212484 ], [ -73.6140686, 45.521263 ], [ -73.6141634, 45.5213102 ] ] } },
{ "type": "Feature", "properties": { "u": 596999847, "v": 596999794, "key": 0, "highway": "residential", "length_km": 0.12301935528233929, "h_neige": 14.5, "is_crit_security_social": true, "is_crit_economique": false, "quartier": "outremont", "scenario_1": true, "scenario_2": false, "scenario_3": true }, "geometry": { "type": "LineString", "coordinates": [ [ -73.6076403, 45.5183953 ], [ -73.6076674, 45.5183655 ], [ -73.6079703, 45.5180318 ], [ -73.6079819, 45.518019 ], [ -73.6081624, 45.5178202 ], [ -73.6084397, 45.5175277 ], [ -73.6084965, 45.5174658 ] ] } },
{ "type": "Feature", "properties": { "u": 596999847, "v": 221091652, "key": 0, "highway": "residential", "length_km": 0.13448533630306364, "h_neige": 0.33, "is_crit_security_social": true, "is_crit_economique": false, "quartier": "outremont", "scenario_1": true, "scenario_2": false, "scenario_3": true }, "geometry": { "type": "LineString", "coordinates": [ [ -73.6076403, 45.5183953 ], [ -73.606304, 45.5178104 ], [ -73.6062486, 45.5177889 ], [ -73.6061747, 45.5177565 ] ] } },
{ "type": "Feature", "properties": { "u": 664167873, "v": 209387046, "key": 0, "highway": "secondary", "length_km": 0.092597382715237819, "h_neige": 6.22, "is_crit_security_social": true, "is_crit_economique": true, "quartier": "outremont", "scenario_1": true, "scenario_2": true, "scenario_3": true }, "geometry": { "type": "LineString", "coordinates": [ [ -73.6204361, 45.5142831 ], [ -73.6204002, 45.5143229 ], [ -73.620378, 45.5143477 ], [ -73.6198589, 45.5149284 ], [ -73.6198375, 45.5149521 ], [ -73.6198045, 45.5149885 ] ] } },
{ "type": "Feature", "properties": { "u": 1420077700, "v": 596999847, "key": 0, "highway": "residential", "length_km": 0.081925867623651255, "h_neige": 14.21, "is_crit_security_social": true, "is_crit_economique": false, "quartier": "outremont", "scenario_1": true, "scenario_2": false, "scenario_3": true }, "geometry": { "type": "LineString", "coordinates": [ [ -73.6085216, 45.5187972 ], [ -73.6076403, 45.5183953 ] ] } },
{ "type": "Feature", "properties": { "u": 1420077700, "v": 596999797, "key": 0, "highway": "residential", "length_km": 0.12269469315486353, "h_neige": 16.9, "is_crit_security_social": true, "is_crit_economique": false, "quartier": "outremont", "scenario_1": true, "scenario_2": false, "scenario_3": true }, "geometry": { "type": "LineString", "coordinates": [ [ -73.6085216, 45.5187972 ], [ -73.6085564, 45.5187588 ], [ -73.6093335, 45.5178979 ], [ -73.6093628, 45.5178644 ] ] } },
{ "type": "Feature", "properties": { "u": 1420077705, "v": 310683067, "key": 0, "highway": "residential", "length_km": 0.090778972974484756, "h_neige": 7.41, "is_crit_security_social": true, "is_crit_economique": false, "quartier": "outremont", "scenario_1": true, "scenario_2": false, "scenario_3": true }, "geometry": { "type": "LineString", "coordinates": [ [ -73.6104744, 45.5196736 ], [ -73.6102031, 45.5195553 ], [ -73.6099513, 45.5194415 ], [ -73.6098185, 45.5193814 ], [ -73.6096456, 45.5193043 ], [ -73.6095897, 45.5192794 ], [ -73.6094942, 45.5192324 ] ] } },
{ "type": "Feature", "properties": { "u": 1420077705, "v": 221106387, "key": 0, "highway": "residential", "length_km": 0.078749088307149592, "h_neige": 7.36, "is_crit_security_social": true, "is_crit_economique": false, "quartier": "outremont", "scenario_1": true, "scenario_2": false, "scenario_3": true }, "geometry": { "type": "LineString", "coordinates": [ [ -73.6104744, 45.5196736 ], [ -73.6112332, 45.5200077 ], [ -73.6112699, 45.5200227 ], [ -73.6113323, 45.520048 ] ] } },
{ "type": "Feature", "properties": { "u": 1765630408, "v": 5415829812, "key": 0, "highway": "secondary", "length_km": 0.044902005348197188, "h_neige": 6.45, "is_crit_security_social": true, "is_crit_economique": true, "quartier": "outremont", "scenario_1": true, "scenario_2": true, "scenario_3": true }, "geometry": { "type": "LineString", "coordinates": [ [ -73.6162905, 45.5110056 ], [ -73.6159805, 45.511346 ] ] } },
{ "type": "Feature", "properties": { "u": 1765630408, "v": 1765657075, "key": 0, "highway": "secondary", "length_km": 0.077781568975649806, "h_neige": 13.49, "is_crit_security_social": true, "is_crit_economique": true, "quartier": "outremont", "scenario_1": true, "scenario_2": true, "scenario_3": true }, "geometry": { "type": "LineString", "coordinates": [ [ -73.6162905, 45.5110056 ], [ -73.6167094, 45.5105457 ], [ -73.6167335, 45.5105176 ], [ -73.6167574, 45.5104898 ], [ -73.6168235, 45.5104142 ] ] } },
{ "type": "Feature", "properties": { "u": 1765630408, "v": 1975853544, "key": 0, "highway": "residential", "length_km": 0.072065006158144401, "h_neige": 17.42, "is_crit_security_social": true, "is_crit_economique": false, "quartier": "outremont", "scenario_1": true, "scenario_2": false, "scenario_3": true }, "geometry": { "type": "LineString", "coordinates": [ [ -73.6162905, 45.5110056 ], [ -73.6164162, 45.5110486 ], [ -73.6164373, 45.5110565 ], [ -73.6168841, 45.511256 ], [ -73.6170791, 45.5113431 ] ] } },
{ "type": "Feature", "properties": { "u": 1765630409, "v": 209365004, "key": 0, "highway": "residential", "length_km": 0.21803090501561606, "h_neige": 11.2, "is_crit_security_social": true, "is_crit_economique": false, "quartier": "outremont", "scenario_1": true, "scenario_2": false, "scenario_3": true }, "geometry": { "type": "LineString", "coordinates": [ [ -73.620438, 45.5171594 ], [ -73.6205002, 45.5172002 ], [ -73.6213821, 45.5175832 ], [ -73.6216241, 45.5176909 ], [ -73.6216762, 45.5177127 ], [ -73.6217457, 45.5177379 ], [ -73.6217838, 45.5177462 ], [ -73.6218267, 45.5177511 ], [ -73.6218722, 45.5177524 ], [ -73.6219192, 45.5177496 ], [ -73.6219686, 45.5177406 ], [ -73.6220224, 45.5177265 ], [ -73.6220741, 45.5177116 ], [ -73.6221829, 45.5176718 ], [ -73.6222482, 45.5176442 ], [ -73.6223301, 45.5176119 ], [ -73.6224331, 45.5175594 ], [ -73.6224978, 45.5175275 ], [ -73.6226019, 45.5174636 ], [ -73.6226375, 45.5174408 ], [ -73.6226763, 45.5174093 ], [ -73.6227294, 45.5173549 ], [ -73.6227689, 45.5173144 ] ] } },
{ "type": "Feature", "properties": { "u": 1765630410, "v": 209390694, "key": 0, "highway": "residential", "length_km": 0.16937260449214922, "h_neige": 17.01, "is_crit_security_social": true, "is_crit_economique": false, "quartier": "outremont", "scenario_1": true, "scenario_2": false, "scenario_3": true }, "geometry": { "type": "LineString", "coordinates": [ [ -73.6180413, 45.5198334 ], [ -73.6179935, 45.5198122 ], [ -73.6176161, 45.5196446 ], [ -73.616653, 45.519217 ], [ -73.6163556, 45.519085 ], [ -73.6162944, 45.5190578 ], [ -73.616205, 45.5190181 ] ] } },
{ "type": "Feature", "properties": { "u": 1765657075, "v": 1765630408, "key": 0, "highway": "secondary", "length_km": 0.077781568975649806, "h_neige": 5.6, "is_crit_security_social": true, "is_crit_economique": true, "quartier": "outremont", "scenario_1": true, "scenario_2": true, "scenario_3": true }, "geometry": { "type": "LineString", "coordinates": [ [ -73.6168235, 45.5104142 ], [ -73.6167574, 45.5104898 ], [ -73.6167335, 45.5105176 ], [ -73.6167094, 45.5105457 ], [ -73.6162905, 45.5110056 ] ] } },
{ "type": "Feature", "properties": { "u": 1765657081, "v": 209364967, "key": 0, "highway": "residential", "length_km": 0.15567919413296685, "h_neige": 16.0, "is_crit_security_social": true, "is_crit_economique": false, "quartier": "outremont", "scenario_1": true, "scenario_2": false, "scenario_3": true }, "geometry": { "type": "LineString", "coordinates": [ [ -73.6198309, 45.5178321 ], [ -73.6199107, 45.517866 ], [ -73.6199839, 45.5178979 ], [ -73.6203018, 45.5180424 ], [ -73.6214257, 45.5185421 ], [ -73.6214634, 45.5185602 ], [ -73.6215153, 45.5185851 ] ] } },
{ "type": "Feature", "properties": { "u": 1825900796, "v": 221106437, "key": 0, "highway": "secondary", "length_km": 0.086515393101883678, "h_neige": 14.44, "is_crit_security_social": true, "is_crit_economique": true, "quartier": "outremont", "scenario_1": true, "scenario_2": true, "scenario_3": true }, "geometry": { "type": "LineString", "coordinates": [ [ -73.6108413, 45.525022 ], [ -73.6111376, 45.5246971 ], [ -73.6113882, 45.524415 ], [ -73.6114318, 45.5243631 ] ] } },
{ "type": "Feature", "properties": { "u": 1851835123, "v": 437733314, "key": 0, "highway": "secondary", "length_km": 0.039905538457993175, "h_neige": 13.38, "is_crit_security_social": true, "is_crit_economique": true, "quartier": "outremont", "scenario_1": true, "scenario_2": true, "scenario_3": true }, "geometry": { "type": "LineString", "coordinates": [ [ -73.5955344, 45.5177078 ], [ -73.5953228, 45.5179501 ], [ -73.5952668, 45.5180138 ] ] } },
{ "type": "Feature", "properties": { "u": 1851835123, "v": 31700819, "key": 0, "highway": "secondary", "length_km": 0.080008546759757992, "h_neige": 0.09, "is_crit_security_social": true, "is_crit_economique": true, "quartier": "outremont", "scenario_1": true, "scenario_2": true, "scenario_3": true }, "geometry": { "type": "LineString", "coordinates": [ [ -73.5955344, 45.5177078 ], [ -73.5958097, 45.5173964 ], [ -73.5960742, 45.5170957 ] ] } },
{ "type": "Feature", "properties": { "u": 1857963725, "v": 221106378, "key": 0, "highway": "residential", "length_km": 0.083435316034854559, "h_neige": 5.44, "is_crit_security_social": true, "is_crit_economique": false, "quartier": "outremont", "scenario_1": true, "scenario_2": false, "scenario_3": true }, "geometry": { "type": "LineString", "coordinates": [ [ -73.6095833, 45.5219925 ], [ -73.6096173, 45.5219533 ], [ -73.609645, 45.5219212 ], [ -73.610073, 45.5214361 ], [ -73.6100996, 45.521406 ], [ -73.6101456, 45.5213539 ] ] } },
{ "type": "Feature", "properties": { "u": 1975853544, "v": 1765630408, "key": 0, "highway": "residential", "length_km": 0.072065006158144401, "h_neige": 18.72, "is_crit_security_social": true, "is_crit_economique": false, "quartier": "outremont", "scenario_1": true, "scenario_2": false, "scenario_3": true }, "geometry": { "type": "LineString", "coordinates": [ [ -73.6170791, 45.5113431 ], [ -73.6168841, 45.511256 ], [ -73.6164373, 45.5110565 ], [ -73.6164162, 45.5110486 ], [ -73.6162905, 45.5110056 ] ] } },
{ "type": "Feature", "properties": { "u": 2378096434, "v": 213955429, "key": 0, "highway": "residential", "length_km": 0.065993310978691613, "h_neige": 19.95, "is_crit_security_social": true, "is_crit_economique": false, "quartier": "outremont", "scenario_1": true, "scenario_2": false, "scenario_3": true }, "geometry": { "type": "LineString", "coordinates": [ [ -73.6206074, 45.5198148 ], [ -73.6206366, 45.5197267 ], [ -73.620657, 45.5196851 ], [ -73.6206803, 45.5196509 ], [ -73.6207077, 45.5196166 ], [ -73.6208099, 45.5195021 ], [ -73.6209031, 45.5193967 ], [ -73.6209388, 45.5193563 ], [ -73.6209981, 45.5192935 ] ] } },
{ "type": "Feature", "properties": { "u": 3382995922, "v": 303432802, "key": 0, "highway": "residential", "length_km": 0.10337989396115491, "h_neige": 12.02, "is_crit_security_social": true, "is_crit_economique": false, "quartier": "outremont", "scenario_1": true, "scenario_2": false, "scenario_3": true }, "geometry": { "type": "LineString", "coordinates": [ [ -73.6152552, 45.5120665 ], [ -73.6163003, 45.5125304 ], [ -73.6163768, 45.5125631 ] ] } },
{ "type": "Feature", "properties": { "u": 3405413274, "v": 126102457, "key": 0, "highway": "secondary", "length_km": 0.041441340782452346, "h_neige": 15.51, "is_crit_security_social": true, "is_crit_economique": true, "quartier": "outremont", "scenario_1": true, "scenario_2": true, "scenario_3": true }, "geometry": { "type": "LineString", "coordinates": [ [ -73.6084948, 45.5148055 ], [ -73.6086907, 45.5147523 ], [ -73.6088559, 45.5147068 ], [ -73.6089028, 45.5146947 ], [ -73.6089907, 45.5146708 ] ] } },
{ "type": "Feature", "properties": { "u": 3405413274, "v": 31700228, "key": 0, "highway": "secondary", "length_km": 0.1774064279201088, "h_neige": 16.29, "is_crit_security_social": true, "is_crit_economique": true, "quartier": "outremont", "scenario_1": true, "scenario_2": true, "scenario_3": true }, "geometry": { "type": "LineString", "coordinates": [ [ -73.6084948, 45.5148055 ], [ -73.6080508, 45.5149276 ], [ -73.6078466, 45.5149824 ], [ -73.6076875, 45.5150232 ], [ -73.6075691, 45.5150532 ], [ -73.6074635, 45.5150793 ], [ -73.607369, 45.5151014 ], [ -73.6072768, 45.5151218 ], [ -73.6072074, 45.5151364 ], [ -73.6070987, 45.5151599 ], [ -73.6070048, 45.5151788 ], [ -73.6069105, 45.5151968 ], [ -73.6068223, 45.5152119 ], [ -73.6067208, 45.5152298 ], [ -73.6066216, 45.515246 ], [ -73.6065183, 45.5152622 ], [ -73.6064685, 45.5152701 ], [ -73.6064028, 45.5152792 ], [ -73.6063294, 45.5152892 ] ] } },
{ "type": "Feature", "properties": { "u": 3691019539, "v": 4605973276, "key": 0, "highway": "residential", "length_km": 0.013578248724090638, "h_neige": 3.58, "is_crit_security_social": true, "is_crit_economique": false, "quartier": "outremont", "scenario_1": true, "scenario_2": false, "scenario_3": true }, "geometry": { "type": "LineString", "coordinates": [ [ -73.6110779, 45.5166375 ], [ -73.6109899, 45.5167429 ] ] } },
{ "type": "Feature", "properties": { "u": 4171683688, "v": 209387056, "key": 0, "highway": "secondary", "length_km": 0.13234242674099581, "h_neige": 14.69, "is_crit_security_social": true, "is_crit_economique": true, "quartier": "outremont", "scenario_1": true, "scenario_2": true, "scenario_3": true }, "geometry": { "type": "LineString", "coordinates": [ [ -73.6155322, 45.5117204 ], [ -73.6153923, 45.5117986 ], [ -73.6153507, 45.5118229 ], [ -73.6151525, 45.5119327 ], [ -73.6147837, 45.5121224 ], [ -73.6141684, 45.5124292 ] ] } },
{ "type": "Feature", "properties": { "u": 4171683688, "v": 5415829812, "key": 0, "highway": "secondary", "length_km": 0.057815917003369154, "h_neige": 5.39, "is_crit_security_social": true, "is_crit_economique": true, "quartier": "outremont", "scenario_1": true, "scenario_2": true, "scenario_3": true }, "geometry": { "type": "LineString", "coordinates": [ [ -73.6155322, 45.5117204 ], [ -73.6156991, 45.5116741 ], [ -73.6157676, 45.5116424 ], [ -73.6158761, 45.5115378 ], [ -73.6159371, 45.5114657 ], [ -73.6159805, 45.511346 ] ] } },
{ "type": "Feature", "properties": { "u": 4171683688, "v": 5415829801, "key": 0, "highway": "tertiary", "length_km": 0.16005533614878223, "h_neige": 18.59, "is_crit_security_social": true, "is_crit_economique": true, "quartier": "outremont", "scenario_1": true, "scenario_2": true, "scenario_3": true }, "geometry": { "type": "LineString", "coordinates": [ [ -73.6155322, 45.5117204 ], [ -73.6154585, 45.511675 ], [ -73.6154326, 45.5116595 ], [ -73.6153367, 45.5116134 ], [ -73.6150373, 45.5114745 ], [ -73.6148646, 45.5113944 ], [ -73.6147825, 45.5113582 ], [ -73.6144856, 45.5112275 ], [ -73.613946, 45.5109882 ], [ -73.6138181, 45.5109291 ] ] } },
{ "type": "Feature", "properties": { "u": 4504112773, "v": 29239079, "key": 0, "highway": "secondary", "length_km": 0.14958940104405272, "h_neige": 14.8, "is_crit_security_social": true, "is_crit_economique": true, "quartier": "outremont", "scenario_1": true, "scenario_2": true, "scenario_3": true }, "geometry": { "type": "LineString", "coordinates": [ [ -73.5987386, 45.5160659 ], [ -73.5986322, 45.5160749 ], [ -73.5985876, 45.5160786 ], [ -73.5982167, 45.5160975 ], [ -73.5970537, 45.5161285 ], [ -73.5969901, 45.5161302 ], [ -73.5968218, 45.5161351 ] ] } },
{ "type": "Feature", "properties": { "u": 4504112773, "v": 391531806, "key": 0, "highway": "secondary", "length_km": 0.15239557461395334, "h_neige": 12.98, "is_crit_security_social": true, "is_crit_economique": true, "quartier": "outremont", "scenario_1": true, "scenario_2": true, "scenario_3": true }, "geometry": { "type": "LineString", "coordinates": [ [ -73.5987386, 45.5160659 ], [ -73.598855, 45.5160562 ], [ -73.5988952, 45.5160529 ], [ -73.6006812, 45.5159063 ] ] } },
{ "type": "Feature", "properties": { "u": 4605973276, "v": 3691019539, "key": 0, "highway": "residential", "length_km": 0.013578248724090638, "h_neige": 6.04, "is_crit_security_social": true, "is_crit_economique": false, "quartier": "outremont", "scenario_1": true, "scenario_2": false, "scenario_3": true }, "geometry": { "type": "LineString", "coordinates": [ [ -73.6109899, 45.5167429 ], [ -73.6110779, 45.5166375 ] ] } },
{ "type": "Feature", "properties": { "u": 4605973276, "v": 596999773, "key": 0, "highway": "residential", "length_km": 0.041231244628020219, "h_neige": 11.67, "is_crit_security_social": true, "is_crit_economique": false, "quartier": "outremont", "scenario_1": true, "scenario_2": false, "scenario_3": true }, "geometry": { "type": "LineString", "coordinates": [ [ -73.6109899, 45.5167429 ], [ -73.6113522, 45.516906 ], [ -73.6113684, 45.5169134 ], [ -73.6114344, 45.5169441 ] ] } },
{ "type": "Feature", "properties": { "u": 5413741435, "v": 29795236, "key": 0, "highway": "secondary", "length_km": 0.058758014466738367, "h_neige": 13.98, "is_crit_security_social": true, "is_crit_economique": true, "quartier": "outremont", "scenario_1": true, "scenario_2": true, "scenario_3": true }, "geometry": { "type": "LineString", "coordinates": [ [ -73.5939384, 45.5158219 ], [ -73.5934126, 45.5157449 ], [ -73.593345, 45.5157425 ], [ -73.5933023, 45.5157409 ], [ -73.5931958, 45.5157397 ] ] } },
{ "type": "Feature", "properties": { "u": 5413741435, "v": 29795235, "key": 0, "highway": "secondary", "length_km": 0.040239977198561087, "h_neige": 6.62, "is_crit_security_social": true, "is_crit_economique": true, "quartier": "outremont", "scenario_1": true, "scenario_2": true, "scenario_3": true }, "geometry": { "type": "LineString", "coordinates": [ [ -73.5939384, 45.5158219 ], [ -73.5940007, 45.5158709 ], [ -73.5942186, 45.515902 ], [ -73.5942715, 45.5159095 ], [ -73.5943368, 45.5159179 ], [ -73.5944049, 45.5158884 ] ] } },
{ "type": "Feature", "properties": { "u": 5415829801, "v": 4171683688, "key": 0, "highway": "tertiary", "length_km": 0.1600553361487822, "h_neige": 14.24, "is_crit_security_social": true, "is_crit_economique": true, "quartier": "outremont", "scenario_1": true, "scenario_2": true, "scenario_3": true }, "geometry": { "type": "LineString", "coordinates": [ [ -73.6138181, 45.5109291 ], [ -73.613946, 45.5109882 ], [ -73.6144856, 45.5112275 ], [ -73.6147825, 45.5113582 ], [ -73.6148646, 45.5113944 ], [ -73.6150373, 45.5114745 ], [ -73.6153367, 45.5116134 ], [ -73.6154326, 45.5116595 ], [ -73.6154585, 45.511675 ], [ -73.6155322, 45.5117204 ] ] } },
{ "type": "Feature", "properties": { "u": 5415829801, "v": 5415829806, "key": 0, "highway": "tertiary", "length_km": 0.029798965244467863, "h_neige": 13.48, "is_crit_security_social": true, "is_crit_economique": true, "quartier": "outremont", "scenario_1": true, "scenario_2": true, "scenario_3": true }, "geometry": { "type": "LineString", "coordinates": [ [ -73.6138181, 45.5109291 ], [ -73.6137668, 45.5108786 ], [ -73.6136391, 45.5108206 ], [ -73.6135199, 45.5107668 ] ] } },
{ "type": "Feature", "properties": { "u": 5415829803, "v": 300103857, "key": 0, "highway": "tertiary", "length_km": 0.020847946877468559, "h_neige": 17.19, "is_crit_security_social": true, "is_crit_economique": true, "quartier": "outremont", "scenario_1": true, "scenario_2": true, "scenario_3": true }, "geometry": { "type": "LineString", "coordinates": [ [ -73.6132355, 45.5106675 ], [ -73.6130166, 45.5105597 ] ] } },
{ "type": "Feature", "properties": { "u": 5415829803, "v": 31700078, "key": 0, "highway": "tertiary", "length_km": 0.025230601486229777, "h_neige": 12.9, "is_crit_security_social": true, "is_crit_economique": true, "quartier": "outremont", "scenario_1": true, "scenario_2": true, "scenario_3": true }, "geometry": { "type": "LineString", "coordinates": [ [ -73.6132355, 45.5106675 ], [ -73.6132769, 45.5107116 ], [ -73.6133599, 45.5107475 ], [ -73.6134008, 45.5107654 ], [ -73.6134882, 45.5108032 ] ] } },
{ "type": "Feature", "properties": { "u": 5415829806, "v": 5415829803, "key": 0, "highway": "tertiary", "length_km": 0.025133972784112966, "h_neige": 10.52, "is_crit_security_social": true, "is_crit_economique": true, "quartier": "outremont", "scenario_1": true, "scenario_2": true, "scenario_3": true }, "geometry": { "type": "LineString", "coordinates": [ [ -73.6135199, 45.5107668 ], [ -73.6134324, 45.5107295 ], [ -73.6133105, 45.5106754 ], [ -73.6132355, 45.5106675 ] ] } },
{ "type": "Feature", "properties": { "u": 5415829806, "v": 213666597, "key": 0, "highway": "residential", "length_km": 0.089782783538514141, "h_neige": 17.76, "is_crit_security_social": true, "is_crit_economique": false, "quartier": "outremont", "scenario_1": true, "scenario_2": false, "scenario_3": true }, "geometry": { "type": "LineString", "coordinates": [ [ -73.6135199, 45.5107668 ], [ -73.6135669, 45.5107134 ], [ -73.613904, 45.5103231 ], [ -73.614079, 45.5101205 ], [ -73.6141185, 45.5100769 ] ] } },
{ "type": "Feature", "properties": { "u": 5415829812, "v": 1765630408, "key": 0, "highway": "secondary", "length_km": 0.044902005348197188, "h_neige": 14.33, "is_crit_security_social": true, "is_crit_economique": true, "quartier": "outremont", "scenario_1": true, "scenario_2": true, "scenario_3": true }, "geometry": { "type": "LineString", "coordinates": [ [ -73.6159805, 45.511346 ], [ -73.6162905, 45.5110056 ] ] } },
{ "type": "Feature", "properties": { "u": 5415829812, "v": 4171683688, "key": 0, "highway": "secondary", "length_km": 0.054572069775878029, "h_neige": 2.38, "is_crit_security_social": true, "is_crit_economique": true, "quartier": "outremont", "scenario_1": true, "scenario_2": true, "scenario_3": true }, "geometry": { "type": "LineString", "coordinates": [ [ -73.6159805, 45.511346 ], [ -73.6158649, 45.5114195 ], [ -73.6156932, 45.5115733 ], [ -73.6156458, 45.5116103 ], [ -73.6156135, 45.5116329 ], [ -73.6155322, 45.5117204 ] ] } },
{ "type": "Feature", "properties": { "u": 6100220186, "v": 209374806, "key": 0, "highway": "tertiary", "length_km": 0.19330249858911866, "h_neige": 1.5, "is_crit_security_social": true, "is_crit_economique": true, "quartier": "outremont", "scenario_1": true, "scenario_2": true, "scenario_3": true }, "geometry": { "type": "LineString", "coordinates": [ [ -73.6214133, 45.520411 ], [ -73.621446, 45.5203814 ], [ -73.6214614, 45.5203692 ], [ -73.6214725, 45.5203604 ], [ -73.6216462, 45.520264 ], [ -73.6218347, 45.5201606 ], [ -73.6221966, 45.5199629 ], [ -73.6223774, 45.519864 ], [ -73.6225805, 45.5197513 ], [ -73.6226435, 45.5197123 ], [ -73.622687, 45.5196805 ], [ -73.6227148, 45.5196568 ], [ -73.6227372, 45.5196344 ], [ -73.6227553, 45.5196116 ], [ -73.6227725, 45.519587 ], [ -73.6227845, 45.5195648 ], [ -73.6227906, 45.5195535 ], [ -73.6228096, 45.519516 ], [ -73.622832, 45.5194659 ], [ -73.6228562, 45.5194036 ], [ -73.6228731, 45.5193592 ], [ -73.6228901, 45.5193147 ], [ -73.6229032, 45.5192775 ], [ -73.6229145, 45.5192427 ], [ -73.6229236, 45.5192077 ], [ -73.622935, 45.5191602 ], [ -73.6229407, 45.5191312 ] ] } },
{ "type": "Feature", "properties": { "u": 9680726834, "v": 221113177, "key": 0, "highway": "residential", "length_km": 0.087042316884977253, "h_neige": 15.94, "is_crit_security_social": true, "is_crit_economique": false, "quartier": "outremont", "scenario_1": true, "scenario_2": false, "scenario_3": true }, "geometry": { "type": "LineString", "coordinates": [ [ -73.6159994, 45.5221276 ], [ -73.6159613, 45.5221669 ], [ -73.6159329, 45.5221985 ], [ -73.6154736, 45.5227178 ], [ -73.6154545, 45.5227435 ], [ -73.6154163, 45.522795 ] ] } },
{ "type": "Feature", "properties": { "u": 11540366862, "v": 514112190, "key": 0, "highway": "residential", "length_km": 0.095153224412479628, "h_neige": 9.87, "is_crit_security_social": true, "is_crit_economique": false, "quartier": "outremont", "scenario_1": true, "scenario_2": false, "scenario_3": true }, "geometry": { "type": "LineString", "coordinates": [ [ -73.6168291, 45.5211942 ], [ -73.6167781, 45.5211703 ], [ -73.616424, 45.5210101 ], [ -73.6158553, 45.5207529 ], [ -73.6158042, 45.5207288 ] ] } },
{ "type": "Feature", "properties": { "u": 32659931, "v": 32661774, "key": 0, "highway": "residential", "length_km": 0.3622264125797125, "h_neige": 18.19, "is_crit_security_social": true, "is_crit_economique": false, "quartier": "verdun", "scenario_1": true, "scenario_2": false, "scenario_3": true }, "geometry": { "type": "LineString", "coordinates": [ [ -73.5649028, 45.4714875 ], [ -73.5649341, 45.4714408 ], [ -73.5649524, 45.4714125 ], [ -73.5649656, 45.4713915 ], [ -73.5651306, 45.4711453 ], [ -73.5654586, 45.4706456 ], [ -73.5655035, 45.4705764 ], [ -73.5655668, 45.4704802 ], [ -73.5658353, 45.4700723 ], [ -73.5660291, 45.4697747 ], [ -73.5661722, 45.4695665 ], [ -73.5662839, 45.4694502 ], [ -73.5664606, 45.4692661 ], [ -73.5667152, 45.4690086 ], [ -73.5669648, 45.4687511 ], [ -73.5669857, 45.4687309 ], [ -73.5670142, 45.4687117 ], [ -73.5670388, 45.4687032 ], [ -73.567076, 45.4686997 ], [ -73.5671547, 45.4687013 ] ] } },
{ "type": "Feature", "properties": { "u": 32661031, "v": 32661032, "key": 0, "highway": "residential", "length_km": 0.23582493920963887, "h_neige": 2.24, "is_crit_security_social": true, "is_crit_economique": false, "quartier": "verdun", "scenario_1": true, "scenario_2": false, "scenario_3": true }, "geometry": { "type": "LineString", "coordinates": [ [ -73.5778374, 45.4632535 ], [ -73.5778321, 45.4633132 ], [ -73.577821, 45.4634364 ], [ -73.5776516, 45.4653168 ], [ -73.5776467, 45.4653701 ] ] } },
{ "type": "Feature", "properties": { "u": 32661031, "v": 615035109, "key": 0, "highway": "secondary", "length_km": 0.084934713173463711, "h_neige": 14.73, "is_crit_security_social": true, "is_crit_economique": true, "quartier": "verdun", "scenario_1": true, "scenario_2": true, "scenario_3": true }, "geometry": { "type": "LineString", "coordinates": [ [ -73.5778374, 45.4632535 ], [ -73.5781608, 45.4632691 ], [ -73.5782435, 45.4632731 ], [ -73.5786593, 45.4632913 ], [ -73.5788069, 45.4632978 ], [ -73.5788453, 45.4632974 ], [ -73.5789244, 45.4632979 ] ] } },
{ "type": "Feature", "properties": { "u": 32661035, "v": 32661143, "key": 0, "highway": "secondary", "length_km": 0.08554717691903381, "h_neige": 8.03, "is_crit_security_social": true, "is_crit_economique": true, "quartier": "verdun", "scenario_1": true, "scenario_2": true, "scenario_3": true }, "geometry": { "type": "LineString", "coordinates": [ [ -73.5745776, 45.4631098 ], [ -73.575474, 45.4631484 ], [ -73.5755856, 45.4631523 ], [ -73.5756726, 45.4631551 ] ] } },
{ "type": "Feature", "properties": { "u": 32661040, "v": 32661035, "key": 0, "highway": "secondary", "length_km": 0.083584916951782245, "h_neige": 15.79, "is_crit_security_social": true, "is_crit_economique": true, "quartier": "verdun", "scenario_1": true, "scenario_2": true, "scenario_3": true }, "geometry": { "type": "LineString", "coordinates": [ [ -73.5735079, 45.4630633 ], [ -73.5735788, 45.4630659 ], [ -73.5745776, 45.4631098 ] ] } },
{ "type": "Feature", "properties": { "u": 32661041, "v": 32661161, "key": 0, "highway": "secondary", "length_km": 0.16984791211069961, "h_neige": 17.71, "is_crit_security_social": true, "is_crit_economique": true, "quartier": "verdun", "scenario_1": true, "scenario_2": true, "scenario_3": true }, "geometry": { "type": "LineString", "coordinates": [ [ -73.5735852, 45.4621837 ], [ -73.573031, 45.46216 ], [ -73.5719777, 45.4621148 ], [ -73.5716187, 45.4620983 ], [ -73.5715501, 45.4620955 ], [ -73.5715158, 45.4620942 ], [ -73.5714849, 45.4620929 ], [ -73.5714115, 45.4620899 ] ] } },
{ "type": "Feature", "properties": { "u": 32661100, "v": 32661040, "key": 0, "highway": "secondary", "length_km": 0.083849686002346879, "h_neige": 4.79, "is_crit_security_social": true, "is_crit_economique": true, "quartier": "verdun", "scenario_1": true, "scenario_2": true, "scenario_3": true }, "geometry": { "type": "LineString", "coordinates": [ [ -73.5724342, 45.4630242 ], [ -73.5729752, 45.4630434 ], [ -73.573439, 45.4630603 ], [ -73.5735079, 45.4630633 ] ] } },
{ "type": "Feature", "properties": { "u": 32661117, "v": 32661118, "key": 0, "highway": "residential", "length_km": 0.23536726563054078, "h_neige": 13.9, "is_crit_security_social": true, "is_crit_economique": false, "quartier": "verdun", "scenario_1": true, "scenario_2": false, "scenario_3": true }, "geometry": { "type": "LineString", "coordinates": [ [ -73.5702412, 45.4629267 ], [ -73.570237, 45.4629834 ], [ -73.5702084, 45.4633369 ], [ -73.5701984, 45.4634406 ], [ -73.5701467, 45.4639615 ], [ -73.5700538, 45.4649881 ], [ -73.5700493, 45.4650391 ] ] } },
{ "type": "Feature", "properties": { "u": 32661117, "v": 32661142, "key": 0, "highway": "secondary", "length_km": 0.085209999541194431, "h_neige": 12.13, "is_crit_security_social": true, "is_crit_economique": true, "quartier": "verdun", "scenario_1": true, "scenario_2": true, "scenario_3": true }, "geometry": { "type": "LineString", "coordinates": [ [ -73.5702412, 45.4629267 ], [ -73.570368, 45.4629325 ], [ -73.5708809, 45.4629542 ], [ -73.5709148, 45.4629555 ], [ -73.5711374, 45.4629665 ], [ -73.571206, 45.4629695 ], [ -73.5712462, 45.4629713 ], [ -73.5712705, 45.4629724 ], [ -73.5713316, 45.4629751 ] ] } },
{ "type": "Feature", "properties": { "u": 32661129, "v": 32661256, "key": 0, "highway": "residential", "length_km": 0.085001889810641981, "h_neige": 10.14, "is_crit_security_social": true, "is_crit_economique": false, "quartier": "verdun", "scenario_1": true, "scenario_2": false, "scenario_3": true }, "geometry": { "type": "LineString", "coordinates": [ [ -73.5679046, 45.4649454 ], [ -73.5678394, 45.4649427 ], [ -73.567367, 45.4649215 ], [ -73.5669034, 45.4649011 ], [ -73.5668168, 45.4648973 ] ] } },
{ "type": "Feature", "properties": { "u": 32661129, "v": 998513328, "key": 0, "highway": "residential", "length_km": 0.2356507828562574, "h_neige": 5.83, "is_crit_security_social": true, "is_crit_economique": false, "quartier": "verdun", "scenario_1": true, "scenario_2": false, "scenario_3": true }, "geometry": { "type": "LineString", "coordinates": [ [ -73.5679046, 45.4649454 ], [ -73.5678958, 45.4648965 ], [ -73.5679411, 45.4644025 ], [ -73.5680081, 45.4636737 ], [ -73.5680195, 45.46355 ], [ -73.5680236, 45.4635046 ], [ -73.5680353, 45.4633779 ], [ -73.5680556, 45.4631566 ], [ -73.5680613, 45.4630945 ], [ -73.5680802, 45.4628897 ], [ -73.5680852, 45.4628308 ] ] } },
{ "type": "Feature", "properties": { "u": 32661129, "v": 1700518221, "key": 0, "highway": "residential", "length_km": 0.24941128494771897, "h_neige": 6.0, "is_crit_security_social": true, "is_crit_economique": false, "quartier": "verdun", "scenario_1": true, "scenario_2": false, "scenario_3": true }, "geometry": { "type": "LineString", "coordinates": [ [ -73.5679046, 45.4649454 ], [ -73.5679146, 45.4649995 ], [ -73.5677445, 45.466869 ], [ -73.5677215, 45.4670961 ], [ -73.5677187, 45.4671175 ], [ -73.5677099, 45.4671832 ] ] } },
{ "type": "Feature", "properties": { "u": 32661131, "v": 1700518226, "key": 0, "highway": "residential", "length_km": 0.084955088398286402, "h_neige": 2.51, "is_crit_security_social": true, "is_crit_economique": false, "quartier": "verdun", "scenario_1": true, "scenario_2": false, "scenario_3": true }, "geometry": { "type": "LineString", "coordinates": [ [ -73.5675666, 45.4687205 ], [ -73.5681033, 45.4687441 ], [ -73.5685396, 45.4687632 ], [ -73.5685804, 45.468765 ], [ -73.5686539, 45.4687683 ] ] } },
{ "type": "Feature", "properties": { "u": 32661131, "v": 32661774, "key": 0, "highway": "residential", "length_km": 0.032191272016807666, "h_neige": 17.34, "is_crit_security_social": true, "is_crit_economique": false, "quartier": "verdun", "scenario_1": true, "scenario_2": false, "scenario_3": true }, "geometry": { "type": "LineString", "coordinates": [ [ -73.5675666, 45.4687205 ], [ -73.5673008, 45.4687081 ], [ -73.5672661, 45.4687066 ], [ -73.5671547, 45.4687013 ] ] } },
{ "type": "Feature", "properties": { "u": 32661136, "v": 1700518211, "key": 0, "highway": "residential", "length_km": 0.17399514518867543, "h_neige": 13.43, "is_crit_security_social": true, "is_crit_economique": false, "quartier": "verdun", "scenario_1": true, "scenario_2": false, "scenario_3": true }, "geometry": { "type": "LineString", "coordinates": [ [ -73.564539, 45.4640983 ], [ -73.5646268, 45.4640683 ], [ -73.5647861, 45.464008 ], [ -73.5648704, 45.4639721 ], [ -73.5649292, 45.4639371 ], [ -73.564954, 45.4638834 ], [ -73.5650563, 45.4627813 ], [ -73.5650589, 45.4627529 ], [ -73.5650641, 45.4626963 ] ] } },
{ "type": "Feature", "properties": { "u": 32661136, "v": 32661713, "key": 0, "highway": "secondary", "length_km": 0.089795995480478133, "h_neige": 1.87, "is_crit_security_social": true, "is_crit_economique": true, "quartier": "verdun", "scenario_1": true, "scenario_2": true, "scenario_3": true }, "geometry": { "type": "LineString", "coordinates": [ [ -73.564539, 45.4640983 ], [ -73.5645835, 45.4641616 ], [ -73.5649592, 45.4646754 ], [ -73.5650186, 45.4647702 ], [ -73.5650537, 45.4648205 ] ] } },
{ "type": "Feature", "properties": { "u": 32661136, "v": 32661140, "key": 0, "highway": "secondary", "length_km": 0.18434350433165264, "h_neige": 4.57, "is_crit_security_social": true, "is_crit_economique": true, "quartier": "verdun", "scenario_1": true, "scenario_2": true, "scenario_3": true }, "geometry": { "type": "LineString", "coordinates": [ [ -73.564539, 45.4640983 ], [ -73.5644955, 45.4640364 ], [ -73.5644767, 45.4640097 ], [ -73.5644217, 45.4639314 ], [ -73.5641001, 45.4634936 ], [ -73.5638193, 45.4630942 ], [ -73.5635963, 45.4627762 ], [ -73.5635426, 45.4626982 ], [ -73.5634751, 45.4626182 ] ] } },
{ "type": "Feature", "properties": { "u": 32661140, "v": 615030570, "key": 0, "highway": "secondary", "length_km": 0.073558806427399676, "h_neige": 17.04, "is_crit_security_social": true, "is_crit_economique": true, "quartier": "verdun", "scenario_1": true, "scenario_2": true, "scenario_3": true }, "geometry": { "type": "LineString", "coordinates": [ [ -73.5634751, 45.4626182 ], [ -73.5633502, 45.4625925 ], [ -73.563056, 45.4625929 ], [ -73.5627034, 45.4625923 ], [ -73.5626321, 45.4625942 ], [ -73.5625373, 45.4625968 ] ] } },
{ "type": "Feature", "properties": { "u": 32661140, "v": 1700518211, "key": 0, "highway": "secondary", "length_km": 0.1242571217724822, "h_neige": 6.36, "is_crit_security_social": true, "is_crit_economique": true, "quartier": "verdun", "scenario_1": true, "scenario_2": true, "scenario_3": true }, "geometry": { "type": "LineString", "coordinates": [ [ -73.5634751, 45.4626182 ], [ -73.5636143, 45.4626318 ], [ -73.5639466, 45.4626466 ], [ -73.5640175, 45.4626497 ], [ -73.5642905, 45.4626619 ], [ -73.5645097, 45.4626716 ], [ -73.5646918, 45.4626798 ], [ -73.5649967, 45.4626933 ], [ -73.5650641, 45.4626963 ] ] } },
{ "type": "Feature", "properties": { "u": 32661140, "v": 32661136, "key": 0, "highway": "secondary", "length_km": 0.18434350433165261, "h_neige": 0.05, "is_crit_security_social": true, "is_crit_economique": true, "quartier": "verdun", "scenario_1": true, "scenario_2": true, "scenario_3": true }, "geometry": { "type": "LineString", "coordinates": [ [ -73.5634751, 45.4626182 ], [ -73.5635426, 45.4626982 ], [ -73.5635963, 45.4627762 ], [ -73.5638193, 45.4630942 ], [ -73.5641001, 45.4634936 ], [ -73.5644217, 45.4639314 ], [ -73.5644767, 45.4640097 ], [ -73.5644955, 45.4640364 ], [ -73.564539, 45.4640983 ] ] } },
{ "type": "Feature", "properties": { "u": 32661140, "v": 32661193, "key": 0, "highway": "secondary", "length_km": 0.10613279880077479, "h_neige": 8.07, "is_crit_security_social": true, "is_crit_economique": true, "quartier": "verdun", "scenario_1": true, "scenario_2": true, "scenario_3": true }, "geometry": { "type": "LineString", "coordinates": [ [ -73.5634751, 45.4626182 ], [ -73.5634045, 45.4625009 ], [ -73.5633811, 45.4624644 ], [ -73.5631776, 45.462151 ], [ -73.5630192, 45.4618628 ], [ -73.5630014, 45.4618243 ], [ -73.5629739, 45.4617329 ] ] } },
{ "type": "Feature", "properties": { "u": 32661142, "v": 32661100, "key": 0, "highway": "secondary", "length_km": 0.086163670688801069, "h_neige": 2.82, "is_crit_security_social": true, "is_crit_economique": true, "quartier": "verdun", "scenario_1": true, "scenario_2": true, "scenario_3": true }, "geometry": { "type": "LineString", "coordinates": [ [ -73.5713316, 45.4629751 ], [ -73.571401, 45.4629782 ], [ -73.5714369, 45.4629798 ], [ -73.5719413, 45.4630023 ], [ -73.5724096, 45.4630231 ], [ -73.5724342, 45.4630242 ] ] } },
{ "type": "Feature", "properties": { "u": 32661143, "v": 5422994804, "key": 0, "highway": "secondary", "length_km": 0.085350409317265383, "h_neige": 2.88, "is_crit_security_social": true, "is_crit_economique": true, "quartier": "verdun", "scenario_1": true, "scenario_2": true, "scenario_3": true }, "geometry": { "type": "LineString", "coordinates": [ [ -73.5756726, 45.4631551 ], [ -73.5757661, 45.4631583 ], [ -73.5767646, 45.4632057 ] ] } },
{ "type": "Feature", "properties": { "u": 32661156, "v": 32672992, "key": 0, "highway": "secondary", "length_km": 0.081952348995236332, "h_neige": 9.62, "is_crit_security_social": true, "is_crit_economique": true, "quartier": "verdun", "scenario_1": true, "scenario_2": true, "scenario_3": true }, "geometry": { "type": "LineString", "coordinates": [ [ -73.5704929, 45.4723258 ], [ -73.5705618, 45.4723305 ], [ -73.5705934, 45.4723327 ], [ -73.5706794, 45.4723365 ], [ -73.5708444, 45.472344 ], [ -73.5710169, 45.4723512 ], [ -73.5711107, 45.472355 ], [ -73.5711982, 45.4723602 ], [ -73.5712481, 45.4723645 ], [ -73.571296, 45.4723696 ], [ -73.5713414, 45.472376 ], [ -73.5713792, 45.4723821 ], [ -73.5714316, 45.4723963 ], [ -73.5714943, 45.4724174 ], [ -73.5715242, 45.4724293 ] ] } },
{ "type": "Feature", "properties": { "u": 32661161, "v": 1700525650, "key": 0, "highway": "secondary", "length_km": 0.33772931063208161, "h_neige": 4.88, "is_crit_security_social": true, "is_crit_economique": true, "quartier": "verdun", "scenario_1": true, "scenario_2": true, "scenario_3": true }, "geometry": { "type": "LineString", "coordinates": [ [ -73.5714115, 45.4620899 ], [ -73.5713438, 45.4620872 ], [ -73.57132, 45.4620862 ], [ -73.5700501, 45.4620378 ], [ -73.5689903, 45.4619922 ], [ -73.5680344, 45.4619462 ], [ -73.5676564, 45.4619295 ], [ -73.5673112, 45.4619145 ], [ -73.567227, 45.4619109 ], [ -73.5671743, 45.4619083 ], [ -73.5670893, 45.4619038 ] ] } },
{ "type": "Feature", "properties": { "u": 32661162, "v": 1700525649, "key": 0, "highway": "residential", "length_km": 0.33814626426026939, "h_neige": 13.48, "is_crit_security_social": true, "is_crit_economique": false, "quartier": "verdun", "scenario_1": true, "scenario_2": false, "scenario_3": true }, "geometry": { "type": "LineString", "coordinates": [ [ -73.5714979, 45.4612015 ], [ -73.5715681, 45.4612052 ], [ -73.5715921, 45.4612066 ], [ -73.571642, 45.4612088 ], [ -73.5720546, 45.4612278 ], [ -73.5725198, 45.4612477 ], [ -73.5742244, 45.4613204 ], [ -73.5748045, 45.4613458 ], [ -73.5753221, 45.4613672 ], [ -73.5756954, 45.4613841 ], [ -73.575751, 45.4613864 ], [ -73.5758253, 45.4613893 ] ] } },
{ "type": "Feature", "properties": { "u": 32661163, "v": 1700525640, "key": 0, "highway": "residential", "length_km": 0.33825137639950198, "h_neige": 14.01, "is_crit_security_social": true, "is_crit_economique": false, "quartier": "verdun", "scenario_1": true, "scenario_2": false, "scenario_3": true }, "geometry": { "type": "LineString", "coordinates": [ [ -73.571575, 45.4603114 ], [ -73.5715102, 45.4603083 ], [ -73.5714821, 45.4603069 ], [ -73.5714354, 45.4603047 ], [ -73.5710657, 45.4602901 ], [ -73.5684265, 45.4601718 ], [ -73.5683081, 45.4601661 ], [ -73.5673821, 45.4601262 ], [ -73.5673136, 45.4601232 ], [ -73.5672467, 45.4601195 ] ] } },
{ "type": "Feature", "properties": { "u": 32661164, "v": 267966817, "key": 0, "highway": "residential", "length_km": 0.33923531895967568, "h_neige": 15.83, "is_crit_security_social": true, "is_crit_economique": false, "quartier": "verdun", "scenario_1": true, "scenario_2": false, "scenario_3": true }, "geometry": { "type": "LineString", "coordinates": [ [ -73.5716508, 45.4594285 ], [ -73.5717233, 45.459431 ], [ -73.5717805, 45.459433 ], [ -73.5718216, 45.459435 ], [ -73.572685, 45.4594726 ], [ -73.5728197, 45.4594783 ], [ -73.5733933, 45.4595029 ], [ -73.5739484, 45.4595281 ], [ -73.5745323, 45.4595558 ], [ -73.5749309, 45.459573 ], [ -73.5758484, 45.4596147 ], [ -73.5759166, 45.4596173 ], [ -73.5759917, 45.4596202 ] ] } },
{ "type": "Feature", "properties": { "u": 32661167, "v": 32661227, "key": 0, "highway": "residential", "length_km": 0.33797437254213047, "h_neige": 11.22, "is_crit_security_social": true, "is_crit_economique": false, "quartier": "verdun", "scenario_1": true, "scenario_2": false, "scenario_3": true }, "geometry": { "type": "LineString", "coordinates": [ [ -73.5718358, 45.4574582 ], [ -73.5717749, 45.4574559 ], [ -73.5717465, 45.4574548 ], [ -73.5713386, 45.4574357 ], [ -73.5708101, 45.4574125 ], [ -73.5695164, 45.4573555 ], [ -73.5685153, 45.4573115 ], [ -73.5681373, 45.4572933 ], [ -73.5679979, 45.4572867 ], [ -73.5676685, 45.4572717 ], [ -73.5675825, 45.4572675 ], [ -73.5675115, 45.4572638 ] ] } },
{ "type": "Feature", "properties": { "u": 32661167, "v": 32661168, "key": 0, "highway": "tertiary", "length_km": 0.064931438129956789, "h_neige": 9.58, "is_crit_security_social": true, "is_crit_economique": true, "quartier": "verdun", "scenario_1": true, "scenario_2": true, "scenario_3": true }, "geometry": { "type": "LineString", "coordinates": [ [ -73.5718358, 45.4574582 ], [ -73.5718388, 45.4574079 ], [ -73.5718402, 45.4573811 ], [ -73.5718775, 45.4569651 ], [ -73.5718817, 45.4569261 ], [ -73.5718872, 45.4568754 ] ] } },
{ "type": "Feature", "properties": { "u": 32661167, "v": 1700525617, "key": 0, "highway": "tertiary", "length_km": 0.064803345918687041, "h_neige": 13.19, "is_crit_security_social": true, "is_crit_economique": true, "quartier": "verdun", "scenario_1": true, "scenario_2": true, "scenario_3": true }, "geometry": { "type": "LineString", "coordinates": [ [ -73.5718358, 45.4574582 ], [ -73.5718343, 45.4575066 ], [ -73.5718303, 45.4575494 ], [ -73.5718281, 45.4575728 ], [ -73.571783, 45.4579599 ], [ -73.5717797, 45.4579897 ], [ -73.5717741, 45.4580393 ] ] } },
{ "type": "Feature", "properties": { "u": 32661168, "v": 32661169, "key": 0, "highway": "tertiary", "length_km": 0.068188976856061748, "h_neige": 6.22, "is_crit_security_social": true, "is_crit_economique": true, "quartier": "verdun", "scenario_1": true, "scenario_2": true, "scenario_3": true }, "geometry": { "type": "LineString", "coordinates": [ [ -73.5718872, 45.4568754 ], [ -73.571892, 45.456823 ], [ -73.5719362, 45.4563574 ], [ -73.5719411, 45.4563038 ], [ -73.5719449, 45.4562635 ] ] } },
{ "type": "Feature", "properties": { "u": 32661168, "v": 32661167, "key": 0, "highway": "tertiary", "length_km": 0.064931438129956789, "h_neige": 16.06, "is_crit_security_social": true, "is_crit_economique": true, "quartier": "verdun", "scenario_1": true, "scenario_2": true, "scenario_3": true }, "geometry": { "type": "LineString", "coordinates": [ [ -73.5718872, 45.4568754 ], [ -73.5718817, 45.4569261 ], [ -73.5718775, 45.4569651 ], [ -73.5718402, 45.4573811 ], [ -73.5718388, 45.4574079 ], [ -73.5718358, 45.4574582 ] ] } },
{ "type": "Feature", "properties": { "u": 32661168, "v": 32661450, "key": 0, "highway": "residential", "length_km": 0.33874729677353826, "h_neige": 11.94, "is_crit_security_social": true, "is_crit_economique": false, "quartier": "verdun", "scenario_1": true, "scenario_2": false, "scenario_3": true }, "geometry": { "type": "LineString", "coordinates": [ [ -73.5718872, 45.4568754 ], [ -73.5719374, 45.4568777 ], [ -73.5719852, 45.4568799 ], [ -73.5723851, 45.4568999 ], [ -73.5731606, 45.4569345 ], [ -73.5757229, 45.4570458 ], [ -73.57609, 45.4570627 ], [ -73.5761368, 45.4570646 ], [ -73.5762215, 45.4570687 ] ] } },
{ "type": "Feature", "properties": { "u": 32661169, "v": 1700525613, "key": 0, "highway": "tertiary", "length_km": 0.076668505847874949, "h_neige": 3.95, "is_crit_security_social": true, "is_crit_economique": true, "quartier": "verdun", "scenario_1": true, "scenario_2": true, "scenario_3": true }, "geometry": { "type": "LineString", "coordinates": [ [ -73.5719449, 45.4562635 ], [ -73.571949, 45.4562264 ], [ -73.5719525, 45.4561867 ], [ -73.5719536, 45.4561749 ], [ -73.5720004, 45.4556915 ], [ -73.5720039, 45.4556612 ], [ -73.5720075, 45.4556302 ], [ -73.5720136, 45.4555757 ] ] } },
{ "type": "Feature", "properties": { "u": 32661169, "v": 32661168, "key": 0, "highway": "tertiary", "length_km": 0.068188976856061748, "h_neige": 9.19, "is_crit_security_social": true, "is_crit_economique": true, "quartier": "verdun", "scenario_1": true, "scenario_2": true, "scenario_3": true }, "geometry": { "type": "LineString", "coordinates": [ [ -73.5719449, 45.4562635 ], [ -73.5719411, 45.4563038 ], [ -73.5719362, 45.4563574 ], [ -73.571892, 45.456823 ], [ -73.5718872, 45.4568754 ] ] } },
{ "type": "Feature", "properties": { "u": 32661169, "v": 32661225, "key": 0, "highway": "residential", "length_km": 0.33848042663637556, "h_neige": 4.56, "is_crit_security_social": true, "is_crit_economique": false, "quartier": "verdun", "scenario_1": true, "scenario_2": false, "scenario_3": true }, "geometry": { "type": "LineString", "coordinates": [ [ -73.5719449, 45.4562635 ], [ -73.5718783, 45.4562613 ], [ -73.5718478, 45.4562603 ], [ -73.571756, 45.456257 ], [ -73.5714632, 45.4562443 ], [ -73.5712595, 45.4562365 ], [ -73.5710699, 45.4562282 ], [ -73.569716, 45.4561686 ], [ -73.5681036, 45.4560977 ], [ -73.5677941, 45.4560818 ], [ -73.5677621, 45.4560803 ], [ -73.567709, 45.4560781 ], [ -73.5676138, 45.4560737 ] ] } },
{ "type": "Feature", "properties": { "u": 32661174, "v": 32661220, "key": 0, "highway": "residential", "length_km": 0.33811490397508082, "h_neige": 7.21, "is_crit_security_social": true, "is_crit_economique": false, "quartier": "verdun", "scenario_1": true, "scenario_2": false, "scenario_3": true }, "geometry": { "type": "LineString", "coordinates": [ [ -73.5722283, 45.4530787 ], [ -73.5721604, 45.4530765 ], [ -73.5721345, 45.4530757 ], [ -73.5716594, 45.4530605 ], [ -73.5714747, 45.4530531 ], [ -73.5704514, 45.4530121 ], [ -73.5689538, 45.4529505 ], [ -73.5684385, 45.4529281 ], [ -73.568047, 45.4529132 ], [ -73.5679806, 45.452911 ], [ -73.5679005, 45.4529084 ] ] } },
{ "type": "Feature", "properties": { "u": 32661174, "v": 1700534183, "key": 0, "highway": "tertiary", "length_km": 0.062549191509297178, "h_neige": 6.92, "is_crit_security_social": true, "is_crit_economique": true, "quartier": "verdun", "scenario_1": true, "scenario_2": true, "scenario_3": true }, "geometry": { "type": "LineString", "coordinates": [ [ -73.5722283, 45.4530787 ], [ -73.5722326, 45.4530261 ], [ -73.572265, 45.4526297 ], [ -73.5722667, 45.4526129 ], [ -73.5722687, 45.4525827 ], [ -73.572274, 45.4525171 ] ] } },
{ "type": "Feature", "properties": { "u": 32661174, "v": 1700525584, "key": 0, "highway": "tertiary", "length_km": 0.084617814759508192, "h_neige": 5.44, "is_crit_security_social": true, "is_crit_economique": true, "quartier": "verdun", "scenario_1": true, "scenario_2": true, "scenario_3": true }, "geometry": { "type": "LineString", "coordinates": [ [ -73.5722283, 45.4530787 ], [ -73.572224, 45.4531306 ], [ -73.5721726, 45.4537562 ], [ -73.5721696, 45.4537909 ], [ -73.5721653, 45.4538384 ] ] } },
{ "type": "Feature", "properties": { "u": 32661176, "v": 32661177, "key": 0, "highway": "tertiary", "length_km": 0.06920624622260689, "h_neige": 2.29, "is_crit_security_social": true, "is_crit_economique": true, "quartier": "verdun", "scenario_1": true, "scenario_2": true, "scenario_3": true }, "geometry": { "type": "LineString", "coordinates": [ [ -73.5723256, 45.4520121 ], [ -73.5723306, 45.4519585 ], [ -73.5723765, 45.4514573 ], [ -73.5723826, 45.451391 ] ] } },
{ "type": "Feature", "properties": { "u": 32661176, "v": 1700534183, "key": 0, "highway": "tertiary", "length_km": 0.056300792144596941, "h_neige": 17.55, "is_crit_security_social": true, "is_crit_economique": true, "quartier": "verdun", "scenario_1": true, "scenario_2": true, "scenario_3": true }, "geometry": { "type": "LineString", "coordinates": [ [ -73.5723256, 45.4520121 ], [ -73.5723197, 45.4520663 ], [ -73.5722834, 45.4523952 ], [ -73.572281, 45.4524193 ], [ -73.5722791, 45.4524485 ], [ -73.572274, 45.4525171 ] ] } },
{ "type": "Feature", "properties": { "u": 32661176, "v": 32661535, "key": 0, "highway": "residential", "length_km": 0.33889142051289139, "h_neige": 2.63, "is_crit_security_social": true, "is_crit_economique": false, "quartier": "verdun", "scenario_1": true, "scenario_2": false, "scenario_3": true }, "geometry": { "type": "LineString", "coordinates": [ [ -73.5723256, 45.4520121 ], [ -73.5722576, 45.4520094 ], [ -73.5722316, 45.4520083 ], [ -73.5717677, 45.4519892 ], [ -73.5710057, 45.4519594 ], [ -73.5685363, 45.4518594 ], [ -73.5681172, 45.4518428 ], [ -73.5680939, 45.4518416 ], [ -73.5679883, 45.4518365 ] ] } },
{ "type": "Feature", "properties": { "u": 32661177, "v": 32661178, "key": 0, "highway": "tertiary", "length_km": 0.070595368709981149, "h_neige": 17.93, "is_crit_security_social": true, "is_crit_economique": true, "quartier": "verdun", "scenario_1": true, "scenario_2": true, "scenario_3": true }, "geometry": { "type": "LineString", "coordinates": [ [ -73.5723826, 45.451391 ], [ -73.5723873, 45.4513395 ], [ -73.5724325, 45.4508629 ], [ -73.5724372, 45.450812 ], [ -73.5724422, 45.4507575 ] ] } },
{ "type": "Feature", "properties": { "u": 32661177, "v": 32661176, "key": 0, "highway": "tertiary", "length_km": 0.069206246222606876, "h_neige": 14.14, "is_crit_security_social": true, "is_crit_economique": true, "quartier": "verdun", "scenario_1": true, "scenario_2": true, "scenario_3": true }, "geometry": { "type": "LineString", "coordinates": [ [ -73.5723826, 45.451391 ], [ -73.5723765, 45.4514573 ], [ -73.5723306, 45.4519585 ], [ -73.5723256, 45.4520121 ] ] } },
{ "type": "Feature", "properties": { "u": 32661177, "v": 1700525576, "key": 0, "highway": "residential", "length_km": 0.33806101742760597, "h_neige": 4.58, "is_crit_security_social": true, "is_crit_economique": false, "quartier": "verdun", "scenario_1": true, "scenario_2": false, "scenario_3": true }, "geometry": { "type": "LineString", "coordinates": [ [ -73.5723826, 45.451391 ], [ -73.5724404, 45.4513939 ], [ -73.5724872, 45.4513962 ], [ -73.5728883, 45.4514163 ], [ -73.5729301, 45.4514181 ], [ -73.5762029, 45.4515548 ], [ -73.5762547, 45.4515572 ], [ -73.5765684, 45.4515708 ], [ -73.5766096, 45.4515726 ], [ -73.5767083, 45.451577 ] ] } },
{ "type": "Feature", "properties": { "u": 32661178, "v": 32661177, "key": 0, "highway": "tertiary", "length_km": 0.070595368709981149, "h_neige": 6.13, "is_crit_security_social": true, "is_crit_economique": true, "quartier": "verdun", "scenario_1": true, "scenario_2": true, "scenario_3": true }, "geometry": { "type": "LineString", "coordinates": [ [ -73.5724422, 45.4507575 ], [ -73.5724372, 45.450812 ], [ -73.5724325, 45.4508629 ], [ -73.5723873, 45.4513395 ], [ -73.5723826, 45.451391 ] ] } },
{ "type": "Feature", "properties": { "u": 32661179, "v": 32661551, "key": 0, "highway": "residential", "length_km": 0.33761530373203597, "h_neige": 12.81, "is_crit_security_social": true, "is_crit_economique": false, "quartier": "verdun", "scenario_1": true, "scenario_2": false, "scenario_3": true }, "geometry": { "type": "LineString", "coordinates": [ [ -73.5725016, 45.4501109 ], [ -73.5725844, 45.450114 ], [ -73.5726102, 45.4501152 ], [ -73.5730544, 45.4501324 ], [ -73.5730887, 45.4501333 ], [ -73.5758079, 45.4502449 ], [ -73.5762789, 45.4502636 ], [ -73.5763136, 45.4502653 ], [ -73.5766907, 45.4502817 ], [ -73.576723, 45.4502831 ], [ -73.5768223, 45.4502874 ] ] } },
{ "type": "Feature", "properties": { "u": 32661179, "v": 32661180, "key": 0, "highway": "tertiary", "length_km": 0.085781245961636041, "h_neige": 11.63, "is_crit_security_social": true, "is_crit_economique": true, "quartier": "verdun", "scenario_1": true, "scenario_2": true, "scenario_3": true }, "geometry": { "type": "LineString", "coordinates": [ [ -73.5725016, 45.4501109 ], [ -73.5725067, 45.4500528 ], [ -73.5725605, 45.4494368 ], [ -73.572564, 45.4493978 ], [ -73.5725748, 45.4493413 ] ] } },
{ "type": "Feature", "properties": { "u": 32661180, "v": 10863375769, "key": 0, "highway": "residential", "length_km": 0.3049379692531507, "h_neige": 10.3, "is_crit_security_social": true, "is_crit_economique": false, "quartier": "verdun", "scenario_1": true, "scenario_2": false, "scenario_3": true }, "geometry": { "type": "LineString", "coordinates": [ [ -73.5725748, 45.4493413 ], [ -73.5725033, 45.4493397 ], [ -73.572478, 45.4493387 ], [ -73.5719921, 45.4493194 ], [ -73.5693985, 45.4492157 ], [ -73.5690992, 45.4492015 ], [ -73.5689646, 45.4491932 ], [ -73.5688403, 45.4491812 ], [ -73.5687961, 45.4491729 ], [ -73.5687683, 45.4491677 ], [ -73.5686835, 45.4491416 ] ] } },
{ "type": "Feature", "properties": { "u": 32661180, "v": 32661181, "key": 0, "highway": "tertiary", "length_km": 0.082435907141576781, "h_neige": 14.3, "is_crit_security_social": true, "is_crit_economique": true, "quartier": "verdun", "scenario_1": true, "scenario_2": true, "scenario_3": true }, "geometry": { "type": "LineString", "coordinates": [ [ -73.5725748, 45.4493413 ], [ -73.5725881, 45.4492894 ], [ -73.5725898, 45.4492524 ], [ -73.5726334, 45.4486829 ], [ -73.5726354, 45.4486549 ], [ -73.5726412, 45.4486018 ] ] } },
{ "type": "Feature", "properties": { "u": 32661180, "v": 32661179, "key": 0, "highway": "tertiary", "length_km": 0.085781245961636041, "h_neige": 18.53, "is_crit_security_social": true, "is_crit_economique": true, "quartier": "verdun", "scenario_1": true, "scenario_2": true, "scenario_3": true }, "geometry": { "type": "LineString", "coordinates": [ [ -73.5725748, 45.4493413 ], [ -73.572564, 45.4493978 ], [ -73.5725605, 45.4494368 ], [ -73.5725067, 45.4500528 ], [ -73.5725016, 45.4501109 ] ] } },
{ "type": "Feature", "properties": { "u": 32661181, "v": 1700518180, "key": 0, "highway": "residential", "length_km": 0.33876555142204307, "h_neige": 14.26, "is_crit_security_social": true, "is_crit_economique": false, "quartier": "verdun", "scenario_1": true, "scenario_2": false, "scenario_3": true }, "geometry": { "type": "LineString", "coordinates": [ [ -73.5726412, 45.4486018 ], [ -73.5727112, 45.4486041 ], [ -73.57273, 45.4486066 ], [ -73.5732268, 45.4486237 ], [ -73.5745122, 45.4486746 ], [ -73.5749401, 45.4486924 ], [ -73.5756368, 45.4487203 ], [ -73.5764071, 45.4487513 ], [ -73.5768047, 45.448772 ], [ -73.5768383, 45.4487738 ], [ -73.5768979, 45.4487809 ], [ -73.5769745, 45.4487901 ] ] } },
{ "type": "Feature", "properties": { "u": 32661181, "v": 32661182, "key": 0, "highway": "tertiary", "length_km": 0.093222263608717229, "h_neige": 14.62, "is_crit_security_social": true, "is_crit_economique": true, "quartier": "verdun", "scenario_1": true, "scenario_2": true, "scenario_3": true }, "geometry": { "type": "LineString", "coordinates": [ [ -73.5726412, 45.4486018 ], [ -73.5726455, 45.4485561 ], [ -73.57265, 45.4485054 ], [ -73.5726521, 45.4484772 ], [ -73.5726798, 45.4481086 ], [ -73.5727066, 45.4478179 ], [ -73.5727115, 45.4477649 ] ] } },
{ "type": "Feature", "properties": { "u": 32661181, "v": 32661180, "key": 0, "highway": "tertiary", "length_km": 0.082435907141576767, "h_neige": 19.83, "is_crit_security_social": true, "is_crit_economique": true, "quartier": "verdun", "scenario_1": true, "scenario_2": true, "scenario_3": true }, "geometry": { "type": "LineString", "coordinates": [ [ -73.5726412, 45.4486018 ], [ -73.5726354, 45.4486549 ], [ -73.5726334, 45.4486829 ], [ -73.5725898, 45.4492524 ], [ -73.5725881, 45.4492894 ], [ -73.5725748, 45.4493413 ] ] } },
{ "type": "Feature", "properties": { "u": 32661182, "v": 10863375784, "key": 0, "highway": "residential", "length_km": 0.097759158262630916, "h_neige": 17.76, "is_crit_security_social": true, "is_crit_economique": false, "quartier": "verdun", "scenario_1": true, "scenario_2": false, "scenario_3": true }, "geometry": { "type": "LineString", "coordinates": [ [ -73.5727115, 45.4477649 ], [ -73.5726547, 45.4477601 ], [ -73.5726156, 45.4477568 ], [ -73.5722916, 45.4477294 ], [ -73.5717741, 45.447687 ], [ -73.571688, 45.447678 ], [ -73.571642, 45.4476694 ], [ -73.571615, 45.447659 ], [ -73.5715918, 45.4476501 ], [ -73.571575, 45.4476399 ], [ -73.5715023, 45.4475969 ] ] } },
{ "type": "Feature", "properties": { "u": 32661182, "v": 32661183, "key": 0, "highway": "tertiary", "length_km": 0.079228617026448012, "h_neige": 12.16, "is_crit_security_social": true, "is_crit_economique": true, "quartier": "verdun", "scenario_1": true, "scenario_2": true, "scenario_3": true }, "geometry": { "type": "LineString", "coordinates": [ [ -73.5727115, 45.4477649 ], [ -73.5727158, 45.4477128 ], [ -73.5727218, 45.4476406 ], [ -73.5727672, 45.4471456 ], [ -73.5727696, 45.4471077 ], [ -73.5727753, 45.4470538 ] ] } },
{ "type": "Feature", "properties": { "u": 32661182, "v": 32661181, "key": 0, "highway": "tertiary", "length_km": 0.093222263608717229, "h_neige": 16.39, "is_crit_security_social": true, "is_crit_economique": true, "quartier": "verdun", "scenario_1": true, "scenario_2": true, "scenario_3": true }, "geometry": { "type": "LineString", "coordinates": [ [ -73.5727115, 45.4477649 ], [ -73.5727066, 45.4478179 ], [ -73.5726798, 45.4481086 ], [ -73.5726521, 45.4484772 ], [ -73.57265, 45.4485054 ], [ -73.5726455, 45.4485561 ], [ -73.5726412, 45.4486018 ] ] } },
{ "type": "Feature", "properties": { "u": 32661183, "v": 1700534177, "key": 0, "highway": "residential", "length_km": 0.34080014030993688, "h_neige": 5.36, "is_crit_security_social": true, "is_crit_economique": false, "quartier": "verdun", "scenario_1": true, "scenario_2": false, "scenario_3": true }, "geometry": { "type": "LineString", "coordinates": [ [ -73.5727753, 45.4470538 ], [ -73.5728294, 45.4470542 ], [ -73.57288, 45.4470568 ], [ -73.5729567, 45.4470632 ], [ -73.5733977, 45.4471077 ], [ -73.5735156, 45.4471203 ], [ -73.5760684, 45.4473921 ], [ -73.5765253, 45.4474401 ], [ -73.5765981, 45.4474482 ], [ -73.5769662, 45.4474872 ], [ -73.5770037, 45.4474911 ], [ -73.5770967, 45.4474999 ] ] } },
{ "type": "Feature", "properties": { "u": 32661183, "v": 10992440203, "key": 0, "highway": "tertiary", "length_km": 0.033880568668290048, "h_neige": 15.89, "is_crit_security_social": true, "is_crit_economique": true, "quartier": "verdun", "scenario_1": true, "scenario_2": true, "scenario_3": true }, "geometry": { "type": "LineString", "coordinates": [ [ -73.5727753, 45.4470538 ], [ -73.5727178, 45.4470487 ], [ -73.5727079, 45.447047 ], [ -73.572648, 45.4470364 ], [ -73.5725871, 45.4470195 ], [ -73.5724924, 45.4469875 ], [ -73.5724623, 45.4469754 ], [ -73.5724179, 45.4469579 ], [ -73.5723762, 45.446941 ] ] } },
{ "type": "Feature", "properties": { "u": 32661183, "v": 32661182, "key": 0, "highway": "tertiary", "length_km": 0.079228617026448012, "h_neige": 9.25, "is_crit_security_social": true, "is_crit_economique": true, "quartier": "verdun", "scenario_1": true, "scenario_2": true, "scenario_3": true }, "geometry": { "type": "LineString", "coordinates": [ [ -73.5727753, 45.4470538 ], [ -73.5727696, 45.4471077 ], [ -73.5727672, 45.4471456 ], [ -73.5727218, 45.4476406 ], [ -73.5727158, 45.4477128 ], [ -73.5727115, 45.4477649 ] ] } },
{ "type": "Feature", "properties": { "u": 32661184, "v": 10863417721, "key": 0, "highway": "residential", "length_km": 0.0099023234570243136, "h_neige": 17.12, "is_crit_security_social": true, "is_crit_economique": false, "quartier": "verdun", "scenario_1": true, "scenario_2": false, "scenario_3": true }, "geometry": { "type": "LineString", "coordinates": [ [ -73.572887, 45.4463496 ], [ -73.5727753, 45.4463073 ] ] } },
{ "type": "Feature", "properties": { "u": 32661184, "v": 32661666, "key": 0, "highway": "secondary", "length_km": 0.094974142169258299, "h_neige": 15.94, "is_crit_security_social": true, "is_crit_economique": true, "quartier": "verdun", "scenario_1": true, "scenario_2": true, "scenario_3": true }, "geometry": { "type": "LineString", "coordinates": [ [ -73.572887, 45.4463496 ], [ -73.5729567, 45.4462587 ], [ -73.5732825, 45.445854 ], [ -73.5734964, 45.4456104 ] ] } },
{ "type": "Feature", "properties": { "u": 32661193, "v": 1700518206, "key": 0, "highway": "secondary", "length_km": 0.10148862961140044, "h_neige": 5.33, "is_crit_security_social": true, "is_crit_economique": true, "quartier": "verdun", "scenario_1": true, "scenario_2": true, "scenario_3": true }, "geometry": { "type": "LineString", "coordinates": [ [ -73.5629739, 45.4617329 ], [ -73.5629672, 45.4616571 ], [ -73.562969, 45.4616376 ], [ -73.5630329, 45.4609991 ], [ -73.5630509, 45.4608224 ] ] } },
{ "type": "Feature", "properties": { "u": 32661193, "v": 32661140, "key": 0, "highway": "secondary", "length_km": 0.10613279880077478, "h_neige": 15.35, "is_crit_security_social": true, "is_crit_economique": true, "quartier": "verdun", "scenario_1": true, "scenario_2": true, "scenario_3": true }, "geometry": { "type": "LineString", "coordinates": [ [ -73.5629739, 45.4617329 ], [ -73.5630014, 45.4618243 ], [ -73.5630192, 45.4618628 ], [ -73.5631776, 45.462151 ], [ -73.5633811, 45.4624644 ], [ -73.5634045, 45.4625009 ], [ -73.5634751, 45.4626182 ] ] } },
{ "type": "Feature", "properties": { "u": 32661220, "v": 1700518190, "key": 0, "highway": "secondary", "length_km": 0.062818496961570797, "h_neige": 9.51, "is_crit_security_social": true, "is_crit_economique": true, "quartier": "verdun", "scenario_1": true, "scenario_2": true, "scenario_3": true }, "geometry": { "type": "LineString", "coordinates": [ [ -73.5679005, 45.4529084 ], [ -73.5679051, 45.4528598 ], [ -73.5679114, 45.452793 ], [ -73.5679439, 45.4524496 ], [ -73.5679474, 45.4524094 ], [ -73.5679538, 45.4523447 ] ] } },
{ "type": "Feature", "properties": { "u": 32661220, "v": 32661221, "key": 0, "highway": "secondary", "length_km": 0.084480361164846585, "h_neige": 8.11, "is_crit_security_social": true, "is_crit_economique": true, "quartier": "verdun", "scenario_1": true, "scenario_2": true, "scenario_3": true }, "geometry": { "type": "LineString", "coordinates": [ [ -73.5679005, 45.4529084 ], [ -73.5678963, 45.4529531 ], [ -73.5678901, 45.4530184 ], [ -73.5678337, 45.4536141 ], [ -73.5678292, 45.4536665 ] ] } },
{ "type": "Feature", "properties": { "u": 32661221, "v": 32661220, "key": 0, "highway": "secondary", "length_km": 0.084480361164846585, "h_neige": 13.2, "is_crit_security_social": true, "is_crit_economique": true, "quartier": "verdun", "scenario_1": true, "scenario_2": true, "scenario_3": true }, "geometry": { "type": "LineString", "coordinates": [ [ -73.5678292, 45.4536665 ], [ -73.5678337, 45.4536141 ], [ -73.5678901, 45.4530184 ], [ -73.5678963, 45.4529531 ], [ -73.5679005, 45.4529084 ] ] } },
{ "type": "Feature", "properties": { "u": 32661221, "v": 1700518193, "key": 0, "highway": "secondary", "length_km": 0.095029765177973957, "h_neige": 18.58, "is_crit_security_social": true, "is_crit_economique": true, "quartier": "verdun", "scenario_1": true, "scenario_2": true, "scenario_3": true }, "geometry": { "type": "LineString", "coordinates": [ [ -73.5678292, 45.4536665 ], [ -73.5678234, 45.4537198 ], [ -73.5677593, 45.4544488 ], [ -73.5677579, 45.4544739 ], [ -73.5677545, 45.4545195 ] ] } },
{ "type": "Feature", "properties": { "u": 32661221, "v": 1700525584, "key": 0, "highway": "residential", "length_km": 0.33876444328977379, "h_neige": 10.97, "is_crit_security_social": true, "is_crit_economique": false, "quartier": "verdun", "scenario_1": true, "scenario_2": false, "scenario_3": true }, "geometry": { "type": "LineString", "coordinates": [ [ -73.5678292, 45.4536665 ], [ -73.5679244, 45.4536695 ], [ -73.5683792, 45.4536901 ], [ -73.571598, 45.4538168 ], [ -73.57202, 45.4538328 ], [ -73.5720678, 45.4538346 ], [ -73.5720929, 45.4538356 ], [ -73.5721653, 45.4538384 ] ] } },
{ "type": "Feature", "properties": { "u": 32661224, "v": 1700525613, "key": 0, "highway": "residential", "length_km": 0.33894060806104553, "h_neige": 15.82, "is_crit_security_social": true, "is_crit_economique": false, "quartier": "verdun", "scenario_1": true, "scenario_2": false, "scenario_3": true }, "geometry": { "type": "LineString", "coordinates": [ [ -73.5676765, 45.4553872 ], [ -73.5677679, 45.4553911 ], [ -73.5681713, 45.4554079 ], [ -73.5682139, 45.4554094 ], [ -73.5688987, 45.4554412 ], [ -73.5711301, 45.455537 ], [ -73.5715194, 45.4555544 ], [ -73.5718214, 45.4555668 ], [ -73.5718633, 45.4555687 ], [ -73.5719238, 45.4555713 ], [ -73.5719382, 45.455572 ], [ -73.5720136, 45.4555757 ] ] } },
{ "type": "Feature", "properties": { "u": 32661224, "v": 32661225, "key": 0, "highway": "secondary", "length_km": 0.076492319955843283, "h_neige": 13.77, "is_crit_security_social": true, "is_crit_economique": true, "quartier": "verdun", "scenario_1": true, "scenario_2": true, "scenario_3": true }, "geometry": { "type": "LineString", "coordinates": [ [ -73.5676765, 45.4553872 ], [ -73.5676718, 45.4554388 ], [ -73.567669, 45.4554705 ], [ -73.567665, 45.4555159 ], [ -73.5676438, 45.4557586 ], [ -73.5676221, 45.4559823 ], [ -73.5676183, 45.4560269 ], [ -73.5676138, 45.4560737 ] ] } },
{ "type": "Feature", "properties": { "u": 32661224, "v": 1700518194, "key": 0, "highway": "secondary", "length_km": 0.081623922844711538, "h_neige": 19.89, "is_crit_security_social": true, "is_crit_economique": true, "quartier": "verdun", "scenario_1": true, "scenario_2": true, "scenario_3": true }, "geometry": { "type": "LineString", "coordinates": [ [ -73.5676765, 45.4553872 ], [ -73.5676813, 45.455333 ], [ -73.5676836, 45.4553071 ], [ -73.5677345, 45.4547335 ], [ -73.5677372, 45.4546991 ], [ -73.5677423, 45.4546546 ] ] } },
{ "type": "Feature", "properties": { "u": 32661225, "v": 32661224, "key": 0, "highway": "secondary", "length_km": 0.076492319955843283, "h_neige": 8.34, "is_crit_security_social": true, "is_crit_economique": true, "quartier": "verdun", "scenario_1": true, "scenario_2": true, "scenario_3": true }, "geometry": { "type": "LineString", "coordinates": [ [ -73.5676138, 45.4560737 ], [ -73.5676183, 45.4560269 ], [ -73.5676221, 45.4559823 ], [ -73.5676438, 45.4557586 ], [ -73.567665, 45.4555159 ], [ -73.567669, 45.4554705 ], [ -73.5676718, 45.4554388 ], [ -73.5676765, 45.4553872 ] ] } },
{ "type": "Feature", "properties": { "u": 32661225, "v": 32661226, "key": 0, "highway": "secondary", "length_km": 0.068105796141180938, "h_neige": 18.54, "is_crit_security_social": true, "is_crit_economique": true, "quartier": "verdun", "scenario_1": true, "scenario_2": true, "scenario_3": true }, "geometry": { "type": "LineString", "coordinates": [ [ -73.5676138, 45.4560737 ], [ -73.5676108, 45.4561261 ], [ -73.567608, 45.456169 ], [ -73.5675693, 45.4565824 ], [ -73.5675644, 45.4566371 ], [ -73.5675599, 45.456685 ] ] } },
{ "type": "Feature", "properties": { "u": 32661225, "v": 1700518196, "key": 0, "highway": "residential", "length_km": 0.26333367280481013, "h_neige": 5.18, "is_crit_security_social": true, "is_crit_economique": false, "quartier": "verdun", "scenario_1": true, "scenario_2": false, "scenario_3": true }, "geometry": { "type": "LineString", "coordinates": [ [ -73.5676138, 45.4560737 ], [ -73.5675269, 45.4560693 ], [ -73.5671241, 45.4560523 ], [ -73.5651082, 45.4559626 ], [ -73.5648215, 45.4559488 ], [ -73.5643785, 45.4559258 ], [ -73.56434, 45.4559231 ], [ -73.5642454, 45.4559153 ] ] } },
{ "type": "Feature", "properties": { "u": 32661226, "v": 32661168, "key": 0, "highway": "residential", "length_km": 0.33818277758468629, "h_neige": 10.06, "is_crit_security_social": true, "is_crit_economique": false, "quartier": "verdun", "scenario_1": true, "scenario_2": false, "scenario_3": true }, "geometry": { "type": "LineString", "coordinates": [ [ -73.5675599, 45.456685 ], [ -73.5676322, 45.4566884 ], [ -73.5680447, 45.4567058 ], [ -73.5684859, 45.4567253 ], [ -73.5686726, 45.4567342 ], [ -73.5697017, 45.4567801 ], [ -73.5707898, 45.4568286 ], [ -73.5713937, 45.4568532 ], [ -73.5717498, 45.4568691 ], [ -73.5717929, 45.4568711 ], [ -73.5718238, 45.4568725 ], [ -73.5718872, 45.4568754 ] ] } },
{ "type": "Feature", "properties": { "u": 32661226, "v": 32661225, "key": 0, "highway": "secondary", "length_km": 0.068105796141180938, "h_neige": 1.39, "is_crit_security_social": true, "is_crit_economique": true, "quartier": "verdun", "scenario_1": true, "scenario_2": true, "scenario_3": true }, "geometry": { "type": "LineString", "coordinates": [ [ -73.5675599, 45.456685 ], [ -73.5675644, 45.4566371 ], [ -73.5675693, 45.4565824 ], [ -73.567608, 45.456169 ], [ -73.5676108, 45.4561261 ], [ -73.5676138, 45.4560737 ] ] } },
{ "type": "Feature", "properties": { "u": 32661226, "v": 32661227, "key": 0, "highway": "secondary", "length_km": 0.064470335428547923, "h_neige": 1.74, "is_crit_security_social": true, "is_crit_economique": true, "quartier": "verdun", "scenario_1": true, "scenario_2": true, "scenario_3": true }, "geometry": { "type": "LineString", "coordinates": [ [ -73.5675599, 45.456685 ], [ -73.567556, 45.4567318 ], [ -73.5675507, 45.4567947 ], [ -73.5675203, 45.4571588 ], [ -73.5675153, 45.4572187 ], [ -73.5675115, 45.4572638 ] ] } },
{ "type": "Feature", "properties": { "u": 32661227, "v": 1700518199, "key": 0, "highway": "residential", "length_km": 0.30379522895907618, "h_neige": 10.57, "is_crit_security_social": true, "is_crit_economique": false, "quartier": "verdun", "scenario_1": true, "scenario_2": false, "scenario_3": true }, "geometry": { "type": "LineString", "coordinates": [ [ -73.5675115, 45.4572638 ], [ -73.5674353, 45.4572605 ], [ -73.5670163, 45.4572421 ], [ -73.5642173, 45.4571204 ], [ -73.5641142, 45.4571162 ], [ -73.5637718, 45.4571018 ], [ -73.5637298, 45.4570982 ], [ -73.5636251, 45.4570874 ] ] } },
{ "type": "Feature", "properties": { "u": 32661227, "v": 32661251, "key": 0, "highway": "secondary", "length_km": 0.064638206961651082, "h_neige": 0.9, "is_crit_security_social": true, "is_crit_economique": true, "quartier": "verdun", "scenario_1": true, "scenario_2": true, "scenario_3": true }, "geometry": { "type": "LineString", "coordinates": [ [ -73.5675115, 45.4572638 ], [ -73.567506, 45.4573133 ], [ -73.5675004, 45.4573696 ], [ -73.5674581, 45.4577962 ], [ -73.567454, 45.4578437 ] ] } },
{ "type": "Feature", "properties": { "u": 32661227, "v": 32661226, "key": 0, "highway": "secondary", "length_km": 0.064470335428547909, "h_neige": 19.09, "is_crit_security_social": true, "is_crit_economique": true, "quartier": "verdun", "scenario_1": true, "scenario_2": true, "scenario_3": true }, "geometry": { "type": "LineString", "coordinates": [ [ -73.5675115, 45.4572638 ], [ -73.5675153, 45.4572187 ], [ -73.5675203, 45.4571588 ], [ -73.5675507, 45.4567947 ], [ -73.567556, 45.4567318 ], [ -73.5675599, 45.456685 ] ] } },
{ "type": "Feature", "properties": { "u": 32661251, "v": 1700525617, "key": 0, "highway": "residential", "length_km": 0.3376516187057903, "h_neige": 4.79, "is_crit_security_social": true, "is_crit_economique": false, "quartier": "verdun", "scenario_1": true, "scenario_2": false, "scenario_3": true }, "geometry": { "type": "LineString", "coordinates": [ [ -73.567454, 45.4578437 ], [ -73.5675452, 45.4578478 ], [ -73.5679407, 45.4578646 ], [ -73.5712844, 45.4580178 ], [ -73.5716483, 45.4580335 ], [ -73.571686, 45.4580352 ], [ -73.571718, 45.4580367 ], [ -73.5717741, 45.4580393 ] ] } },
{ "type": "Feature", "properties": { "u": 32661251, "v": 32661252, "key": 0, "highway": "secondary", "length_km": 0.064443241655365163, "h_neige": 3.59, "is_crit_security_social": true, "is_crit_economique": true, "quartier": "verdun", "scenario_1": true, "scenario_2": true, "scenario_3": true }, "geometry": { "type": "LineString", "coordinates": [ [ -73.567454, 45.4578437 ], [ -73.5674493, 45.4578992 ], [ -73.5674105, 45.4583464 ], [ -73.5674079, 45.4583744 ], [ -73.5674043, 45.4584222 ] ] } },
{ "type": "Feature", "properties": { "u": 32661251, "v": 32661227, "key": 0, "highway": "secondary", "length_km": 0.064638206961651082, "h_neige": 3.0, "is_crit_security_social": true, "is_crit_economique": true, "quartier": "verdun", "scenario_1": true, "scenario_2": true, "scenario_3": true }, "geometry": { "type": "LineString", "coordinates": [ [ -73.567454, 45.4578437 ], [ -73.5674581, 45.4577962 ], [ -73.5675004, 45.4573696 ], [ -73.567506, 45.4573133 ], [ -73.5675115, 45.4572638 ] ] } },
{ "type": "Feature", "properties": { "u": 32661252, "v": 1700518203, "key": 0, "highway": "residential", "length_km": 0.31759776022254349, "h_neige": 6.1, "is_crit_security_social": true, "is_crit_economique": false, "quartier": "verdun", "scenario_1": true, "scenario_2": false, "scenario_3": true }, "geometry": { "type": "LineString", "coordinates": [ [ -73.5674043, 45.4584222 ], [ -73.5673166, 45.458419 ], [ -73.5669085, 45.458404 ], [ -73.5638331, 45.4582662 ], [ -73.5634836, 45.4582505 ], [ -73.563442, 45.4582486 ], [ -73.5633402, 45.4582446 ] ] } },
{ "type": "Feature", "properties": { "u": 32661252, "v": 32661253, "key": 0, "highway": "secondary", "length_km": 0.090700270145115891, "h_neige": 8.65, "is_crit_security_social": true, "is_crit_economique": true, "quartier": "verdun", "scenario_1": true, "scenario_2": true, "scenario_3": true }, "geometry": { "type": "LineString", "coordinates": [ [ -73.5674043, 45.4584222 ], [ -73.5673983, 45.4584806 ], [ -73.5673954, 45.4585167 ], [ -73.5673706, 45.4587667 ], [ -73.5673575, 45.4589325 ], [ -73.5673354, 45.4591497 ], [ -73.5673324, 45.4591797 ], [ -73.5673278, 45.4592361 ] ] } },
{ "type": "Feature", "properties": { "u": 32661252, "v": 32661251, "key": 0, "highway": "secondary", "length_km": 0.064443241655365163, "h_neige": 9.04, "is_crit_security_social": true, "is_crit_economique": true, "quartier": "verdun", "scenario_1": true, "scenario_2": true, "scenario_3": true }, "geometry": { "type": "LineString", "coordinates": [ [ -73.5674043, 45.4584222 ], [ -73.5674079, 45.4583744 ], [ -73.5674105, 45.4583464 ], [ -73.5674493, 45.4578992 ], [ -73.567454, 45.4578437 ] ] } },
{ "type": "Feature", "properties": { "u": 32661253, "v": 32661164, "key": 0, "highway": "residential", "length_km": 0.33784875018432819, "h_neige": 16.55, "is_crit_security_social": true, "is_crit_economique": false, "quartier": "verdun", "scenario_1": true, "scenario_2": false, "scenario_3": true }, "geometry": { "type": "LineString", "coordinates": [ [ -73.5673278, 45.4592361 ], [ -73.567417, 45.4592406 ], [ -73.567858, 45.4592624 ], [ -73.5685033, 45.4592897 ], [ -73.5693929, 45.459328 ], [ -73.5696345, 45.4593385 ], [ -73.5711499, 45.4594056 ], [ -73.571242, 45.4594096 ], [ -73.5712609, 45.4594105 ], [ -73.5715287, 45.459424 ], [ -73.5715567, 45.4594249 ], [ -73.5715886, 45.4594261 ], [ -73.5716508, 45.4594285 ] ] } },
{ "type": "Feature", "properties": { "u": 32661253, "v": 32661252, "key": 0, "highway": "secondary", "length_km": 0.090700270145115891, "h_neige": 8.72, "is_crit_security_social": true, "is_crit_economique": true, "quartier": "verdun", "scenario_1": true, "scenario_2": true, "scenario_3": true }, "geometry": { "type": "LineString", "coordinates": [ [ -73.5673278, 45.4592361 ], [ -73.5673324, 45.4591797 ], [ -73.5673354, 45.4591497 ], [ -73.5673575, 45.4589325 ], [ -73.5673706, 45.4587667 ], [ -73.5673954, 45.4585167 ], [ -73.5673983, 45.4584806 ], [ -73.5674043, 45.4584222 ] ] } },
{ "type": "Feature", "properties": { "u": 32661253, "v": 1700525640, "key": 0, "highway": "secondary", "length_km": 0.098433210224896997, "h_neige": 18.15, "is_crit_security_social": true, "is_crit_economique": true, "quartier": "verdun", "scenario_1": true, "scenario_2": true, "scenario_3": true }, "geometry": { "type": "LineString", "coordinates": [ [ -73.5673278, 45.4592361 ], [ -73.5673229, 45.4592871 ], [ -73.5673195, 45.4593235 ], [ -73.5672562, 45.4600156 ], [ -73.5672515, 45.4600676 ], [ -73.5672467, 45.4601195 ] ] } },
{ "type": "Feature", "properties": { "u": 32661256, "v": 1700534187, "key": 0, "highway": "residential", "length_km": 0.085288494403997869, "h_neige": 5.43, "is_crit_security_social": true, "is_crit_economique": false, "quartier": "verdun", "scenario_1": true, "scenario_2": false, "scenario_3": true }, "geometry": { "type": "LineString", "coordinates": [ [ -73.5668168, 45.4648973 ], [ -73.5667298, 45.4648935 ], [ -73.5662836, 45.464874 ], [ -73.5662049, 45.4648705 ], [ -73.5657253, 45.4648494 ] ] } },
{ "type": "Feature", "properties": { "u": 32661256, "v": 1429448537, "key": 0, "highway": "secondary", "length_km": 0.24927342655006038, "h_neige": 0.48, "is_crit_security_social": true, "is_crit_economique": true, "quartier": "verdun", "scenario_1": true, "scenario_2": true, "scenario_3": true }, "geometry": { "type": "LineString", "coordinates": [ [ -73.5668168, 45.4648973 ], [ -73.5668115, 45.4649561 ], [ -73.566809, 45.4649837 ], [ -73.5666863, 45.466345 ], [ -73.5666246, 45.46703 ], [ -73.5666201, 45.4670734 ], [ -73.5666152, 45.4671346 ] ] } },
{ "type": "Feature", "properties": { "u": 32661256, "v": 1764284111, "key": 0, "highway": "secondary", "length_km": 0.23559091953352854, "h_neige": 0.72, "is_crit_security_social": true, "is_crit_economique": true, "quartier": "verdun", "scenario_1": true, "scenario_2": true, "scenario_3": true }, "geometry": { "type": "LineString", "coordinates": [ [ -73.5668168, 45.4648973 ], [ -73.566821, 45.4648505 ], [ -73.566824, 45.4648177 ], [ -73.5669285, 45.4636574 ], [ -73.5669316, 45.4636234 ], [ -73.5669347, 45.4635888 ], [ -73.5669399, 45.4635316 ], [ -73.566996, 45.4629092 ], [ -73.5669982, 45.4628842 ], [ -73.5670021, 45.4628411 ], [ -73.5670073, 45.4627828 ] ] } },
{ "type": "Feature", "properties": { "u": 32661260, "v": 797776010, "key": 0, "highway": "secondary", "length_km": 0.014321720663568504, "h_neige": 8.31, "is_crit_security_social": true, "is_crit_economique": true, "quartier": "verdun", "scenario_1": true, "scenario_2": true, "scenario_3": true }, "geometry": { "type": "LineString", "coordinates": [ [ -73.5664976, 45.4677005 ], [ -73.5664172, 45.4675847 ] ] } },
{ "type": "Feature", "properties": { "u": 32661260, "v": 1429448537, "key": 0, "highway": "secondary", "length_km": 0.065022692329591028, "h_neige": 15.81, "is_crit_security_social": true, "is_crit_economique": true, "quartier": "verdun", "scenario_1": true, "scenario_2": true, "scenario_3": true }, "geometry": { "type": "LineString", "coordinates": [ [ -73.5664976, 45.4677005 ], [ -73.5665398, 45.4676523 ], [ -73.5665544, 45.4676312 ], [ -73.5665749, 45.4676042 ], [ -73.5665911, 45.4675771 ], [ -73.5666057, 45.4675365 ], [ -73.5666154, 45.4674959 ], [ -73.5666226, 45.4674452 ], [ -73.5666258, 45.4673971 ], [ -73.5666221, 45.4672387 ], [ -73.5666152, 45.4671346 ] ] } },
{ "type": "Feature", "properties": { "u": 32661260, "v": 32661774, "key": 0, "highway": "secondary", "length_km": 0.12253712319551335, "h_neige": 3.29, "is_crit_security_social": true, "is_crit_economique": true, "quartier": "verdun", "scenario_1": true, "scenario_2": true, "scenario_3": true }, "geometry": { "type": "LineString", "coordinates": [ [ -73.5664976, 45.4677005 ], [ -73.5665466, 45.4677652 ], [ -73.5665625, 45.4677855 ], [ -73.5666559, 45.4679297 ], [ -73.5669654, 45.4684103 ], [ -73.5670507, 45.4685389 ], [ -73.5670629, 45.4685577 ], [ -73.5670779, 45.4685809 ], [ -73.5671547, 45.4687013 ] ] } },
{ "type": "Feature", "properties": { "u": 32661266, "v": 248413240, "key": 0, "highway": "tertiary", "length_km": 0.16086937695054426, "h_neige": 11.2, "is_crit_security_social": true, "is_crit_economique": true, "quartier": "verdun", "scenario_1": true, "scenario_2": true, "scenario_3": true }, "geometry": { "type": "LineString", "coordinates": [ [ -73.5638581, 45.4711024 ], [ -73.5637731, 45.4710699 ], [ -73.5635453, 45.4709828 ], [ -73.5635017, 45.4709662 ], [ -73.5630788, 45.4708046 ], [ -73.562932, 45.4707485 ], [ -73.5624472, 45.4705632 ], [ -73.5622562, 45.4704902 ], [ -73.5621901, 45.4704628 ], [ -73.5621356, 45.4704362 ], [ -73.5620587, 45.4703965 ] ] } },
{ "type": "Feature", "properties": { "u": 32661266, "v": 615101597, "key": 0, "highway": "secondary", "length_km": 0.36090763488307565, "h_neige": 8.06, "is_crit_security_social": true, "is_crit_economique": true, "quartier": "verdun", "scenario_1": true, "scenario_2": true, "scenario_3": true }, "geometry": { "type": "LineString", "coordinates": [ [ -73.5638581, 45.4711024 ], [ -73.5639052, 45.471048 ], [ -73.5639279, 45.471023 ], [ -73.5639572, 45.4709882 ], [ -73.5639973, 45.4709391 ], [ -73.5640864, 45.4708205 ], [ -73.5641074, 45.4707925 ], [ -73.564296, 45.4705476 ], [ -73.5643466, 45.4704807 ], [ -73.5646364, 45.4700979 ], [ -73.5650101, 45.4696095 ], [ -73.5650779, 45.46952 ], [ -73.5653155, 45.4692061 ], [ -73.5653678, 45.4691374 ], [ -73.5653869, 45.4691122 ], [ -73.5654274, 45.4690585 ], [ -73.5654657, 45.4690082 ], [ -73.5658, 45.4685695 ], [ -73.5659728, 45.4683429 ], [ -73.5660229, 45.468274 ], [ -73.5660464, 45.4682427 ] ] } },
{ "type": "Feature", "properties": { "u": 32661355, "v": 8640521372, "key": 0, "highway": "secondary", "length_km": 0.035652745385659351, "h_neige": 14.59, "is_crit_security_social": true, "is_crit_economique": true, "quartier": "verdun", "scenario_1": true, "scenario_2": true, "scenario_3": true }, "geometry": { "type": "LineString", "coordinates": [ [ -73.5793687, 45.4615458 ], [ -73.5793851, 45.461678 ], [ -73.5793956, 45.4618017 ], [ -73.5793975, 45.4618657 ] ] } },
{ "type": "Feature", "properties": { "u": 32661355, "v": 32661426, "key": 0, "highway": "secondary", "length_km": 0.10142989834229273, "h_neige": 4.83, "is_crit_security_social": true, "is_crit_economique": true, "quartier": "verdun", "scenario_1": true, "scenario_2": true, "scenario_3": true }, "geometry": { "type": "LineString", "coordinates": [ [ -73.5793687, 45.4615458 ], [ -73.5793487, 45.4614315 ], [ -73.579275, 45.4610515 ], [ -73.5792387, 45.4608434 ], [ -73.5792063, 45.4606408 ] ] } },
{ "type": "Feature", "properties": { "u": 32661426, "v": 1700525645, "key": 0, "highway": "residential", "length_km": 0.25792335495153995, "h_neige": 14.33, "is_crit_security_social": true, "is_crit_economique": false, "quartier": "verdun", "scenario_1": true, "scenario_2": false, "scenario_3": true }, "geometry": { "type": "LineString", "coordinates": [ [ -73.5792063, 45.4606408 ], [ -73.5791504, 45.4606446 ], [ -73.5791001, 45.460645 ], [ -73.5787218, 45.4606299 ], [ -73.5779921, 45.4605977 ], [ -73.5775821, 45.4605798 ], [ -73.5768688, 45.4605486 ], [ -73.5763141, 45.4605244 ], [ -73.576053, 45.4605131 ], [ -73.575994, 45.4605111 ], [ -73.5759055, 45.4605081 ] ] } },
{ "type": "Feature", "properties": { "u": 32661426, "v": 10992398283, "key": 0, "highway": "secondary", "length_km": 0.098382668553990985, "h_neige": 18.24, "is_crit_security_social": true, "is_crit_economique": true, "quartier": "verdun", "scenario_1": true, "scenario_2": true, "scenario_3": true }, "geometry": { "type": "LineString", "coordinates": [ [ -73.5792063, 45.4606408 ], [ -73.5791925, 45.4605547 ], [ -73.5791787, 45.4604506 ], [ -73.5791658, 45.4603168 ], [ -73.5791619, 45.4602168 ], [ -73.5791632, 45.4600527 ], [ -73.5791656, 45.4598429 ], [ -73.579166, 45.4598077 ], [ -73.5791685, 45.4597574 ] ] } },
{ "type": "Feature", "properties": { "u": 32661426, "v": 32661355, "key": 0, "highway": "secondary", "length_km": 0.10142989834229273, "h_neige": 3.7, "is_crit_security_social": true, "is_crit_economique": true, "quartier": "verdun", "scenario_1": true, "scenario_2": true, "scenario_3": true }, "geometry": { "type": "LineString", "coordinates": [ [ -73.5792063, 45.4606408 ], [ -73.5792387, 45.4608434 ], [ -73.579275, 45.4610515 ], [ -73.5793487, 45.4614315 ], [ -73.5793687, 45.4615458 ] ] } },
{ "type": "Feature", "properties": { "u": 32661443, "v": 10992398280, "key": 0, "highway": "secondary", "length_km": 0.064969131542813988, "h_neige": 16.12, "is_crit_security_social": true, "is_crit_economique": true, "quartier": "verdun", "scenario_1": true, "scenario_2": true, "scenario_3": true }, "geometry": { "type": "LineString", "coordinates": [ [ -73.5792892, 45.4583701 ], [ -73.5792173, 45.4589522 ] ] } },
{ "type": "Feature", "properties": { "u": 32661443, "v": 32661444, "key": 0, "highway": "secondary", "length_km": 0.064532364842864787, "h_neige": 6.09, "is_crit_security_social": true, "is_crit_economique": true, "quartier": "verdun", "scenario_1": true, "scenario_2": true, "scenario_3": true }, "geometry": { "type": "LineString", "coordinates": [ [ -73.5792892, 45.4583701 ], [ -73.5793303, 45.4581129 ], [ -73.5793991, 45.457795 ] ] } },
{ "type": "Feature", "properties": { "u": 32661444, "v": 32661443, "key": 0, "highway": "secondary", "length_km": 0.064532364842864787, "h_neige": 7.2, "is_crit_security_social": true, "is_crit_economique": true, "quartier": "verdun", "scenario_1": true, "scenario_2": true, "scenario_3": true }, "geometry": { "type": "LineString", "coordinates": [ [ -73.5793991, 45.457795 ], [ -73.5793303, 45.4581129 ], [ -73.5792892, 45.4583701 ] ] } },
{ "type": "Feature", "properties": { "u": 32661444, "v": 10992398303, "key": 0, "highway": "secondary", "length_km": 0.072811576200237219, "h_neige": 14.61, "is_crit_security_social": true, "is_crit_economique": true, "quartier": "verdun", "scenario_1": true, "scenario_2": true, "scenario_3": true }, "geometry": { "type": "LineString", "coordinates": [ [ -73.5793991, 45.457795 ], [ -73.5794768, 45.4575142 ], [ -73.5795441, 45.4572791 ], [ -73.579556, 45.4572444 ], [ -73.5795871, 45.4571537 ] ] } },
{ "type": "Feature", "properties": { "u": 32661458, "v": 32661169, "key": 0, "highway": "residential", "length_km": 0.338618093107804, "h_neige": 12.25, "is_crit_security_social": true, "is_crit_economique": false, "quartier": "verdun", "scenario_1": true, "scenario_2": false, "scenario_3": true }, "geometry": { "type": "LineString", "coordinates": [ [ -73.5762779, 45.4564521 ], [ -73.5761862, 45.4564477 ], [ -73.5757897, 45.4564297 ], [ -73.5732045, 45.4563209 ], [ -73.5728636, 45.4563056 ], [ -73.5724365, 45.4562859 ], [ -73.5721297, 45.4562733 ], [ -73.5720837, 45.456271 ], [ -73.5720386, 45.4562687 ], [ -73.5719986, 45.4562665 ], [ -73.5719449, 45.4562635 ] ] } },
{ "type": "Feature", "properties": { "u": 32661458, "v": 32661475, "key": 0, "highway": "tertiary", "length_km": 0.076791582444034084, "h_neige": 3.61, "is_crit_security_social": true, "is_crit_economique": true, "quartier": "verdun", "scenario_1": true, "scenario_2": true, "scenario_3": true }, "geometry": { "type": "LineString", "coordinates": [ [ -73.5762779, 45.4564521 ], [ -73.5762827, 45.4563998 ], [ -73.5762845, 45.4563797 ], [ -73.5763428, 45.455763 ] ] } },
{ "type": "Feature", "properties": { "u": 32661475, "v": 32661476, "key": 0, "highway": "tertiary", "length_km": 0.032315174579535838, "h_neige": 5.72, "is_crit_security_social": true, "is_crit_economique": true, "quartier": "verdun", "scenario_1": true, "scenario_2": true, "scenario_3": true }, "geometry": { "type": "LineString", "coordinates": [ [ -73.5763428, 45.455763 ], [ -73.5763675, 45.4554729 ] ] } },
{ "type": "Feature", "properties": { "u": 32661475, "v": 32661458, "key": 0, "highway": "tertiary", "length_km": 0.076791582444034084, "h_neige": 3.26, "is_crit_security_social": true, "is_crit_economique": true, "quartier": "verdun", "scenario_1": true, "scenario_2": true, "scenario_3": true }, "geometry": { "type": "LineString", "coordinates": [ [ -73.5763428, 45.455763 ], [ -73.5762845, 45.4563797 ], [ -73.5762827, 45.4563998 ], [ -73.5762779, 45.4564521 ] ] } },
{ "type": "Feature", "properties": { "u": 32661476, "v": 32661475, "key": 0, "highway": "tertiary", "length_km": 0.032315174579535838, "h_neige": 18.5, "is_crit_security_social": true, "is_crit_economique": true, "quartier": "verdun", "scenario_1": true, "scenario_2": true, "scenario_3": true }, "geometry": { "type": "LineString", "coordinates": [ [ -73.5763675, 45.4554729 ], [ -73.5763428, 45.455763 ] ] } },
{ "type": "Feature", "properties": { "u": 32661476, "v": 32661481, "key": 0, "highway": "tertiary", "length_km": 0.052249456379886691, "h_neige": 14.97, "is_crit_security_social": true, "is_crit_economique": true, "quartier": "verdun", "scenario_1": true, "scenario_2": true, "scenario_3": true }, "geometry": { "type": "LineString", "coordinates": [ [ -73.5763675, 45.4554729 ], [ -73.5764131, 45.4550041 ] ] } },
{ "type": "Feature", "properties": { "u": 32661476, "v": 10979811069, "key": 0, "highway": "tertiary", "length_km": 0.30177625881515324, "h_neige": 13.46, "is_crit_security_social": true, "is_crit_economique": true, "quartier": "verdun", "scenario_1": true, "scenario_2": true, "scenario_3": true }, "geometry": { "type": "LineString", "coordinates": [ [ -73.5763675, 45.4554729 ], [ -73.5764645, 45.4554763 ], [ -73.5769171, 45.4554967 ], [ -73.5800866, 45.4556273 ], [ -73.5801177, 45.4556296 ], [ -73.5801387, 45.4556339 ], [ -73.5802215, 45.455659 ] ] } },
{ "type": "Feature", "properties": { "u": 32661478, "v": 1700518194, "key": 0, "highway": "tertiary", "length_km": 0.15529611072114516, "h_neige": 11.31, "is_crit_security_social": true, "is_crit_economique": true, "quartier": "verdun", "scenario_1": true, "scenario_2": true, "scenario_3": true }, "geometry": { "type": "LineString", "coordinates": [ [ -73.5657961, 45.454482 ], [ -73.5658656, 45.4545174 ], [ -73.5659384, 45.4545548 ], [ -73.565998, 45.4545753 ], [ -73.5660651, 45.4545839 ], [ -73.5661399, 45.4545871 ], [ -73.5672004, 45.45463 ], [ -73.5676041, 45.4546473 ], [ -73.5676561, 45.4546504 ], [ -73.5677423, 45.4546546 ] ] } },
{ "type": "Feature", "properties": { "u": 32661478, "v": 1700518195, "key": 0, "highway": "secondary", "length_km": 0.11368588121817884, "h_neige": 2.3, "is_crit_security_social": true, "is_crit_economique": true, "quartier": "verdun", "scenario_1": true, "scenario_2": true, "scenario_3": true }, "geometry": { "type": "LineString", "coordinates": [ [ -73.5657961, 45.454482 ], [ -73.5656558, 45.4545657 ], [ -73.5656117, 45.4545921 ], [ -73.5655685, 45.4546179 ], [ -73.5652795, 45.4547872 ], [ -73.565161, 45.4548799 ], [ -73.5650605, 45.4549722 ], [ -73.5649523, 45.455085 ], [ -73.5648264, 45.4552326 ] ] } },
{ "type": "Feature", "properties": { "u": 32661478, "v": 32661493, "key": 0, "highway": "secondary", "length_km": 0.13114968371194946, "h_neige": 14.64, "is_crit_security_social": true, "is_crit_economique": true, "quartier": "verdun", "scenario_1": true, "scenario_2": true, "scenario_3": true }, "geometry": { "type": "LineString", "coordinates": [ [ -73.5657961, 45.454482 ], [ -73.565921, 45.4544037 ], [ -73.5659478, 45.4543863 ], [ -73.5663228, 45.4541331 ], [ -73.566489, 45.4540146 ], [ -73.5666626, 45.4538738 ], [ -73.5667672, 45.4537746 ], [ -73.5668785, 45.45366 ], [ -73.5669163, 45.4536098 ] ] } },
{ "type": "Feature", "properties": { "u": 32661481, "v": 32661476, "key": 0, "highway": "tertiary", "length_km": 0.052249456379886691, "h_neige": 19.15, "is_crit_security_social": true, "is_crit_economique": true, "quartier": "verdun", "scenario_1": true, "scenario_2": true, "scenario_3": true }, "geometry": { "type": "LineString", "coordinates": [ [ -73.5764131, 45.4550041 ], [ -73.5763675, 45.4554729 ] ] } },
{ "type": "Feature", "properties": { "u": 32661481, "v": 32661482, "key": 0, "highway": "tertiary", "length_km": 0.014375622586715415, "h_neige": 2.82, "is_crit_security_social": true, "is_crit_economique": true, "quartier": "verdun", "scenario_1": true, "scenario_2": true, "scenario_3": true }, "geometry": { "type": "LineString", "coordinates": [ [ -73.5764131, 45.4550041 ], [ -73.5764184, 45.4549342 ], [ -73.5764229, 45.454875 ] ] } },
{ "type": "Feature", "properties": { "u": 32661482, "v": 1700525594, "key": 0, "highway": "tertiary", "length_km": 0.33872115857528029, "h_neige": 15.89, "is_crit_security_social": true, "is_crit_economique": true, "quartier": "verdun", "scenario_1": true, "scenario_2": true, "scenario_3": true }, "geometry": { "type": "LineString", "coordinates": [ [ -73.5764229, 45.454875 ], [ -73.5763446, 45.4548719 ], [ -73.5758645, 45.4548512 ], [ -73.5742605, 45.4547882 ], [ -73.5732453, 45.4547437 ], [ -73.5730811, 45.454737 ], [ -73.5722486, 45.4547016 ], [ -73.572193, 45.4546992 ], [ -73.5721359, 45.4546972 ], [ -73.5720879, 45.4546955 ] ] } },
{ "type": "Feature", "properties": { "u": 32661482, "v": 32661481, "key": 0, "highway": "tertiary", "length_km": 0.014375622586715415, "h_neige": 5.51, "is_crit_security_social": true, "is_crit_economique": true, "quartier": "verdun", "scenario_1": true, "scenario_2": true, "scenario_3": true }, "geometry": { "type": "LineString", "coordinates": [ [ -73.5764229, 45.454875 ], [ -73.5764184, 45.4549342 ], [ -73.5764131, 45.4550041 ] ] } },
{ "type": "Feature", "properties": { "u": 32661482, "v": 1700525593, "key": 0, "highway": "tertiary", "length_km": 0.022827031628910879, "h_neige": 5.99, "is_crit_security_social": true, "is_crit_economique": true, "quartier": "verdun", "scenario_1": true, "scenario_2": true, "scenario_3": true }, "geometry": { "type": "LineString", "coordinates": [ [ -73.5764229, 45.454875 ], [ -73.5764303, 45.4547768 ], [ -73.5764384, 45.45467 ] ] } },
{ "type": "Feature", "properties": { "u": 32661493, "v": 32661478, "key": 0, "highway": "secondary", "length_km": 0.13114968371194943, "h_neige": 3.43, "is_crit_security_social": true, "is_crit_economique": true, "quartier": "verdun", "scenario_1": true, "scenario_2": true, "scenario_3": true }, "geometry": { "type": "LineString", "coordinates": [ [ -73.5669163, 45.4536098 ], [ -73.5668785, 45.45366 ], [ -73.5667672, 45.4537746 ], [ -73.5666626, 45.4538738 ], [ -73.566489, 45.4540146 ], [ -73.5663228, 45.4541331 ], [ -73.5659478, 45.4543863 ], [ -73.565921, 45.4544037 ], [ -73.5657961, 45.454482 ] ] } },
{ "type": "Feature", "properties": { "u": 32661493, "v": 10862932274, "key": 0, "highway": "secondary", "length_km": 0.08865427747425797, "h_neige": 11.04, "is_crit_security_social": true, "is_crit_economique": true, "quartier": "verdun", "scenario_1": true, "scenario_2": true, "scenario_3": true }, "geometry": { "type": "LineString", "coordinates": [ [ -73.5669163, 45.4536098 ], [ -73.5669872, 45.4534951 ], [ -73.5670639, 45.4533655 ], [ -73.5673508, 45.4528731 ] ] } },
{ "type": "Feature", "properties": { "u": 32661533, "v": 1700525578, "key": 0, "highway": "residential", "length_km": 0.43995030568591165, "h_neige": 10.28, "is_crit_security_social": true, "is_crit_economique": false, "quartier": "verdun", "scenario_1": true, "scenario_2": false, "scenario_3": true }, "geometry": { "type": "LineString", "coordinates": [ [ -73.582275, 45.4524397 ], [ -73.5822005, 45.4524148 ], [ -73.5821823, 45.4524111 ], [ -73.5821644, 45.4524074 ], [ -73.5812021, 45.45237 ], [ -73.5809318, 45.452358 ], [ -73.5794168, 45.4522994 ], [ -73.5792419, 45.4522929 ], [ -73.5790431, 45.4522839 ], [ -73.5789524, 45.4522804 ], [ -73.5776843, 45.452232 ], [ -73.5771825, 45.4522088 ], [ -73.5767912, 45.4521949 ], [ -73.5767511, 45.452193 ], [ -73.5766533, 45.4521884 ] ] } },
{ "type": "Feature", "properties": { "u": 32661533, "v": 32766750, "key": 0, "highway": "secondary", "length_km": 0.054662624594801992, "h_neige": 18.72, "is_crit_security_social": true, "is_crit_economique": true, "quartier": "verdun", "scenario_1": true, "scenario_2": true, "scenario_3": true }, "geometry": { "type": "LineString", "coordinates": [ [ -73.582275, 45.4524397 ], [ -73.5822331, 45.4525074 ], [ -73.5821962, 45.4525833 ], [ -73.5821383, 45.4527168 ], [ -73.5820915, 45.4528213 ], [ -73.5820856, 45.4528358 ], [ -73.5820544, 45.4529059 ] ] } },
{ "type": "Feature", "properties": { "u": 32661533, "v": 32661544, "key": 0, "highway": "secondary", "length_km": 0.06012781792092365, "h_neige": 17.06, "is_crit_security_social": true, "is_crit_economique": true, "quartier": "verdun", "scenario_1": true, "scenario_2": true, "scenario_3": true }, "geometry": { "type": "LineString", "coordinates": [ [ -73.582275, 45.4524397 ], [ -73.5823112, 45.4523944 ], [ -73.5823537, 45.45235 ], [ -73.5824915, 45.4522206 ], [ -73.5825619, 45.4521673 ], [ -73.5826378, 45.452114 ], [ -73.5827068, 45.4520736 ], [ -73.5827755, 45.4520334 ] ] } },
{ "type": "Feature", "properties": { "u": 32661535, "v": 32672036, "key": 0, "highway": "secondary", "length_km": 0.059752621276947027, "h_neige": 2.3, "is_crit_security_social": true, "is_crit_economique": true, "quartier": "verdun", "scenario_1": true, "scenario_2": true, "scenario_3": true }, "geometry": { "type": "LineString", "coordinates": [ [ -73.5679883, 45.4518365 ], [ -73.5680184, 45.4517739 ], [ -73.5680346, 45.4517246 ], [ -73.5680656, 45.4513881 ], [ -73.5680481, 45.4513055 ] ] } },
{ "type": "Feature", "properties": { "u": 32661535, "v": 1700518190, "key": 0, "highway": "secondary", "length_km": 0.056582043319418171, "h_neige": 2.85, "is_crit_security_social": true, "is_crit_economique": true, "quartier": "verdun", "scenario_1": true, "scenario_2": true, "scenario_3": true }, "geometry": { "type": "LineString", "coordinates": [ [ -73.5679883, 45.4518365 ], [ -73.5679842, 45.451978 ], [ -73.5679624, 45.4522529 ], [ -73.5679606, 45.4522756 ], [ -73.5679538, 45.4523447 ] ] } },
{ "type": "Feature", "properties": { "u": 32661544, "v": 32661533, "key": 0, "highway": "secondary", "length_km": 0.06012781792092365, "h_neige": 6.75, "is_crit_security_social": true, "is_crit_economique": true, "quartier": "verdun", "scenario_1": true, "scenario_2": true, "scenario_3": true }, "geometry": { "type": "LineString", "coordinates": [ [ -73.5827755, 45.4520334 ], [ -73.5827068, 45.4520736 ], [ -73.5826378, 45.452114 ], [ -73.5825619, 45.4521673 ], [ -73.5824915, 45.4522206 ], [ -73.5823537, 45.45235 ], [ -73.5823112, 45.4523944 ], [ -73.582275, 45.4524397 ] ] } },
{ "type": "Feature", "properties": { "u": 32661544, "v": 10984169750, "key": 0, "highway": "secondary", "length_km": 0.13702387344651107, "h_neige": 9.58, "is_crit_security_social": true, "is_crit_economique": true, "quartier": "verdun", "scenario_1": true, "scenario_2": true, "scenario_3": true }, "geometry": { "type": "LineString", "coordinates": [ [ -73.5827755, 45.4520334 ], [ -73.5828555, 45.4519939 ], [ -73.5828887, 45.4519775 ], [ -73.5831593, 45.4518406 ], [ -73.5836553, 45.4515892 ], [ -73.5842023, 45.4513146 ] ] } },
{ "type": "Feature", "properties": { "u": 32661547, "v": 1700525573, "key": 0, "highway": "residential", "length_km": 0.46702068786791123, "h_neige": 4.58, "is_crit_security_social": true, "is_crit_economique": false, "quartier": "verdun", "scenario_1": true, "scenario_2": false, "scenario_3": true }, "geometry": { "type": "LineString", "coordinates": [ [ -73.5827406, 45.4511759 ], [ -73.5826428, 45.4511721 ], [ -73.5823138, 45.4511572 ], [ -73.5821255, 45.4511503 ], [ -73.5772764, 45.4509473 ], [ -73.576898, 45.4509304 ], [ -73.5768613, 45.4509288 ], [ -73.5767643, 45.4509247 ] ] } },
{ "type": "Feature", "properties": { "u": 32661551, "v": 32661552, "key": 0, "highway": "residential", "length_km": 0.47782385832644741, "h_neige": 18.3, "is_crit_security_social": true, "is_crit_economique": false, "quartier": "verdun", "scenario_1": true, "scenario_2": false, "scenario_3": true }, "geometry": { "type": "LineString", "coordinates": [ [ -73.5768223, 45.4502874 ], [ -73.5769238, 45.4502919 ], [ -73.577334, 45.4503102 ], [ -73.5810571, 45.4504663 ], [ -73.5823807, 45.4505185 ], [ -73.582431, 45.4505202 ], [ -73.5827986, 45.4505341 ], [ -73.5828443, 45.4505358 ], [ -73.5829372, 45.4505393 ] ] } },
{ "type": "Feature", "properties": { "u": 32661551, "v": 1700525573, "key": 0, "highway": "tertiary", "length_km": 0.071008919472224846, "h_neige": 11.33, "is_crit_security_social": true, "is_crit_economique": true, "quartier": "verdun", "scenario_1": true, "scenario_2": true, "scenario_3": true }, "geometry": { "type": "LineString", "coordinates": [ [ -73.5768223, 45.4502874 ], [ -73.576817, 45.4503451 ], [ -73.5768149, 45.4503692 ], [ -73.5767693, 45.4508697 ], [ -73.5767643, 45.4509247 ] ] } },
{ "type": "Feature", "properties": { "u": 32661551, "v": 1700518186, "key": 0, "highway": "tertiary", "length_km": 0.085711997511771276, "h_neige": 4.36, "is_crit_security_social": true, "is_crit_economique": true, "quartier": "verdun", "scenario_1": true, "scenario_2": true, "scenario_3": true }, "geometry": { "type": "LineString", "coordinates": [ [ -73.5768223, 45.4502874 ], [ -73.5768272, 45.4502317 ], [ -73.5768289, 45.4502123 ], [ -73.5768926, 45.4495763 ], [ -73.5768978, 45.4495184 ] ] } },
{ "type": "Feature", "properties": { "u": 32661553, "v": 10984169750, "key": 0, "highway": "secondary", "length_km": 0.10232745889608752, "h_neige": 17.31, "is_crit_security_social": true, "is_crit_economique": true, "quartier": "verdun", "scenario_1": true, "scenario_2": true, "scenario_3": true }, "geometry": { "type": "LineString", "coordinates": [ [ -73.5851906, 45.4507125 ], [ -73.5847985, 45.4509781 ], [ -73.5845826, 45.4511194 ], [ -73.5845058, 45.4511641 ], [ -73.5844228, 45.4512066 ], [ -73.5842023, 45.4513146 ] ] } },
{ "type": "Feature", "properties": { "u": 32661553, "v": 32661554, "key": 0, "highway": "secondary", "length_km": 0.11560439584945739, "h_neige": 16.18, "is_crit_security_social": true, "is_crit_economique": true, "quartier": "verdun", "scenario_1": true, "scenario_2": true, "scenario_3": true }, "geometry": { "type": "LineString", "coordinates": [ [ -73.5851906, 45.4507125 ], [ -73.5855977, 45.4504199 ], [ -73.5858007, 45.4502563 ], [ -73.5859817, 45.4501186 ], [ -73.5861835, 45.4499417 ] ] } },
{ "type": "Feature", "properties": { "u": 32661554, "v": 32661553, "key": 0, "highway": "secondary", "length_km": 0.11560439584945741, "h_neige": 15.86, "is_crit_security_social": true, "is_crit_economique": true, "quartier": "verdun", "scenario_1": true, "scenario_2": true, "scenario_3": true }, "geometry": { "type": "LineString", "coordinates": [ [ -73.5861835, 45.4499417 ], [ -73.5859817, 45.4501186 ], [ -73.5858007, 45.4502563 ], [ -73.5855977, 45.4504199 ], [ -73.5851906, 45.4507125 ] ] } },
{ "type": "Feature", "properties": { "u": 32661554, "v": 32661608, "key": 0, "highway": "secondary", "length_km": 0.090213067674996136, "h_neige": 7.8, "is_crit_security_social": true, "is_crit_economique": true, "quartier": "verdun", "scenario_1": true, "scenario_2": true, "scenario_3": true }, "geometry": { "type": "LineString", "coordinates": [ [ -73.5861835, 45.4499417 ], [ -73.5867296, 45.4494477 ], [ -73.5868842, 45.4492964 ] ] } },
{ "type": "Feature", "properties": { "u": 32661556, "v": 1700518186, "key": 0, "highway": "residential", "length_km": 0.49082455440286676, "h_neige": 18.16, "is_crit_security_social": true, "is_crit_economique": false, "quartier": "verdun", "scenario_1": true, "scenario_2": false, "scenario_3": true }, "geometry": { "type": "LineString", "coordinates": [ [ -73.5831785, 45.4497825 ], [ -73.583078, 45.4497774 ], [ -73.5826648, 45.4497563 ], [ -73.5825031, 45.4497497 ], [ -73.5811627, 45.4496964 ], [ -73.5811215, 45.4496951 ], [ -73.5774811, 45.4495438 ], [ -73.577019, 45.4495232 ], [ -73.5769956, 45.4495224 ], [ -73.5768978, 45.4495184 ] ] } },
{ "type": "Feature", "properties": { "u": 32661608, "v": 10984169765, "key": 0, "highway": "secondary", "length_km": 0.01658129739946957, "h_neige": 10.58, "is_crit_security_social": true, "is_crit_economique": true, "quartier": "verdun", "scenario_1": true, "scenario_2": true, "scenario_3": true }, "geometry": { "type": "LineString", "coordinates": [ [ -73.5868842, 45.4492964 ], [ -73.5870052, 45.4491738 ] ] } },
{ "type": "Feature", "properties": { "u": 32661608, "v": 32661554, "key": 0, "highway": "secondary", "length_km": 0.090213067674996136, "h_neige": 9.44, "is_crit_security_social": true, "is_crit_economique": true, "quartier": "verdun", "scenario_1": true, "scenario_2": true, "scenario_3": true }, "geometry": { "type": "LineString", "coordinates": [ [ -73.5868842, 45.4492964 ], [ -73.5867296, 45.4494477 ], [ -73.5861835, 45.4499417 ] ] } },
{ "type": "Feature", "properties": { "u": 32661666, "v": 32661679, "key": 0, "highway": "secondary", "length_km": 0.11768508959486698, "h_neige": 16.34, "is_crit_security_social": true, "is_crit_economique": true, "quartier": "verdun", "scenario_1": true, "scenario_2": true, "scenario_3": true }, "geometry": { "type": "LineString", "coordinates": [ [ -73.5734964, 45.4456104 ], [ -73.5735914, 45.4455195 ], [ -73.5736646, 45.4454455 ], [ -73.5737454, 45.4453774 ], [ -73.5739016, 45.4452701 ], [ -73.5740412, 45.4451942 ], [ -73.5743045, 45.4450562 ], [ -73.5744774, 45.4449686 ], [ -73.5746008, 45.4449016 ] ] } },
{ "type": "Feature", "properties": { "u": 32661679, "v": 1700483924, "key": 0, "highway": "secondary", "length_km": 0.10088699000308977, "h_neige": 11.39, "is_crit_security_social": true, "is_crit_economique": true, "quartier": "verdun", "scenario_1": true, "scenario_2": true, "scenario_3": true }, "geometry": { "type": "LineString", "coordinates": [ [ -73.5746008, 45.4449016 ], [ -73.5756365, 45.4443583 ] ] } },
{ "type": "Feature", "properties": { "u": 32661685, "v": 10984169768, "key": 0, "highway": "secondary", "length_km": 0.083880473277235412, "h_neige": 19.69, "is_crit_security_social": true, "is_crit_economique": true, "quartier": "verdun", "scenario_1": true, "scenario_2": true, "scenario_3": true }, "geometry": { "type": "LineString", "coordinates": [ [ -73.589192, 45.446932 ], [ -73.5891329, 45.4469904 ], [ -73.5891128, 45.4470108 ], [ -73.5885791, 45.4475518 ] ] } },
{ "type": "Feature", "properties": { "u": 32661685, "v": 10992252902, "key": 0, "highway": "secondary", "length_km": 0.071292242831683506, "h_neige": 0.9, "is_crit_security_social": true, "is_crit_economique": true, "quartier": "verdun", "scenario_1": true, "scenario_2": true, "scenario_3": true }, "geometry": { "type": "LineString", "coordinates": [ [ -73.589192, 45.446932 ], [ -73.5892425, 45.4468824 ], [ -73.5896707, 45.4464619 ], [ -73.589722, 45.4464097 ] ] } },
{ "type": "Feature", "properties": { "u": 32661713, "v": 32661714, "key": 0, "highway": "residential", "length_km": 0.041204571994333278, "h_neige": 4.79, "is_crit_security_social": true, "is_crit_economique": false, "quartier": "verdun", "scenario_1": true, "scenario_2": false, "scenario_3": true }, "geometry": { "type": "LineString", "coordinates": [ [ -73.5650537, 45.4648205 ], [ -73.5649405, 45.4648151 ], [ -73.5649078, 45.4648135 ], [ -73.5645263, 45.4647983 ] ] } },
{ "type": "Feature", "properties": { "u": 32661713, "v": 615101580, "key": 0, "highway": "secondary", "length_km": 0.17228479855175011, "h_neige": 7.26, "is_crit_security_social": true, "is_crit_economique": true, "quartier": "verdun", "scenario_1": true, "scenario_2": true, "scenario_3": true }, "geometry": { "type": "LineString", "coordinates": [ [ -73.5650537, 45.4648205 ], [ -73.5650896, 45.4648752 ], [ -73.5651106, 45.4649076 ], [ -73.5653429, 45.4652735 ], [ -73.5655528, 45.4656186 ], [ -73.5656236, 45.4657329 ], [ -73.5656895, 45.4658488 ], [ -73.5657195, 45.4659071 ], [ -73.5657375, 45.4659407 ], [ -73.5657956, 45.4660795 ], [ -73.5658604, 45.4662598 ] ] } },
{ "type": "Feature", "properties": { "u": 32661713, "v": 32661136, "key": 0, "highway": "secondary", "length_km": 0.089795995480478133, "h_neige": 4.28, "is_crit_security_social": true, "is_crit_economique": true, "quartier": "verdun", "scenario_1": true, "scenario_2": true, "scenario_3": true }, "geometry": { "type": "LineString", "coordinates": [ [ -73.5650537, 45.4648205 ], [ -73.5650186, 45.4647702 ], [ -73.5649592, 45.4646754 ], [ -73.5645835, 45.4641616 ], [ -73.564539, 45.4640983 ] ] } },
{ "type": "Feature", "properties": { "u": 32661714, "v": 615101577, "key": 0, "highway": "residential", "length_km": 0.12691721702626507, "h_neige": 11.46, "is_crit_security_social": true, "is_crit_economique": false, "quartier": "verdun", "scenario_1": true, "scenario_2": false, "scenario_3": true }, "geometry": { "type": "LineString", "coordinates": [ [ -73.5645263, 45.4647983 ], [ -73.5645222, 45.4648398 ], [ -73.5644785, 45.4652486 ], [ -73.564478, 45.4653005 ], [ -73.5644953, 45.4653541 ], [ -73.56487, 45.4658745 ] ] } },
{ "type": "Feature", "properties": { "u": 32661714, "v": 32661715, "key": 0, "highway": "residential", "length_km": 0.1224046595215397, "h_neige": 8.55, "is_crit_security_social": true, "is_crit_economique": false, "quartier": "verdun", "scenario_1": true, "scenario_2": false, "scenario_3": true }, "geometry": { "type": "LineString", "coordinates": [ [ -73.5645263, 45.4647983 ], [ -73.5634507, 45.4647462 ], [ -73.563302, 45.4647415 ], [ -73.5631582, 45.4647345 ], [ -73.5630785, 45.4647299 ], [ -73.5630282, 45.4647309 ], [ -73.5629601, 45.4647319 ] ] } },
{ "type": "Feature", "properties": { "u": 32661714, "v": 32661713, "key": 0, "highway": "residential", "length_km": 0.041204571994333278, "h_neige": 12.44, "is_crit_security_social": true, "is_crit_economique": false, "quartier": "verdun", "scenario_1": true, "scenario_2": false, "scenario_3": true }, "geometry": { "type": "LineString", "coordinates": [ [ -73.5645263, 45.4647983 ], [ -73.5649078, 45.4648135 ], [ -73.5649405, 45.4648151 ], [ -73.5650537, 45.4648205 ] ] } },
{ "type": "Feature", "properties": { "u": 32661715, "v": 248413589, "key": 0, "highway": "residential", "length_km": 0.0094545756856878049, "h_neige": 15.32, "is_crit_security_social": true, "is_crit_economique": false, "quartier": "verdun", "scenario_1": true, "scenario_2": false, "scenario_3": true }, "geometry": { "type": "LineString", "coordinates": [ [ -73.5629601, 45.4647319 ], [ -73.5628389, 45.4647339 ] ] } },
{ "type": "Feature", "properties": { "u": 32661715, "v": 32661714, "key": 0, "highway": "residential", "length_km": 0.12240465952153969, "h_neige": 5.5, "is_crit_security_social": true, "is_crit_economique": false, "quartier": "verdun", "scenario_1": true, "scenario_2": false, "scenario_3": true }, "geometry": { "type": "LineString", "coordinates": [ [ -73.5629601, 45.4647319 ], [ -73.5630282, 45.4647309 ], [ -73.5630785, 45.4647299 ], [ -73.5631582, 45.4647345 ], [ -73.563302, 45.4647415 ], [ -73.5634507, 45.4647462 ], [ -73.5645263, 45.4647983 ] ] } },
{ "type": "Feature", "properties": { "u": 32661715, "v": 207249223, "key": 0, "highway": "secondary", "length_km": 0.030152835445441159, "h_neige": 8.36, "is_crit_security_social": true, "is_crit_economique": true, "quartier": "verdun", "scenario_1": true, "scenario_2": true, "scenario_3": true }, "geometry": { "type": "LineString", "coordinates": [ [ -73.5629601, 45.4647319 ], [ -73.5629666, 45.4646782 ], [ -73.5629639, 45.4646193 ], [ -73.5629584, 45.464461 ] ] } },
{ "type": "Feature", "properties": { "u": 32661716, "v": 615035109, "key": 0, "highway": "residential", "length_km": 0.2367573349365604, "h_neige": 7.11, "is_crit_security_social": true, "is_crit_economique": false, "quartier": "verdun", "scenario_1": true, "scenario_2": false, "scenario_3": true }, "geometry": { "type": "LineString", "coordinates": [ [ -73.5787135, 45.4654208 ], [ -73.5787169, 45.4653645 ], [ -73.5787186, 45.4653343 ], [ -73.578808, 45.4644032 ], [ -73.5788851, 45.4635269 ], [ -73.578897, 45.4633913 ], [ -73.5789024, 45.4633589 ], [ -73.5789043, 45.4633502 ], [ -73.5789117, 45.4633288 ], [ -73.5789244, 45.4632979 ] ] } },
{ "type": "Feature", "properties": { "u": 32661774, "v": 32659931, "key": 0, "highway": "residential", "length_km": 0.36222641257971261, "h_neige": 13.42, "is_crit_security_social": true, "is_crit_economique": false, "quartier": "verdun", "scenario_1": true, "scenario_2": false, "scenario_3": true }, "geometry": { "type": "LineString", "coordinates": [ [ -73.5671547, 45.4687013 ], [ -73.567076, 45.4686997 ], [ -73.5670388, 45.4687032 ], [ -73.5670142, 45.4687117 ], [ -73.5669857, 45.4687309 ], [ -73.5669648, 45.4687511 ], [ -73.5667152, 45.4690086 ], [ -73.5664606, 45.4692661 ], [ -73.5662839, 45.4694502 ], [ -73.5661722, 45.4695665 ], [ -73.5660291, 45.4697747 ], [ -73.5658353, 45.4700723 ], [ -73.5655668, 45.4704802 ], [ -73.5655035, 45.4705764 ], [ -73.5654586, 45.4706456 ], [ -73.5651306, 45.4711453 ], [ -73.5649656, 45.4713915 ], [ -73.5649524, 45.4714125 ], [ -73.5649341, 45.4714408 ], [ -73.5649028, 45.4714875 ] ] } },
{ "type": "Feature", "properties": { "u": 32661774, "v": 32671564, "key": 0, "highway": "secondary", "length_km": 0.20789250642882853, "h_neige": 11.24, "is_crit_security_social": true, "is_crit_economique": true, "quartier": "verdun", "scenario_1": true, "scenario_2": true, "scenario_3": true }, "geometry": { "type": "LineString", "coordinates": [ [ -73.5671547, 45.4687013 ], [ -73.5672219, 45.4688033 ], [ -73.5672358, 45.4688247 ], [ -73.5672659, 45.4688732 ], [ -73.5674383, 45.4691372 ], [ -73.5679255, 45.4698891 ], [ -73.5681407, 45.4702213 ], [ -73.5681674, 45.4702613 ], [ -73.5681747, 45.4702723 ], [ -73.5682099, 45.4703286 ], [ -73.5682601, 45.4704026 ] ] } },
{ "type": "Feature", "properties": { "u": 32661774, "v": 32661260, "key": 0, "highway": "secondary", "length_km": 0.12253712319551335, "h_neige": 1.74, "is_crit_security_social": true, "is_crit_economique": true, "quartier": "verdun", "scenario_1": true, "scenario_2": true, "scenario_3": true }, "geometry": { "type": "LineString", "coordinates": [ [ -73.5671547, 45.4687013 ], [ -73.5670779, 45.4685809 ], [ -73.5670629, 45.4685577 ], [ -73.5670507, 45.4685389 ], [ -73.5669654, 45.4684103 ], [ -73.5666559, 45.4679297 ], [ -73.5665625, 45.4677855 ], [ -73.5665466, 45.4677652 ], [ -73.5664976, 45.4677005 ] ] } },
{ "type": "Feature", "properties": { "u": 32661774, "v": 32661131, "key": 0, "highway": "residential", "length_km": 0.032191272016807666, "h_neige": 3.48, "is_crit_security_social": true, "is_crit_economique": false, "quartier": "verdun", "scenario_1": true, "scenario_2": false, "scenario_3": true }, "geometry": { "type": "LineString", "coordinates": [ [ -73.5671547, 45.4687013 ], [ -73.5672661, 45.4687066 ], [ -73.5673008, 45.4687081 ], [ -73.5675666, 45.4687205 ] ] } },
{ "type": "Feature", "properties": { "u": 32662151, "v": 10992252902, "key": 0, "highway": "secondary", "length_km": 0.7454279031530967, "h_neige": 12.15, "is_crit_security_social": true, "is_crit_economique": true, "quartier": "verdun", "scenario_1": true, "scenario_2": true, "scenario_3": true }, "geometry": { "type": "LineString", "coordinates": [ [ -73.5948852, 45.4407698 ], [ -73.5946655, 45.4410263 ], [ -73.594108, 45.4416457 ], [ -73.5938924, 45.4418976 ], [ -73.5934559, 45.4423953 ], [ -73.593158, 45.4427242 ], [ -73.5928211, 45.4430868 ], [ -73.5928125, 45.443096 ], [ -73.5927702, 45.4431408 ], [ -73.5927299, 45.4431835 ], [ -73.5927065, 45.4432083 ], [ -73.5925553, 45.4433728 ], [ -73.5917423, 45.4442478 ], [ -73.5911085, 45.4449292 ], [ -73.5904207, 45.4456811 ], [ -73.5901876, 45.4459299 ], [ -73.5897761, 45.4463547 ], [ -73.589722, 45.4464097 ] ] } },
{ "type": "Feature", "properties": { "u": 32662151, "v": 32662156, "key": 0, "highway": "secondary", "length_km": 0.071947542214746363, "h_neige": 14.89, "is_crit_security_social": true, "is_crit_economique": true, "quartier": "verdun", "scenario_1": true, "scenario_2": true, "scenario_3": true }, "geometry": { "type": "LineString", "coordinates": [ [ -73.5948852, 45.4407698 ], [ -73.5952696, 45.4403044 ], [ -73.595299, 45.4402688 ], [ -73.5953469, 45.4402097 ] ] } },
{ "type": "Feature", "properties": { "u": 32662156, "v": 32662151, "key": 0, "highway": "secondary", "length_km": 0.071947542214746363, "h_neige": 11.58, "is_crit_security_social": true, "is_crit_economique": true, "quartier": "verdun", "scenario_1": true, "scenario_2": true, "scenario_3": true }, "geometry": { "type": "LineString", "coordinates": [ [ -73.5953469, 45.4402097 ], [ -73.595299, 45.4402688 ], [ -73.5952696, 45.4403044 ], [ -73.5948852, 45.4407698 ] ] } },
{ "type": "Feature", "properties": { "u": 32662156, "v": 3713199524, "key": 0, "highway": "secondary", "length_km": 0.23991645454042276, "h_neige": 17.86, "is_crit_security_social": true, "is_crit_economique": true, "quartier": "verdun", "scenario_1": true, "scenario_2": true, "scenario_3": true }, "geometry": { "type": "LineString", "coordinates": [ [ -73.5953469, 45.4402097 ], [ -73.5954037, 45.4401433 ], [ -73.5954279, 45.4401146 ], [ -73.5960953, 45.4393259 ], [ -73.5969055, 45.4383498 ] ] } },
{ "type": "Feature", "properties": { "u": 32671564, "v": 32661774, "key": 0, "highway": "secondary", "length_km": 0.20789250642882856, "h_neige": 17.6, "is_crit_security_social": true, "is_crit_economique": true, "quartier": "verdun", "scenario_1": true, "scenario_2": true, "scenario_3": true }, "geometry": { "type": "LineString", "coordinates": [ [ -73.5682601, 45.4704026 ], [ -73.5682099, 45.4703286 ], [ -73.5681747, 45.4702723 ], [ -73.5681674, 45.4702613 ], [ -73.5681407, 45.4702213 ], [ -73.5679255, 45.4698891 ], [ -73.5674383, 45.4691372 ], [ -73.5672659, 45.4688732 ], [ -73.5672358, 45.4688247 ], [ -73.5672219, 45.4688033 ], [ -73.5671547, 45.4687013 ] ] } },
{ "type": "Feature", "properties": { "u": 32671564, "v": 32671594, "key": 0, "highway": "secondary", "length_km": 0.17216373001591406, "h_neige": 16.07, "is_crit_security_social": true, "is_crit_economique": true, "quartier": "verdun", "scenario_1": true, "scenario_2": true, "scenario_3": true }, "geometry": { "type": "LineString", "coordinates": [ [ -73.5682601, 45.4704026 ], [ -73.5682875, 45.4704421 ], [ -73.568311, 45.470481 ], [ -73.5686285, 45.4709741 ], [ -73.5687134, 45.4711062 ], [ -73.5688075, 45.4712506 ], [ -73.5688327, 45.4712892 ], [ -73.5691718, 45.4718127 ] ] } },
{ "type": "Feature", "properties": { "u": 32671594, "v": 32671564, "key": 0, "highway": "secondary", "length_km": 0.17216373001591406, "h_neige": 7.0, "is_crit_security_social": true, "is_crit_economique": true, "quartier": "verdun", "scenario_1": true, "scenario_2": true, "scenario_3": true }, "geometry": { "type": "LineString", "coordinates": [ [ -73.5691718, 45.4718127 ], [ -73.5688327, 45.4712892 ], [ -73.5688075, 45.4712506 ], [ -73.5687134, 45.4711062 ], [ -73.5686285, 45.4709741 ], [ -73.568311, 45.470481 ], [ -73.5682875, 45.4704421 ], [ -73.5682601, 45.4704026 ] ] } },
{ "type": "Feature", "properties": { "u": 32671594, "v": 4518898500, "key": 0, "highway": "secondary", "length_km": 0.057908314950327708, "h_neige": 18.79, "is_crit_security_social": true, "is_crit_economique": true, "quartier": "verdun", "scenario_1": true, "scenario_2": true, "scenario_3": true }, "geometry": { "type": "LineString", "coordinates": [ [ -73.5691718, 45.4718127 ], [ -73.5693226, 45.4720454 ], [ -73.5693705, 45.47212 ], [ -73.5694502, 45.4722329 ], [ -73.5694866, 45.4722843 ] ] } },
{ "type": "Feature", "properties": { "u": 32671971, "v": 10863546379, "key": 0, "highway": "secondary", "length_km": 0.072830727216697977, "h_neige": 19.44, "is_crit_security_social": true, "is_crit_economique": true, "quartier": "verdun", "scenario_1": true, "scenario_2": true, "scenario_3": true }, "geometry": { "type": "LineString", "coordinates": [ [ -73.5680556, 45.4512209 ], [ -73.5681176, 45.4507034 ], [ -73.5680972, 45.4505685 ] ] } },
{ "type": "Feature", "properties": { "u": 32671971, "v": 32661177, "key": 0, "highway": "residential", "length_km": 0.33806182417034814, "h_neige": 17.17, "is_crit_security_social": true, "is_crit_economique": false, "quartier": "verdun", "scenario_1": true, "scenario_2": false, "scenario_3": true }, "geometry": { "type": "LineString", "coordinates": [ [ -73.5680556, 45.4512209 ], [ -73.5681521, 45.4512237 ], [ -73.5685137, 45.4512342 ], [ -73.5685631, 45.4512362 ], [ -73.5718436, 45.4513683 ], [ -73.572243, 45.4513854 ], [ -73.5722845, 45.4513871 ], [ -73.5723167, 45.4513884 ], [ -73.5723826, 45.451391 ] ] } },
{ "type": "Feature", "properties": { "u": 32672036, "v": 32671971, "key": 0, "highway": "secondary", "length_km": 0.0094252786144156178, "h_neige": 1.41, "is_crit_security_social": true, "is_crit_economique": true, "quartier": "verdun", "scenario_1": true, "scenario_2": true, "scenario_3": true }, "geometry": { "type": "LineString", "coordinates": [ [ -73.5680481, 45.4513055 ], [ -73.5680556, 45.4512209 ] ] } },
{ "type": "Feature", "properties": { "u": 32672204, "v": 10863546327, "key": 0, "highway": "secondary", "length_km": 0.06303919542693566, "h_neige": 19.78, "is_crit_security_social": true, "is_crit_economique": true, "quartier": "verdun", "scenario_1": true, "scenario_2": true, "scenario_3": true }, "geometry": { "type": "LineString", "coordinates": [ [ -73.5678163, 45.4513671 ], [ -73.567759, 45.4514669 ], [ -73.5676575, 45.4518343 ], [ -73.5676786, 45.4519181 ] ] } },
{ "type": "Feature", "properties": { "u": 32764413, "v": 248511841, "key": 0, "highway": "secondary", "length_km": 0.041242650846962679, "h_neige": 15.01, "is_crit_security_social": true, "is_crit_economique": true, "quartier": "verdun", "scenario_1": true, "scenario_2": true, "scenario_3": true }, "geometry": { "type": "LineString", "coordinates": [ [ -73.5907258, 45.4473251 ], [ -73.5909704, 45.4470793 ], [ -73.5909899, 45.4470588 ], [ -73.5910266, 45.4470201 ] ] } },
{ "type": "Feature", "properties": { "u": 32766750, "v": 32661533, "key": 0, "highway": "secondary", "length_km": 0.054662624594801985, "h_neige": 8.25, "is_crit_security_social": true, "is_crit_economique": true, "quartier": "verdun", "scenario_1": true, "scenario_2": true, "scenario_3": true }, "geometry": { "type": "LineString", "coordinates": [ [ -73.5820544, 45.4529059 ], [ -73.5820856, 45.4528358 ], [ -73.5820915, 45.4528213 ], [ -73.5821383, 45.4527168 ], [ -73.5821962, 45.4525833 ], [ -73.5822331, 45.4525074 ], [ -73.582275, 45.4524397 ] ] } },
{ "type": "Feature", "properties": { "u": 32766750, "v": 5342975583, "key": 0, "highway": "secondary", "length_km": 0.064253601942430266, "h_neige": 8.9, "is_crit_security_social": true, "is_crit_economique": true, "quartier": "verdun", "scenario_1": true, "scenario_2": true, "scenario_3": true }, "geometry": { "type": "LineString", "coordinates": [ [ -73.5820544, 45.4529059 ], [ -73.5820206, 45.4529743 ], [ -73.5820093, 45.453 ], [ -73.5818661, 45.4533387 ], [ -73.5818153, 45.4534588 ] ] } },
{ "type": "Feature", "properties": { "u": 32766750, "v": 1700525580, "key": 0, "highway": "tertiary", "length_km": 0.42484367749459123, "h_neige": 9.52, "is_crit_security_social": true, "is_crit_economique": true, "quartier": "verdun", "scenario_1": true, "scenario_2": true, "scenario_3": true }, "geometry": { "type": "LineString", "coordinates": [ [ -73.5820544, 45.4529059 ], [ -73.5819622, 45.4529018 ], [ -73.5819052, 45.4528991 ], [ -73.5784068, 45.4527593 ], [ -73.5771602, 45.4527132 ], [ -73.5767575, 45.4526971 ], [ -73.5767111, 45.4526954 ], [ -73.5766165, 45.4526914 ] ] } },
{ "type": "Feature", "properties": { "u": 207249223, "v": 4333592488, "key": 0, "highway": "secondary", "length_km": 0.11889649123356609, "h_neige": 9.0, "is_crit_security_social": true, "is_crit_economique": true, "quartier": "verdun", "scenario_1": true, "scenario_2": true, "scenario_3": true }, "geometry": { "type": "LineString", "coordinates": [ [ -73.5629584, 45.464461 ], [ -73.562952, 45.4644053 ], [ -73.5629007, 45.4641441 ], [ -73.5628287, 45.4638663 ], [ -73.5627312, 45.4634667 ], [ -73.5627166, 45.4634056 ] ] } },
{ "type": "Feature", "properties": { "u": 207249254, "v": 32661715, "key": 0, "highway": "secondary", "length_km": 0.34701030891270834, "h_neige": 12.47, "is_crit_security_social": true, "is_crit_economique": true, "quartier": "verdun", "scenario_1": true, "scenario_2": true, "scenario_3": true }, "geometry": { "type": "LineString", "coordinates": [ [ -73.5628817, 45.4677639 ], [ -73.5628631, 45.4677154 ], [ -73.5626227, 45.4670892 ], [ -73.5625596, 45.4669303 ], [ -73.5625004, 45.4667836 ], [ -73.562475, 45.4666869 ], [ -73.5624561, 45.4665971 ], [ -73.5624366, 45.4664155 ], [ -73.5624474, 45.4662371 ], [ -73.5624503, 45.4661959 ], [ -73.5624508, 45.4661889 ], [ -73.5625169, 45.4658407 ], [ -73.5625354, 45.4657868 ], [ -73.5625746, 45.4656726 ], [ -73.5628581, 45.4651238 ], [ -73.5628741, 45.4650683 ], [ -73.5629408, 45.4648375 ], [ -73.5629532, 45.4647883 ], [ -73.5629601, 45.4647319 ] ] } },
{ "type": "Feature", "properties": { "u": 207713268, "v": 32661252, "key": 0, "highway": "residential", "length_km": 0.33714444204760519, "h_neige": 16.59, "is_crit_security_social": true, "is_crit_economique": false, "quartier": "verdun", "scenario_1": true, "scenario_2": false, "scenario_3": true }, "geometry": { "type": "LineString", "coordinates": [ [ -73.5717179, 45.4586181 ], [ -73.5716676, 45.4586158 ], [ -73.5716301, 45.458614 ], [ -73.5712347, 45.4585953 ], [ -73.5679049, 45.4584449 ], [ -73.567893, 45.4584442 ], [ -73.5675497, 45.4584288 ], [ -73.5674907, 45.4584264 ], [ -73.5674043, 45.4584222 ] ] } },
{ "type": "Feature", "properties": { "u": 248413240, "v": 248413711, "key": 0, "highway": "tertiary", "length_km": 0.011627990224023466, "h_neige": 17.71, "is_crit_security_social": true, "is_crit_economique": true, "quartier": "verdun", "scenario_1": true, "scenario_2": true, "scenario_3": true }, "geometry": { "type": "LineString", "coordinates": [ [ -73.5620587, 45.4703965 ], [ -73.5619382, 45.4703349 ] ] } },
{ "type": "Feature", "properties": { "u": 248413240, "v": 615101663, "key": 0, "highway": "secondary", "length_km": 0.11116036452467856, "h_neige": 12.51, "is_crit_security_social": true, "is_crit_economique": true, "quartier": "verdun", "scenario_1": true, "scenario_2": true, "scenario_3": true }, "geometry": { "type": "LineString", "coordinates": [ [ -73.5620587, 45.4703965 ], [ -73.5621027, 45.4703454 ], [ -73.5621419, 45.4703007 ], [ -73.5622772, 45.4701497 ], [ -73.5623753, 45.4700354 ], [ -73.5624665, 45.4699244 ], [ -73.562495, 45.4698818 ], [ -73.5625896, 45.4697127 ], [ -73.5627101, 45.4695107 ] ] } },
{ "type": "Feature", "properties": { "u": 248413240, "v": 32661266, "key": 0, "highway": "tertiary", "length_km": 0.16086937695054426, "h_neige": 1.26, "is_crit_security_social": true, "is_crit_economique": true, "quartier": "verdun", "scenario_1": true, "scenario_2": true, "scenario_3": true }, "geometry": { "type": "LineString", "coordinates": [ [ -73.5620587, 45.4703965 ], [ -73.5621356, 45.4704362 ], [ -73.5621901, 45.4704628 ], [ -73.5622562, 45.4704902 ], [ -73.5624472, 45.4705632 ], [ -73.562932, 45.4707485 ], [ -73.5630788, 45.4708046 ], [ -73.5635017, 45.4709662 ], [ -73.5635453, 45.4709828 ], [ -73.5637731, 45.4710699 ], [ -73.5638581, 45.4711024 ] ] } },
{ "type": "Feature", "properties": { "u": 248413588, "v": 248413589, "key": 0, "highway": "secondary", "length_km": 0.029514379969840916, "h_neige": 2.53, "is_crit_security_social": true, "is_crit_economique": true, "quartier": "verdun", "scenario_1": true, "scenario_2": true, "scenario_3": true }, "geometry": { "type": "LineString", "coordinates": [ [ -73.5628347, 45.4644689 ], [ -73.562847, 45.4646671 ], [ -73.5628456, 45.464679 ], [ -73.5628389, 45.4647339 ] ] } },
{ "type": "Feature", "properties": { "u": 248413589, "v": 32661715, "key": 0, "highway": "residential", "length_km": 0.0094545756856878049, "h_neige": 2.8, "is_crit_security_social": true, "is_crit_economique": false, "quartier": "verdun", "scenario_1": true, "scenario_2": false, "scenario_3": true }, "geometry": { "type": "LineString", "coordinates": [ [ -73.5628389, 45.4647339 ], [ -73.5629601, 45.4647319 ] ] } },
{ "type": "Feature", "properties": { "u": 248413589, "v": 267969149, "key": 0, "highway": "secondary", "length_km": 0.5402867607947015, "h_neige": 13.69, "is_crit_security_social": true, "is_crit_economique": true, "quartier": "verdun", "scenario_1": true, "scenario_2": true, "scenario_3": true }, "geometry": { "type": "LineString", "coordinates": [ [ -73.5628389, 45.4647339 ], [ -73.562832, 45.464791 ], [ -73.5627415, 45.4650918 ], [ -73.5624626, 45.4656595 ], [ -73.5624176, 45.4657816 ], [ -73.562375, 45.4659284 ], [ -73.5623464, 45.4660739 ], [ -73.5623405, 45.466126 ], [ -73.562332, 45.4661921 ], [ -73.5623311, 45.4662336 ], [ -73.5623307, 45.4664375 ], [ -73.5623669, 45.4666925 ], [ -73.5624323, 45.4669073 ], [ -73.5627189, 45.4676752 ], [ -73.5627374, 45.4677354 ], [ -73.5627548, 45.4677919 ], [ -73.5627704, 45.4678402 ], [ -73.5628038, 45.46798 ], [ -73.562844, 45.4682301 ], [ -73.5628596, 45.468458 ], [ -73.5628525, 45.4686616 ], [ -73.5628367, 45.468783 ], [ -73.562818, 45.4688672 ], [ -73.5628033, 45.4689319 ], [ -73.5627762, 45.4690296 ], [ -73.5627515, 45.4691101 ], [ -73.5626733, 45.469326 ], [ -73.5625982, 45.4694832 ] ] } },
{ "type": "Feature", "properties": { "u": 248413711, "v": 248413240, "key": 0, "highway": "tertiary", "length_km": 0.011627990224023466, "h_neige": 2.94, "is_crit_security_social": true, "is_crit_economique": true, "quartier": "verdun", "scenario_1": true, "scenario_2": true, "scenario_3": true }, "geometry": { "type": "LineString", "coordinates": [ [ -73.5619382, 45.4703349 ], [ -73.5620587, 45.4703965 ] ] } },
{ "type": "Feature", "properties": { "u": 248511841, "v": 248511840, "key": 0, "highway": "secondary", "length_km": 0.062161629210951176, "h_neige": 0.68, "is_crit_security_social": true, "is_crit_economique": true, "quartier": "verdun", "scenario_1": true, "scenario_2": true, "scenario_3": true }, "geometry": { "type": "LineString", "coordinates": [ [ -73.5910266, 45.4470201 ], [ -73.5910882, 45.4469566 ], [ -73.5914742, 45.4465576 ] ] } },
{ "type": "Feature", "properties": { "u": 267966817, "v": 1700525645, "key": 0, "highway": "tertiary", "length_km": 0.098959773832612535, "h_neige": 18.87, "is_crit_security_social": true, "is_crit_economique": true, "quartier": "verdun", "scenario_1": true, "scenario_2": true, "scenario_3": true }, "geometry": { "type": "LineString", "coordinates": [ [ -73.5759917, 45.4596202 ], [ -73.5759852, 45.4596731 ], [ -73.5759819, 45.459707 ], [ -73.5759189, 45.4603687 ], [ -73.5759107, 45.4604546 ], [ -73.5759055, 45.4605081 ] ] } },
{ "type": "Feature", "properties": { "u": 267966817, "v": 10992398283, "key": 0, "highway": "residential", "length_km": 0.24823904856047571, "h_neige": 17.61, "is_crit_security_social": true, "is_crit_economique": false, "quartier": "verdun", "scenario_1": true, "scenario_2": false, "scenario_3": true }, "geometry": { "type": "LineString", "coordinates": [ [ -73.5759917, 45.4596202 ], [ -73.5760624, 45.4596228 ], [ -73.5769694, 45.4596621 ], [ -73.5771491, 45.4596699 ], [ -73.5776467, 45.4596914 ], [ -73.5780349, 45.4597082 ], [ -73.5790016, 45.4597501 ], [ -73.5790727, 45.4597532 ], [ -73.5791685, 45.4597574 ] ] } },
{ "type": "Feature", "properties": { "u": 267966817, "v": 267966844, "key": 0, "highway": "tertiary", "length_km": 0.089597600717399639, "h_neige": 8.8, "is_crit_security_social": true, "is_crit_economique": true, "quartier": "verdun", "scenario_1": true, "scenario_2": true, "scenario_3": true }, "geometry": { "type": "LineString", "coordinates": [ [ -73.5759917, 45.4596202 ], [ -73.5759976, 45.4595723 ], [ -73.5760007, 45.4595383 ], [ -73.5760533, 45.4589459 ], [ -73.5760566, 45.4589094 ], [ -73.5760605, 45.4588641 ], [ -73.5760653, 45.4588161 ] ] } },
{ "type": "Feature", "properties": { "u": 267966844, "v": 1700525620, "key": 0, "highway": "tertiary", "length_km": 0.064933298572461717, "h_neige": 4.07, "is_crit_security_social": true, "is_crit_economique": true, "quartier": "verdun", "scenario_1": true, "scenario_2": true, "scenario_3": true }, "geometry": { "type": "LineString", "coordinates": [ [ -73.5760653, 45.4588161 ], [ -73.5760699, 45.4587634 ], [ -73.5760719, 45.45874 ], [ -73.5761112, 45.4582818 ], [ -73.5761154, 45.4582332 ] ] } },
{ "type": "Feature", "properties": { "u": 267966844, "v": 267966817, "key": 0, "highway": "tertiary", "length_km": 0.089597600717399625, "h_neige": 17.9, "is_crit_security_social": true, "is_crit_economique": true, "quartier": "verdun", "scenario_1": true, "scenario_2": true, "scenario_3": true }, "geometry": { "type": "LineString", "coordinates": [ [ -73.5760653, 45.4588161 ], [ -73.5760605, 45.4588641 ], [ -73.5760566, 45.4589094 ], [ -73.5760533, 45.4589459 ], [ -73.5760007, 45.4595383 ], [ -73.5759976, 45.4595723 ], [ -73.5759917, 45.4596202 ] ] } },
{ "type": "Feature", "properties": { "u": 267966844, "v": 207713268, "key": 0, "highway": "residential", "length_km": 0.33980130175730533, "h_neige": 2.05, "is_crit_security_social": true, "is_crit_economique": false, "quartier": "verdun", "scenario_1": true, "scenario_2": false, "scenario_3": true }, "geometry": { "type": "LineString", "coordinates": [ [ -73.5760653, 45.4588161 ], [ -73.5759761, 45.4588118 ], [ -73.575574, 45.4587932 ], [ -73.5750251, 45.4587699 ], [ -73.5746295, 45.4587492 ], [ -73.5740234, 45.4587249 ], [ -73.5737365, 45.4587121 ], [ -73.5733696, 45.4586973 ], [ -73.5729572, 45.4586788 ], [ -73.5728968, 45.4586756 ], [ -73.572756, 45.4586684 ], [ -73.5722255, 45.4586405 ], [ -73.5719061, 45.4586236 ], [ -73.571875, 45.4586224 ], [ -73.5718263, 45.4586207 ], [ -73.5718019, 45.4586201 ], [ -73.5717179, 45.4586181 ] ] } },
{ "type": "Feature", "properties": { "u": 267969149, "v": 248413711, "key": 0, "highway": "secondary", "length_km": 0.10809698839297525, "h_neige": 13.88, "is_crit_security_social": true, "is_crit_economique": true, "quartier": "verdun", "scenario_1": true, "scenario_2": true, "scenario_3": true }, "geometry": { "type": "LineString", "coordinates": [ [ -73.5625982, 45.4694832 ], [ -73.5625262, 45.4696071 ], [ -73.5623771, 45.469843 ], [ -73.5623237, 45.4699039 ], [ -73.5622366, 45.4700028 ], [ -73.5621879, 45.4700568 ], [ -73.5621391, 45.4701107 ], [ -73.5620377, 45.4702219 ], [ -73.5620195, 45.4702406 ], [ -73.5619857, 45.4702787 ], [ -73.5619382, 45.4703349 ] ] } },
{ "type": "Feature", "properties": { "u": 615028247, "v": 615028248, "key": 0, "highway": "secondary", "length_km": 0.011511349627861172, "h_neige": 3.05, "is_crit_security_social": true, "is_crit_economique": true, "quartier": "verdun", "scenario_1": true, "scenario_2": true, "scenario_3": true }, "geometry": { "type": "LineString", "coordinates": [ [ -73.5925986, 45.4452076 ], [ -73.5925171, 45.4452939 ] ] } },
{ "type": "Feature", "properties": { "u": 615028248, "v": 4503982628, "key": 0, "highway": "secondary", "length_km": 0.062733910869598522, "h_neige": 19.84, "is_crit_security_social": true, "is_crit_economique": true, "quartier": "verdun", "scenario_1": true, "scenario_2": true, "scenario_3": true }, "geometry": { "type": "LineString", "coordinates": [ [ -73.5925171, 45.4452939 ], [ -73.5921712, 45.4456499 ], [ -73.5920657, 45.4457608 ] ] } },
{ "type": "Feature", "properties": { "u": 615030570, "v": 5230243171, "key": 0, "highway": "secondary", "length_km": 0.022997154786037245, "h_neige": 17.35, "is_crit_security_social": true, "is_crit_economique": true, "quartier": "verdun", "scenario_1": true, "scenario_2": true, "scenario_3": true }, "geometry": { "type": "LineString", "coordinates": [ [ -73.5625373, 45.4625968 ], [ -73.5625334, 45.4628036 ] ] } },
{ "type": "Feature", "properties": { "u": 615035051, "v": 615028249, "key": 0, "highway": "secondary", "length_km": 0.061716402984850427, "h_neige": 16.55, "is_crit_security_social": true, "is_crit_economique": true, "quartier": "verdun", "scenario_1": true, "scenario_2": true, "scenario_3": true }, "geometry": { "type": "LineString", "coordinates": [ [ -73.5913487, 45.4464993 ], [ -73.5909827, 45.4468739 ], [ -73.5909603, 45.4468967 ], [ -73.5909012, 45.446957 ] ] } },
{ "type": "Feature", "properties": { "u": 615035107, "v": 615035109, "key": 0, "highway": "secondary", "length_km": 0.074359000611117027, "h_neige": 12.45, "is_crit_security_social": true, "is_crit_economique": true, "quartier": "verdun", "scenario_1": true, "scenario_2": true, "scenario_3": true }, "geometry": { "type": "LineString", "coordinates": [ [ -73.5793293, 45.462707 ], [ -73.5792781, 45.4628305 ], [ -73.5792472, 45.4629051 ], [ -73.579231, 45.4629337 ], [ -73.5792099, 45.4629684 ], [ -73.5791853, 45.4630009 ], [ -73.5791519, 45.4630342 ], [ -73.5791137, 45.4630653 ], [ -73.5790722, 45.4630965 ], [ -73.5790318, 45.4631242 ], [ -73.5790151, 45.463139 ], [ -73.5790036, 45.4631493 ], [ -73.5789778, 45.4631736 ], [ -73.5789558, 45.463201 ], [ -73.5789512, 45.4632143 ], [ -73.5789425, 45.4632403 ], [ -73.5789244, 45.4632979 ] ] } },
{ "type": "Feature", "properties": { "u": 615035107, "v": 1734380596, "key": 0, "highway": "secondary", "length_km": 0.028465053346880567, "h_neige": 4.4, "is_crit_security_social": true, "is_crit_economique": true, "quartier": "verdun", "scenario_1": true, "scenario_2": true, "scenario_3": true }, "geometry": { "type": "LineString", "coordinates": [ [ -73.5793293, 45.462707 ], [ -73.5793373, 45.4626274 ], [ -73.5793458, 45.4625434 ], [ -73.5793481, 45.4625118 ], [ -73.579354, 45.4624516 ] ] } },
{ "type": "Feature", "properties": { "u": 615035109, "v": 615035107, "key": 0, "highway": "secondary", "length_km": 0.077816819198568435, "h_neige": 5.77, "is_crit_security_social": true, "is_crit_economique": true, "quartier": "verdun", "scenario_1": true, "scenario_2": true, "scenario_3": true }, "geometry": { "type": "LineString", "coordinates": [ [ -73.5789244, 45.4632979 ], [ -73.579039, 45.4632395 ], [ -73.5790877, 45.4632104 ], [ -73.5791317, 45.4631698 ], [ -73.5791916, 45.463117 ], [ -73.5792478, 45.4630606 ], [ -73.5792851, 45.4630209 ], [ -73.5793075, 45.4629883 ], [ -73.5793248, 45.4629579 ], [ -73.5793366, 45.4629199 ], [ -73.5793337, 45.4628345 ], [ -73.5793293, 45.462707 ] ] } },
{ "type": "Feature", "properties": { "u": 615035109, "v": 32661716, "key": 0, "highway": "residential", "length_km": 0.2367573349365604, "h_neige": 14.07, "is_crit_security_social": true, "is_crit_economique": false, "quartier": "verdun", "scenario_1": true, "scenario_2": false, "scenario_3": true }, "geometry": { "type": "LineString", "coordinates": [ [ -73.5789244, 45.4632979 ], [ -73.5789117, 45.4633288 ], [ -73.5789043, 45.4633502 ], [ -73.5789024, 45.4633589 ], [ -73.578897, 45.4633913 ], [ -73.5788851, 45.4635269 ], [ -73.578808, 45.4644032 ], [ -73.5787186, 45.4653343 ], [ -73.5787169, 45.4653645 ], [ -73.5787135, 45.4654208 ] ] } },
{ "type": "Feature", "properties": { "u": 615035109, "v": 5342978418, "key": 0, "highway": "secondary", "length_km": 0.082486201358557804, "h_neige": 15.27, "is_crit_security_social": true, "is_crit_economique": true, "quartier": "verdun", "scenario_1": true, "scenario_2": true, "scenario_3": true }, "geometry": { "type": "LineString", "coordinates": [ [ -73.5789244, 45.4632979 ], [ -73.5790457, 45.4633029 ], [ -73.5795303, 45.4633273 ], [ -73.5796978, 45.463335 ], [ -73.5799796, 45.4633485 ] ] } },
{ "type": "Feature", "properties": { "u": 615101577, "v": 32661714, "key": 0, "highway": "residential", "length_km": 0.12691721702626507, "h_neige": 10.03, "is_crit_security_social": true, "is_crit_economique": false, "quartier": "verdun", "scenario_1": true, "scenario_2": false, "scenario_3": true }, "geometry": { "type": "LineString", "coordinates": [ [ -73.56487, 45.4658745 ], [ -73.5644953, 45.4653541 ], [ -73.564478, 45.4653005 ], [ -73.5644785, 45.4652486 ], [ -73.5645222, 45.4648398 ], [ -73.5645263, 45.4647983 ] ] } },
{ "type": "Feature", "properties": { "u": 615101580, "v": 797776012, "key": 0, "highway": "residential", "length_km": 0.45743942612270433, "h_neige": 11.43, "is_crit_security_social": true, "is_crit_economique": false, "quartier": "verdun", "scenario_1": true, "scenario_2": false, "scenario_3": true }, "geometry": { "type": "LineString", "coordinates": [ [ -73.5658604, 45.4662598 ], [ -73.5657665, 45.4662765 ], [ -73.5653949, 45.4663446 ], [ -73.5653468, 45.4663469 ], [ -73.5653075, 45.4663455 ], [ -73.5652503, 45.4663389 ], [ -73.564195, 45.4661625 ], [ -73.5636926, 45.4660897 ], [ -73.563659, 45.4660887 ], [ -73.5636272, 45.4661013 ], [ -73.5636113, 45.4661221 ], [ -73.5636024, 45.4661492 ], [ -73.5635858, 45.466399 ], [ -73.5635887, 45.4664235 ], [ -73.5636004, 45.4664455 ], [ -73.5636459, 45.4664925 ], [ -73.5636622, 45.4665093 ], [ -73.5639656, 45.4668063 ], [ -73.5640251, 45.4668388 ], [ -73.5640785, 45.4668589 ], [ -73.5656628, 45.4673101 ], [ -73.5657623, 45.4673317 ], [ -73.5658643, 45.467346 ], [ -73.5660382, 45.4673482 ], [ -73.5661094, 45.4673433 ], [ -73.56614, 45.4673372 ], [ -73.5661706, 45.4673314 ], [ -73.5662463, 45.4673159 ] ] } },
{ "type": "Feature", "properties": { "u": 615101580, "v": 797776012, "key": 1, "highway": "secondary", "length_km": 0.1212684087561615, "h_neige": 10.71, "is_crit_security_social": true, "is_crit_economique": true, "quartier": "verdun", "scenario_1": true, "scenario_2": true, "scenario_3": true }, "geometry": { "type": "LineString", "coordinates": [ [ -73.5658604, 45.4662598 ], [ -73.565881, 45.4663168 ], [ -73.5658912, 45.4663429 ], [ -73.5661146, 45.4669709 ], [ -73.5661492, 45.467072 ], [ -73.566185, 45.4671746 ], [ -73.5662143, 45.4672547 ], [ -73.5662463, 45.4673159 ] ] } },
{ "type": "Feature", "properties": { "u": 615101580, "v": 32661713, "key": 0, "highway": "secondary", "length_km": 0.17228479855175011, "h_neige": 0.73, "is_crit_security_social": true, "is_crit_economique": true, "quartier": "verdun", "scenario_1": true, "scenario_2": true, "scenario_3": true }, "geometry": { "type": "LineString", "coordinates": [ [ -73.5658604, 45.4662598 ], [ -73.5657956, 45.4660795 ], [ -73.5657375, 45.4659407 ], [ -73.5657195, 45.4659071 ], [ -73.5656895, 45.4658488 ], [ -73.5656236, 45.4657329 ], [ -73.5655528, 45.4656186 ], [ -73.5653429, 45.4652735 ], [ -73.5651106, 45.4649076 ], [ -73.5650896, 45.4648752 ], [ -73.5650537, 45.4648205 ] ] } },
{ "type": "Feature", "properties": { "u": 615101597, "v": 10222727839, "key": 0, "highway": "secondary", "length_km": 0.0061855776150803784, "h_neige": 6.16, "is_crit_security_social": true, "is_crit_economique": true, "quartier": "verdun", "scenario_1": true, "scenario_2": true, "scenario_3": true }, "geometry": { "type": "LineString", "coordinates": [ [ -73.5660464, 45.4682427 ], [ -73.5660989, 45.468201 ] ] } },
{ "type": "Feature", "properties": { "u": 615101597, "v": 32661266, "key": 0, "highway": "secondary", "length_km": 0.36090763488307576, "h_neige": 10.48, "is_crit_security_social": true, "is_crit_economique": true, "quartier": "verdun", "scenario_1": true, "scenario_2": true, "scenario_3": true }, "geometry": { "type": "LineString", "coordinates": [ [ -73.5660464, 45.4682427 ], [ -73.5660229, 45.468274 ], [ -73.5659728, 45.4683429 ], [ -73.5658, 45.4685695 ], [ -73.5654657, 45.4690082 ], [ -73.5654274, 45.4690585 ], [ -73.5653869, 45.4691122 ], [ -73.5653678, 45.4691374 ], [ -73.5653155, 45.4692061 ], [ -73.5650779, 45.46952 ], [ -73.5650101, 45.4696095 ], [ -73.5646364, 45.4700979 ], [ -73.5643466, 45.4704807 ], [ -73.564296, 45.4705476 ], [ -73.5641074, 45.4707925 ], [ -73.5640864, 45.4708205 ], [ -73.5639973, 45.4709391 ], [ -73.5639572, 45.4709882 ], [ -73.5639279, 45.471023 ], [ -73.5639052, 45.471048 ], [ -73.5638581, 45.4711024 ] ] } },
{ "type": "Feature", "properties": { "u": 615101663, "v": 207249254, "key": 0, "highway": "secondary", "length_km": 0.1972827682281072, "h_neige": 4.13, "is_crit_security_social": true, "is_crit_economique": true, "quartier": "verdun", "scenario_1": true, "scenario_2": true, "scenario_3": true }, "geometry": { "type": "LineString", "coordinates": [ [ -73.5627101, 45.4695107 ], [ -73.56275, 45.4694407 ], [ -73.5627779, 45.4693793 ], [ -73.5628659, 45.4691703 ], [ -73.5629362, 45.4689057 ], [ -73.5629462, 45.4688186 ], [ -73.5629724, 45.4685452 ], [ -73.5629784, 45.4683824 ], [ -73.5629723, 45.468244 ], [ -73.562955, 45.4681135 ], [ -73.5629435, 45.4680291 ], [ -73.5629076, 45.4678761 ], [ -73.5628963, 45.467821 ], [ -73.5628817, 45.4677639 ] ] } },
{ "type": "Feature", "properties": { "u": 797776010, "v": 32661260, "key": 0, "highway": "secondary", "length_km": 0.014321720663568504, "h_neige": 15.12, "is_crit_security_social": true, "is_crit_economique": true, "quartier": "verdun", "scenario_1": true, "scenario_2": true, "scenario_3": true }, "geometry": { "type": "LineString", "coordinates": [ [ -73.5664172, 45.4675847 ], [ -73.5664976, 45.4677005 ] ] } },
{ "type": "Feature", "properties": { "u": 797776010, "v": 10222727838, "key": 0, "highway": "secondary", "length_km": 0.073145564112159625, "h_neige": 5.19, "is_crit_security_social": true, "is_crit_economique": true, "quartier": "verdun", "scenario_1": true, "scenario_2": true, "scenario_3": true }, "geometry": { "type": "LineString", "coordinates": [ [ -73.5664172, 45.4675847 ], [ -73.5663268, 45.467698 ], [ -73.5663044, 45.4677259 ], [ -73.5662562, 45.4677905 ], [ -73.5661948, 45.4678794 ], [ -73.5660505, 45.4681095 ], [ -73.5660496, 45.4681824 ] ] } },
{ "type": "Feature", "properties": { "u": 797776010, "v": 797776012, "key": 0, "highway": "secondary", "length_km": 0.03274301588620171, "h_neige": 8.17, "is_crit_security_social": true, "is_crit_economique": true, "quartier": "verdun", "scenario_1": true, "scenario_2": true, "scenario_3": true }, "geometry": { "type": "LineString", "coordinates": [ [ -73.5664172, 45.4675847 ], [ -73.566375, 45.4675222 ], [ -73.5663563, 45.4674974 ], [ -73.5663195, 45.4674409 ], [ -73.5662828, 45.4673805 ], [ -73.5662463, 45.4673159 ] ] } },
{ "type": "Feature", "properties": { "u": 797776012, "v": 797776010, "key": 0, "highway": "secondary", "length_km": 0.03274301588620171, "h_neige": 3.7, "is_crit_security_social": true, "is_crit_economique": true, "quartier": "verdun", "scenario_1": true, "scenario_2": true, "scenario_3": true }, "geometry": { "type": "LineString", "coordinates": [ [ -73.5662463, 45.4673159 ], [ -73.5662828, 45.4673805 ], [ -73.5663195, 45.4674409 ], [ -73.5663563, 45.4674974 ], [ -73.566375, 45.4675222 ], [ -73.5664172, 45.4675847 ] ] } },
{ "type": "Feature", "properties": { "u": 797776012, "v": 615101580, "key": 0, "highway": "secondary", "length_km": 0.1212684087561615, "h_neige": 12.43, "is_crit_security_social": true, "is_crit_economique": true, "quartier": "verdun", "scenario_1": true, "scenario_2": true, "scenario_3": true }, "geometry": { "type": "LineString", "coordinates": [ [ -73.5662463, 45.4673159 ], [ -73.5662143, 45.4672547 ], [ -73.566185, 45.4671746 ], [ -73.5661492, 45.467072 ], [ -73.5661146, 45.4669709 ], [ -73.5658912, 45.4663429 ], [ -73.565881, 45.4663168 ], [ -73.5658604, 45.4662598 ] ] } },
{ "type": "Feature", "properties": { "u": 998513328, "v": 32661129, "key": 0, "highway": "residential", "length_km": 0.2356507828562574, "h_neige": 15.95, "is_crit_security_social": true, "is_crit_economique": false, "quartier": "verdun", "scenario_1": true, "scenario_2": false, "scenario_3": true }, "geometry": { "type": "LineString", "coordinates": [ [ -73.5680852, 45.4628308 ], [ -73.5680802, 45.4628897 ], [ -73.5680613, 45.4630945 ], [ -73.5680556, 45.4631566 ], [ -73.5680353, 45.4633779 ], [ -73.5680236, 45.4635046 ], [ -73.5680195, 45.46355 ], [ -73.5680081, 45.4636737 ], [ -73.5679411, 45.4644025 ], [ -73.5678958, 45.4648965 ], [ -73.5679046, 45.4649454 ] ] } },
{ "type": "Feature", "properties": { "u": 998513328, "v": 1700518214, "key": 0, "highway": "secondary", "length_km": 0.085101143740534707, "h_neige": 2.67, "is_crit_security_social": true, "is_crit_economique": true, "quartier": "verdun", "scenario_1": true, "scenario_2": true, "scenario_3": true }, "geometry": { "type": "LineString", "coordinates": [ [ -73.5680852, 45.4628308 ], [ -73.568506, 45.4628495 ], [ -73.5691007, 45.462876 ], [ -73.5691742, 45.4628793 ] ] } },
{ "type": "Feature", "properties": { "u": 1241292882, "v": 4518898500, "key": 0, "highway": "secondary", "length_km": 0.08032386836481982, "h_neige": 10.61, "is_crit_security_social": true, "is_crit_economique": true, "quartier": "verdun", "scenario_1": true, "scenario_2": true, "scenario_3": true }, "geometry": { "type": "LineString", "coordinates": [ [ -73.5704987, 45.472248 ], [ -73.5704317, 45.4722451 ], [ -73.5704029, 45.4722437 ], [ -73.5700977, 45.4722305 ], [ -73.5699493, 45.4722226 ], [ -73.5698699, 45.4722206 ], [ -73.569809, 45.4722199 ], [ -73.5697423, 45.472223 ], [ -73.5696864, 45.4722301 ], [ -73.5696174, 45.4722409 ], [ -73.5695661, 45.472256 ], [ -73.5694866, 45.4722843 ] ] } },
{ "type": "Feature", "properties": { "u": 1411570408, "v": 4518898500, "key": 0, "highway": "secondary", "length_km": 0.0074793271396379479, "h_neige": 19.18, "is_crit_security_social": true, "is_crit_economique": true, "quartier": "verdun", "scenario_1": true, "scenario_2": true, "scenario_3": true }, "geometry": { "type": "LineString", "coordinates": [ [ -73.5695291, 45.4723446 ], [ -73.5694866, 45.4722843 ] ] } },
{ "type": "Feature", "properties": { "u": 1411570408, "v": 32661156, "key": 0, "highway": "secondary", "length_km": 0.07617720173550642, "h_neige": 5.69, "is_crit_security_social": true, "is_crit_economique": true, "quartier": "verdun", "scenario_1": true, "scenario_2": true, "scenario_3": true }, "geometry": { "type": "LineString", "coordinates": [ [ -73.5695291, 45.4723446 ], [ -73.5696141, 45.4723208 ], [ -73.5696738, 45.4723072 ], [ -73.5697288, 45.4722995 ], [ -73.5697753, 45.4722943 ], [ -73.5698204, 45.4722925 ], [ -73.5698735, 45.4722935 ], [ -73.570149, 45.4723063 ], [ -73.5703398, 45.4723152 ], [ -73.5703923, 45.4723189 ], [ -73.5704226, 45.472321 ], [ -73.5704929, 45.4723258 ] ] } },
{ "type": "Feature", "properties": { "u": 1429448537, "v": 32661256, "key": 0, "highway": "secondary", "length_km": 0.24927342655006041, "h_neige": 11.41, "is_crit_security_social": true, "is_crit_economique": true, "quartier": "verdun", "scenario_1": true, "scenario_2": true, "scenario_3": true }, "geometry": { "type": "LineString", "coordinates": [ [ -73.5666152, 45.4671346 ], [ -73.5666201, 45.4670734 ], [ -73.5666246, 45.46703 ], [ -73.5666863, 45.466345 ], [ -73.566809, 45.4649837 ], [ -73.5668115, 45.4649561 ], [ -73.5668168, 45.4648973 ] ] } },
{ "type": "Feature", "properties": { "u": 1429448537, "v": 797776010, "key": 0, "highway": "secondary", "length_km": 0.05265575491271976, "h_neige": 0.73, "is_crit_security_social": true, "is_crit_economique": true, "quartier": "verdun", "scenario_1": true, "scenario_2": true, "scenario_3": true }, "geometry": { "type": "LineString", "coordinates": [ [ -73.5666152, 45.4671346 ], [ -73.5665277, 45.4673897 ], [ -73.5665123, 45.4674359 ], [ -73.566497, 45.4674745 ], [ -73.5664739, 45.4675104 ], [ -73.5664172, 45.4675847 ] ] } },
{ "type": "Feature", "properties": { "u": 1429448537, "v": 1700518221, "key": 0, "highway": "residential", "length_km": 0.085539811187374845, "h_neige": 3.44, "is_crit_security_social": true, "is_crit_economique": false, "quartier": "verdun", "scenario_1": true, "scenario_2": false, "scenario_3": true }, "geometry": { "type": "LineString", "coordinates": [ [ -73.5666152, 45.4671346 ], [ -73.5667006, 45.4671386 ], [ -73.5667588, 45.4671406 ], [ -73.5671706, 45.46716 ], [ -73.5676277, 45.4671797 ], [ -73.5677099, 45.4671832 ] ] } },
{ "type": "Feature", "properties": { "u": 1700483901, "v": 10992292101, "key": 0, "highway": "secondary", "length_km": 0.081340648382190364, "h_neige": 16.88, "is_crit_security_social": true, "is_crit_economique": true, "quartier": "verdun", "scenario_1": true, "scenario_2": true, "scenario_3": true }, "geometry": { "type": "LineString", "coordinates": [ [ -73.5824877, 45.437971 ], [ -73.5825525, 45.4379118 ], [ -73.5825755, 45.4378914 ], [ -73.5831325, 45.4373962 ] ] } },
{ "type": "Feature", "properties": { "u": 1700483901, "v": 10992292021, "key": 0, "highway": "secondary", "length_km": 0.090164808654456557, "h_neige": 15.35, "is_crit_security_social": true, "is_crit_economique": true, "quartier": "verdun", "scenario_1": true, "scenario_2": true, "scenario_3": true }, "geometry": { "type": "LineString", "coordinates": [ [ -73.5824877, 45.437971 ], [ -73.5824266, 45.4380244 ], [ -73.5823928, 45.4380543 ], [ -73.581766, 45.4386043 ] ] } },
{ "type": "Feature", "properties": { "u": 1700483924, "v": 10992292056, "key": 0, "highway": "secondary", "length_km": 0.10063809985928866, "h_neige": 10.81, "is_crit_security_social": true, "is_crit_economique": true, "quartier": "verdun", "scenario_1": true, "scenario_2": true, "scenario_3": true }, "geometry": { "type": "LineString", "coordinates": [ [ -73.5756365, 45.4443583 ], [ -73.5757537, 45.4442953 ], [ -73.5765689, 45.4438747 ], [ -73.5766083, 45.4438557 ], [ -73.5766733, 45.4438199 ] ] } },
{ "type": "Feature", "properties": { "u": 1700518171, "v": 32661184, "key": 0, "highway": "residential", "length_km": 0.33939957178720542, "h_neige": 16.16, "is_crit_security_social": true, "is_crit_economique": false, "quartier": "verdun", "scenario_1": true, "scenario_2": false, "scenario_3": true }, "geometry": { "type": "LineString", "coordinates": [ [ -73.5771541, 45.4469239 ], [ -73.5770727, 45.4469142 ], [ -73.5765467, 45.446847 ], [ -73.5759507, 45.446771 ], [ -73.5740916, 45.4465341 ], [ -73.5736015, 45.4464716 ], [ -73.5734723, 45.4464553 ], [ -73.5730525, 45.4464008 ], [ -73.5730201, 45.4463952 ], [ -73.5729884, 45.4463875 ], [ -73.5729627, 45.4463781 ], [ -73.572887, 45.4463496 ] ] } },
{ "type": "Feature", "properties": { "u": 1700518180, "v": 1700518181, "key": 0, "highway": "residential", "length_km": 0.42247085171248278, "h_neige": 8.46, "is_crit_security_social": true, "is_crit_economique": false, "quartier": "verdun", "scenario_1": true, "scenario_2": false, "scenario_3": true }, "geometry": { "type": "LineString", "coordinates": [ [ -73.5769745, 45.4487901 ], [ -73.5770563, 45.4488012 ], [ -73.5770785, 45.4488042 ], [ -73.5775436, 45.4488202 ], [ -73.5796707, 45.4489117 ], [ -73.5808175, 45.4489654 ], [ -73.5809841, 45.4489672 ], [ -73.5811578, 45.4489593 ], [ -73.5813148, 45.4489493 ], [ -73.5823746, 45.4488731 ] ] } },
{ "type": "Feature", "properties": { "u": 1700518180, "v": 1700518186, "key": 0, "highway": "tertiary", "length_km": 0.081204653590451287, "h_neige": 13.66, "is_crit_security_social": true, "is_crit_economique": true, "quartier": "verdun", "scenario_1": true, "scenario_2": true, "scenario_3": true }, "geometry": { "type": "LineString", "coordinates": [ [ -73.5769745, 45.4487901 ], [ -73.5769683, 45.4488431 ], [ -73.5769645, 45.4488763 ], [ -73.5769045, 45.4494605 ], [ -73.5768978, 45.4495184 ] ] } },
{ "type": "Feature", "properties": { "u": 1700518180, "v": 1700525571, "key": 0, "highway": "tertiary", "length_km": 0.068398332723972222, "h_neige": 12.59, "is_crit_security_social": true, "is_crit_economique": true, "quartier": "verdun", "scenario_1": true, "scenario_2": true, "scenario_3": true }, "geometry": { "type": "LineString", "coordinates": [ [ -73.5769745, 45.4487901 ], [ -73.5769788, 45.4487471 ], [ -73.5769822, 45.4487134 ], [ -73.576985, 45.4486854 ], [ -73.5770245, 45.4482932 ], [ -73.5770281, 45.448257 ], [ -73.5770322, 45.4482168 ], [ -73.5770361, 45.4481765 ] ] } },
{ "type": "Feature", "properties": { "u": 1700518186, "v": 32661180, "key": 0, "highway": "residential", "length_km": 0.33780624610402693, "h_neige": 10.55, "is_crit_security_social": true, "is_crit_economique": false, "quartier": "verdun", "scenario_1": true, "scenario_2": false, "scenario_3": true }, "geometry": { "type": "LineString", "coordinates": [ [ -73.5768978, 45.4495184 ], [ -73.5768014, 45.4495148 ], [ -73.5763426, 45.4494966 ], [ -73.5758723, 45.4494763 ], [ -73.5731565, 45.4493689 ], [ -73.5727279, 45.4493495 ], [ -73.5726788, 45.4493473 ], [ -73.5726497, 45.4493451 ], [ -73.5725748, 45.4493413 ] ] } },
{ "type": "Feature", "properties": { "u": 1700518186, "v": 32661551, "key": 0, "highway": "tertiary", "length_km": 0.085711997511771262, "h_neige": 2.01, "is_crit_security_social": true, "is_crit_economique": true, "quartier": "verdun", "scenario_1": true, "scenario_2": true, "scenario_3": true }, "geometry": { "type": "LineString", "coordinates": [ [ -73.5768978, 45.4495184 ], [ -73.5768926, 45.4495763 ], [ -73.5768289, 45.4502123 ], [ -73.5768272, 45.4502317 ], [ -73.5768223, 45.4502874 ] ] } },
{ "type": "Feature", "properties": { "u": 1700518186, "v": 1700518180, "key": 0, "highway": "tertiary", "length_km": 0.081204653590451287, "h_neige": 7.61, "is_crit_security_social": true, "is_crit_economique": true, "quartier": "verdun", "scenario_1": true, "scenario_2": true, "scenario_3": true }, "geometry": { "type": "LineString", "coordinates": [ [ -73.5768978, 45.4495184 ], [ -73.5769045, 45.4494605 ], [ -73.5769645, 45.4488763 ], [ -73.5769683, 45.4488431 ], [ -73.5769745, 45.4487901 ] ] } },
{ "type": "Feature", "properties": { "u": 1700518190, "v": 32661535, "key": 0, "highway": "secondary", "length_km": 0.056582043319418178, "h_neige": 2.32, "is_crit_security_social": true, "is_crit_economique": true, "quartier": "verdun", "scenario_1": true, "scenario_2": true, "scenario_3": true }, "geometry": { "type": "LineString", "coordinates": [ [ -73.5679538, 45.4523447 ], [ -73.5679606, 45.4522756 ], [ -73.5679624, 45.4522529 ], [ -73.5679842, 45.451978 ], [ -73.5679883, 45.4518365 ] ] } },
{ "type": "Feature", "properties": { "u": 1700518190, "v": 32661220, "key": 0, "highway": "secondary", "length_km": 0.062818496961570797, "h_neige": 17.3, "is_crit_security_social": true, "is_crit_economique": true, "quartier": "verdun", "scenario_1": true, "scenario_2": true, "scenario_3": true }, "geometry": { "type": "LineString", "coordinates": [ [ -73.5679538, 45.4523447 ], [ -73.5679474, 45.4524094 ], [ -73.5679439, 45.4524496 ], [ -73.5679114, 45.452793 ], [ -73.5679051, 45.4528598 ], [ -73.5679005, 45.4529084 ] ] } },
{ "type": "Feature", "properties": { "u": 1700518190, "v": 1700534183, "key": 0, "highway": "tertiary", "length_km": 0.33753565419459647, "h_neige": 19.26, "is_crit_security_social": true, "is_crit_economique": true, "quartier": "verdun", "scenario_1": true, "scenario_2": true, "scenario_3": true }, "geometry": { "type": "LineString", "coordinates": [ [ -73.5679538, 45.4523447 ], [ -73.5680449, 45.4523484 ], [ -73.5681044, 45.4523507 ], [ -73.5684899, 45.4523662 ], [ -73.5717102, 45.4524951 ], [ -73.5721414, 45.4525123 ], [ -73.5721828, 45.4525139 ], [ -73.5722132, 45.452515 ], [ -73.572274, 45.4525171 ] ] } },
{ "type": "Feature", "properties": { "u": 1700518191, "v": 10863546327, "key": 0, "highway": "secondary", "length_km": 0.046612066035566842, "h_neige": 10.73, "is_crit_security_social": true, "is_crit_economique": true, "quartier": "verdun", "scenario_1": true, "scenario_2": true, "scenario_3": true }, "geometry": { "type": "LineString", "coordinates": [ [ -73.5675571, 45.4523285 ], [ -73.5675746, 45.4522598 ], [ -73.5675816, 45.4522354 ], [ -73.5676786, 45.4519181 ] ] } },
{ "type": "Feature", "properties": { "u": 1700518191, "v": 10862932274, "key": 0, "highway": "secondary", "length_km": 0.062735413269567664, "h_neige": 8.5, "is_crit_security_social": true, "is_crit_economique": true, "quartier": "verdun", "scenario_1": true, "scenario_2": true, "scenario_3": true }, "geometry": { "type": "LineString", "coordinates": [ [ -73.5675571, 45.4523285 ], [ -73.5675395, 45.4523996 ], [ -73.5675306, 45.452435 ], [ -73.5674795, 45.4525688 ], [ -73.567442, 45.4526721 ], [ -73.5674036, 45.4527626 ], [ -73.5673508, 45.4528731 ] ] } },
{ "type": "Feature", "properties": { "u": 1700518193, "v": 1700518194, "key": 0, "highway": "secondary", "length_km": 0.015052565653960719, "h_neige": 3.51, "is_crit_security_social": true, "is_crit_economique": true, "quartier": "verdun", "scenario_1": true, "scenario_2": true, "scenario_3": true }, "geometry": { "type": "LineString", "coordinates": [ [ -73.5677545, 45.4545195 ], [ -73.5677423, 45.4546546 ] ] } },
{ "type": "Feature", "properties": { "u": 1700518193, "v": 32661478, "key": 0, "highway": "tertiary", "length_km": 0.15317601293469368, "h_neige": 3.32, "is_crit_security_social": true, "is_crit_economique": true, "quartier": "verdun", "scenario_1": true, "scenario_2": true, "scenario_3": true }, "geometry": { "type": "LineString", "coordinates": [ [ -73.5677545, 45.4545195 ], [ -73.5676683, 45.4545166 ], [ -73.5671497, 45.4544954 ], [ -73.5669632, 45.4544882 ], [ -73.5667499, 45.4544799 ], [ -73.5660827, 45.454454 ], [ -73.5659551, 45.4544669 ], [ -73.5657961, 45.454482 ] ] } },
{ "type": "Feature", "properties": { "u": 1700518193, "v": 32661221, "key": 0, "highway": "secondary", "length_km": 0.095029765177973957, "h_neige": 17.82, "is_crit_security_social": true, "is_crit_economique": true, "quartier": "verdun", "scenario_1": true, "scenario_2": true, "scenario_3": true }, "geometry": { "type": "LineString", "coordinates": [ [ -73.5677545, 45.4545195 ], [ -73.5677579, 45.4544739 ], [ -73.5677593, 45.4544488 ], [ -73.5678234, 45.4537198 ], [ -73.5678292, 45.4536665 ] ] } },
{ "type": "Feature", "properties": { "u": 1700518194, "v": 1700518193, "key": 0, "highway": "secondary", "length_km": 0.015052565653960719, "h_neige": 19.3, "is_crit_security_social": true, "is_crit_economique": true, "quartier": "verdun", "scenario_1": true, "scenario_2": true, "scenario_3": true }, "geometry": { "type": "LineString", "coordinates": [ [ -73.5677423, 45.4546546 ], [ -73.5677545, 45.4545195 ] ] } },
{ "type": "Feature", "properties": { "u": 1700518194, "v": 1700525610, "key": 0, "highway": "tertiary", "length_km": 0.33892196449278827, "h_neige": 0.75, "is_crit_security_social": true, "is_crit_economique": true, "quartier": "verdun", "scenario_1": true, "scenario_2": true, "scenario_3": true }, "geometry": { "type": "LineString", "coordinates": [ [ -73.5677423, 45.4546546 ], [ -73.5678313, 45.4546573 ], [ -73.5683024, 45.4546747 ], [ -73.569791, 45.4547384 ], [ -73.5715011, 45.4548061 ], [ -73.5719416, 45.4548236 ], [ -73.5719746, 45.4548249 ], [ -73.5720094, 45.4548257 ], [ -73.5720804, 45.4548273 ] ] } },
{ "type": "Feature", "properties": { "u": 1700518194, "v": 32661224, "key": 0, "highway": "secondary", "length_km": 0.081623922844711538, "h_neige": 1.6, "is_crit_security_social": true, "is_crit_economique": true, "quartier": "verdun", "scenario_1": true, "scenario_2": true, "scenario_3": true }, "geometry": { "type": "LineString", "coordinates": [ [ -73.5677423, 45.4546546 ], [ -73.5677372, 45.4546991 ], [ -73.5677345, 45.4547335 ], [ -73.5676836, 45.4553071 ], [ -73.5676813, 45.455333 ], [ -73.5676765, 45.4553872 ] ] } },
{ "type": "Feature", "properties": { "u": 1700518195, "v": 32661224, "key": 0, "highway": "residential", "length_km": 0.22330338033021127, "h_neige": 7.63, "is_crit_security_social": true, "is_crit_economique": false, "quartier": "verdun", "scenario_1": true, "scenario_2": false, "scenario_3": true }, "geometry": { "type": "LineString", "coordinates": [ [ -73.5648264, 45.4552326 ], [ -73.5649084, 45.4552509 ], [ -73.564971, 45.4552648 ], [ -73.5653687, 45.4552793 ], [ -73.5655619, 45.4552894 ], [ -73.5671832, 45.4553648 ], [ -73.567526, 45.4553811 ], [ -73.5675913, 45.455384 ], [ -73.5676765, 45.4553872 ] ] } },
{ "type": "Feature", "properties": { "u": 1700518195, "v": 1700518196, "key": 0, "highway": "secondary", "length_km": 0.088415851989352298, "h_neige": 17.07, "is_crit_security_social": true, "is_crit_economique": true, "quartier": "verdun", "scenario_1": true, "scenario_2": true, "scenario_3": true }, "geometry": { "type": "LineString", "coordinates": [ [ -73.5648264, 45.4552326 ], [ -73.5647723, 45.4552914 ], [ -73.5642454, 45.4559153 ] ] } },
{ "type": "Feature", "properties": { "u": 1700518195, "v": 32661478, "key": 0, "highway": "secondary", "length_km": 0.11368588121817884, "h_neige": 7.97, "is_crit_security_social": true, "is_crit_economique": true, "quartier": "verdun", "scenario_1": true, "scenario_2": true, "scenario_3": true }, "geometry": { "type": "LineString", "coordinates": [ [ -73.5648264, 45.4552326 ], [ -73.5649523, 45.455085 ], [ -73.5650605, 45.4549722 ], [ -73.565161, 45.4548799 ], [ -73.5652795, 45.4547872 ], [ -73.5655685, 45.4546179 ], [ -73.5656117, 45.4545921 ], [ -73.5656558, 45.4545657 ], [ -73.5657961, 45.454482 ] ] } },
{ "type": "Feature", "properties": { "u": 1700518196, "v": 1700518195, "key": 0, "highway": "secondary", "length_km": 0.088415851989352298, "h_neige": 9.37, "is_crit_security_social": true, "is_crit_economique": true, "quartier": "verdun", "scenario_1": true, "scenario_2": true, "scenario_3": true }, "geometry": { "type": "LineString", "coordinates": [ [ -73.5642454, 45.4559153 ], [ -73.5647723, 45.4552914 ], [ -73.5648264, 45.4552326 ] ] } },
{ "type": "Feature", "properties": { "u": 1700518196, "v": 1700518198, "key": 0, "highway": "secondary", "length_km": 0.073311984199734698, "h_neige": 18.05, "is_crit_security_social": true, "is_crit_economique": true, "quartier": "verdun", "scenario_1": true, "scenario_2": true, "scenario_3": true }, "geometry": { "type": "LineString", "coordinates": [ [ -73.5642454, 45.4559153 ], [ -73.5641368, 45.4560618 ], [ -73.5640684, 45.4561603 ], [ -73.5640084, 45.4562545 ], [ -73.5639407, 45.4563927 ], [ -73.5639227, 45.4564295 ], [ -73.5638807, 45.4565213 ] ] } },
{ "type": "Feature", "properties": { "u": 1700518198, "v": 32661226, "key": 0, "highway": "residential", "length_km": 0.28754715093309391, "h_neige": 5.28, "is_crit_security_social": true, "is_crit_economique": false, "quartier": "verdun", "scenario_1": true, "scenario_2": false, "scenario_3": true }, "geometry": { "type": "LineString", "coordinates": [ [ -73.5638807, 45.4565213 ], [ -73.5639918, 45.4565266 ], [ -73.5643663, 45.4565433 ], [ -73.5644647, 45.4565472 ], [ -73.5651335, 45.4565771 ], [ -73.566231, 45.4566262 ], [ -73.5670632, 45.4566632 ], [ -73.5674142, 45.4566797 ], [ -73.5674835, 45.4566821 ], [ -73.5675599, 45.456685 ] ] } },
{ "type": "Feature", "properties": { "u": 1700518198, "v": 1700518199, "key": 0, "highway": "secondary", "length_km": 0.066033536155094205, "h_neige": 17.85, "is_crit_security_social": true, "is_crit_economique": true, "quartier": "verdun", "scenario_1": true, "scenario_2": true, "scenario_3": true }, "geometry": { "type": "LineString", "coordinates": [ [ -73.5638807, 45.4565213 ], [ -73.5638535, 45.4565801 ], [ -73.5636995, 45.4569121 ], [ -73.5636251, 45.4570874 ] ] } },
{ "type": "Feature", "properties": { "u": 1700518198, "v": 1700518196, "key": 0, "highway": "secondary", "length_km": 0.073311984199734698, "h_neige": 1.26, "is_crit_security_social": true, "is_crit_economique": true, "quartier": "verdun", "scenario_1": true, "scenario_2": true, "scenario_3": true }, "geometry": { "type": "LineString", "coordinates": [ [ -73.5638807, 45.4565213 ], [ -73.5639227, 45.4564295 ], [ -73.5639407, 45.4563927 ], [ -73.5640084, 45.4562545 ], [ -73.5640684, 45.4561603 ], [ -73.5641368, 45.4560618 ], [ -73.5642454, 45.4559153 ] ] } },
{ "type": "Feature", "properties": { "u": 1700518199, "v": 1700518202, "key": 0, "highway": "secondary", "length_km": 0.06702833779728605, "h_neige": 3.19, "is_crit_security_social": true, "is_crit_economique": true, "quartier": "verdun", "scenario_1": true, "scenario_2": true, "scenario_3": true }, "geometry": { "type": "LineString", "coordinates": [ [ -73.5636251, 45.4570874 ], [ -73.5634771, 45.4574147 ], [ -73.5634451, 45.4575015 ], [ -73.5634233, 45.4575784 ], [ -73.5634116, 45.4576694 ] ] } },
{ "type": "Feature", "properties": { "u": 1700518199, "v": 1700518198, "key": 0, "highway": "secondary", "length_km": 0.066033536155094205, "h_neige": 11.01, "is_crit_security_social": true, "is_crit_economique": true, "quartier": "verdun", "scenario_1": true, "scenario_2": true, "scenario_3": true }, "geometry": { "type": "LineString", "coordinates": [ [ -73.5636251, 45.4570874 ], [ -73.5636995, 45.4569121 ], [ -73.5638535, 45.4565801 ], [ -73.5638807, 45.4565213 ] ] } },
{ "type": "Feature", "properties": { "u": 1700518202, "v": 32661251, "key": 0, "highway": "residential", "length_km": 0.31588876672767263, "h_neige": 7.12, "is_crit_security_social": true, "is_crit_economique": false, "quartier": "verdun", "scenario_1": true, "scenario_2": false, "scenario_3": true }, "geometry": { "type": "LineString", "coordinates": [ [ -73.5634116, 45.4576694 ], [ -73.563516, 45.4576739 ], [ -73.5639032, 45.457691 ], [ -73.5639691, 45.4576931 ], [ -73.5669595, 45.45782 ], [ -73.5673136, 45.4578377 ], [ -73.5673661, 45.4578399 ], [ -73.567454, 45.4578437 ] ] } },
{ "type": "Feature", "properties": { "u": 1700518202, "v": 1700518203, "key": 0, "highway": "secondary", "length_km": 0.064201569941942246, "h_neige": 11.48, "is_crit_security_social": true, "is_crit_economique": true, "quartier": "verdun", "scenario_1": true, "scenario_2": true, "scenario_3": true }, "geometry": { "type": "LineString", "coordinates": [ [ -73.5634116, 45.4576694 ], [ -73.5633515, 45.4581591 ], [ -73.5633477, 45.4581878 ], [ -73.5633402, 45.4582446 ] ] } },
{ "type": "Feature", "properties": { "u": 1700518202, "v": 1700518199, "key": 0, "highway": "secondary", "length_km": 0.067028337797286036, "h_neige": 18.42, "is_crit_security_social": true, "is_crit_economique": true, "quartier": "verdun", "scenario_1": true, "scenario_2": true, "scenario_3": true }, "geometry": { "type": "LineString", "coordinates": [ [ -73.5634116, 45.4576694 ], [ -73.5634233, 45.4575784 ], [ -73.5634451, 45.4575015 ], [ -73.5634771, 45.4574147 ], [ -73.5636251, 45.4570874 ] ] } },
{ "type": "Feature", "properties": { "u": 1700518203, "v": 1700518204, "key": 0, "highway": "secondary", "length_km": 0.091019919194103863, "h_neige": 5.61, "is_crit_security_social": true, "is_crit_economique": true, "quartier": "verdun", "scenario_1": true, "scenario_2": true, "scenario_3": true }, "geometry": { "type": "LineString", "coordinates": [ [ -73.5633402, 45.4582446 ], [ -73.5633351, 45.458301 ], [ -73.5633319, 45.4583408 ], [ -73.563303, 45.458606 ], [ -73.5632966, 45.458663 ], [ -73.5632577, 45.4590611 ] ] } },
{ "type": "Feature", "properties": { "u": 1700518203, "v": 1700518202, "key": 0, "highway": "secondary", "length_km": 0.064201569941942246, "h_neige": 5.86, "is_crit_security_social": true, "is_crit_economique": true, "quartier": "verdun", "scenario_1": true, "scenario_2": true, "scenario_3": true }, "geometry": { "type": "LineString", "coordinates": [ [ -73.5633402, 45.4582446 ], [ -73.5633477, 45.4581878 ], [ -73.5633515, 45.4581591 ], [ -73.5634116, 45.4576694 ] ] } },
{ "type": "Feature", "properties": { "u": 1700518204, "v": 32661253, "key": 0, "highway": "residential", "length_km": 0.31805123329401147, "h_neige": 7.74, "is_crit_security_social": true, "is_crit_economique": false, "quartier": "verdun", "scenario_1": true, "scenario_2": false, "scenario_3": true }, "geometry": { "type": "LineString", "coordinates": [ [ -73.5632577, 45.4590611 ], [ -73.5633588, 45.4590648 ], [ -73.563891, 45.4590852 ], [ -73.5662682, 45.4591937 ], [ -73.5666711, 45.4592135 ], [ -73.5666942, 45.4592146 ], [ -73.5671932, 45.4592296 ], [ -73.5672443, 45.4592316 ], [ -73.5673278, 45.4592361 ] ] } },
{ "type": "Feature", "properties": { "u": 1700518204, "v": 1700518205, "key": 0, "highway": "secondary", "length_km": 0.097786072837850804, "h_neige": 5.08, "is_crit_security_social": true, "is_crit_economique": true, "quartier": "verdun", "scenario_1": true, "scenario_2": true, "scenario_3": true }, "geometry": { "type": "LineString", "coordinates": [ [ -73.5632577, 45.4590611 ], [ -73.5631857, 45.4597288 ], [ -73.5631759, 45.4597989 ], [ -73.563158, 45.4599377 ] ] } },
{ "type": "Feature", "properties": { "u": 1700518204, "v": 1700518203, "key": 0, "highway": "secondary", "length_km": 0.091019919194103863, "h_neige": 19.22, "is_crit_security_social": true, "is_crit_economique": true, "quartier": "verdun", "scenario_1": true, "scenario_2": true, "scenario_3": true }, "geometry": { "type": "LineString", "coordinates": [ [ -73.5632577, 45.4590611 ], [ -73.5632966, 45.458663 ], [ -73.563303, 45.458606 ], [ -73.5633319, 45.4583408 ], [ -73.5633351, 45.458301 ], [ -73.5633402, 45.4582446 ] ] } },
{ "type": "Feature", "properties": { "u": 1700518205, "v": 1700518206, "key": 0, "highway": "secondary", "length_km": 0.098728798926503269, "h_neige": 3.88, "is_crit_security_social": true, "is_crit_economique": true, "quartier": "verdun", "scenario_1": true, "scenario_2": true, "scenario_3": true }, "geometry": { "type": "LineString", "coordinates": [ [ -73.563158, 45.4599377 ], [ -73.5631182, 45.4602805 ], [ -73.5630674, 45.4606864 ], [ -73.5630564, 45.4607742 ], [ -73.5630509, 45.4608224 ] ] } },
{ "type": "Feature", "properties": { "u": 1700518205, "v": 1700518204, "key": 0, "highway": "secondary", "length_km": 0.097786072837850818, "h_neige": 14.8, "is_crit_security_social": true, "is_crit_economique": true, "quartier": "verdun", "scenario_1": true, "scenario_2": true, "scenario_3": true }, "geometry": { "type": "LineString", "coordinates": [ [ -73.563158, 45.4599377 ], [ -73.5631759, 45.4597989 ], [ -73.5631857, 45.4597288 ], [ -73.5632577, 45.4590611 ] ] } },
{ "type": "Feature", "properties": { "u": 1700518206, "v": 32661193, "key": 0, "highway": "secondary", "length_km": 0.10148862961140045, "h_neige": 5.63, "is_crit_security_social": true, "is_crit_economique": true, "quartier": "verdun", "scenario_1": true, "scenario_2": true, "scenario_3": true }, "geometry": { "type": "LineString", "coordinates": [ [ -73.5630509, 45.4608224 ], [ -73.5630329, 45.4609991 ], [ -73.562969, 45.4616376 ], [ -73.5629672, 45.4616571 ], [ -73.5629739, 45.4617329 ] ] } },
{ "type": "Feature", "properties": { "u": 1700518206, "v": 1700518205, "key": 0, "highway": "secondary", "length_km": 0.098728798926503269, "h_neige": 3.43, "is_crit_security_social": true, "is_crit_economique": true, "quartier": "verdun", "scenario_1": true, "scenario_2": true, "scenario_3": true }, "geometry": { "type": "LineString", "coordinates": [ [ -73.5630509, 45.4608224 ], [ -73.5630564, 45.4607742 ], [ -73.5630674, 45.4606864 ], [ -73.5631182, 45.4602805 ], [ -73.563158, 45.4599377 ] ] } },
{ "type": "Feature", "properties": { "u": 1700518206, "v": 1700525647, "key": 0, "highway": "residential", "length_km": 0.32183880705048562, "h_neige": 14.53, "is_crit_security_social": true, "is_crit_economique": false, "quartier": "verdun", "scenario_1": true, "scenario_2": false, "scenario_3": true }, "geometry": { "type": "LineString", "coordinates": [ [ -73.5630509, 45.4608224 ], [ -73.5631538, 45.460827 ], [ -73.5637058, 45.4608519 ], [ -73.5637269, 45.4608528 ], [ -73.5665372, 45.4609794 ], [ -73.566625, 45.4609833 ], [ -73.5670167, 45.4610008 ], [ -73.5671065, 45.461005 ], [ -73.567169, 45.4610078 ] ] } },
{ "type": "Feature", "properties": { "u": 1700518211, "v": 1700534185, "key": 0, "highway": "secondary", "length_km": 0.066580367064208321, "h_neige": 15.62, "is_crit_security_social": true, "is_crit_economique": true, "quartier": "verdun", "scenario_1": true, "scenario_2": true, "scenario_3": true }, "geometry": { "type": "LineString", "coordinates": [ [ -73.5650641, 45.4626963 ], [ -73.5651305, 45.4626993 ], [ -73.5652655, 45.4627053 ], [ -73.5655365, 45.4627173 ], [ -73.5656313, 45.4627216 ], [ -73.5656876, 45.4627241 ], [ -73.5658776, 45.4627325 ], [ -73.5659161, 45.4627342 ] ] } },
{ "type": "Feature", "properties": { "u": 1700518214, "v": 32661117, "key": 0, "highway": "secondary", "length_km": 0.083381011323248364, "h_neige": 19.07, "is_crit_security_social": true, "is_crit_economique": true, "quartier": "verdun", "scenario_1": true, "scenario_2": true, "scenario_3": true }, "geometry": { "type": "LineString", "coordinates": [ [ -73.5691742, 45.4628793 ], [ -73.569508, 45.4628941 ], [ -73.5702412, 45.4629267 ] ] } },
{ "type": "Feature", "properties": { "u": 1700518216, "v": 32661129, "key": 0, "highway": "residential", "length_km": 0.083977337981506417, "h_neige": 3.06, "is_crit_security_social": true, "is_crit_economique": false, "quartier": "verdun", "scenario_1": true, "scenario_2": false, "scenario_3": true }, "geometry": { "type": "LineString", "coordinates": [ [ -73.5689794, 45.4649916 ], [ -73.5689096, 45.4649891 ], [ -73.5684461, 45.4649698 ], [ -73.5679876, 45.464949 ], [ -73.5679046, 45.4649454 ] ] } },
{ "type": "Feature", "properties": { "u": 1700518216, "v": 1700518214, "key": 0, "highway": "residential", "length_km": 0.23536882113181051, "h_neige": 4.26, "is_crit_security_social": true, "is_crit_economique": false, "quartier": "verdun", "scenario_1": true, "scenario_2": false, "scenario_3": true }, "geometry": { "type": "LineString", "coordinates": [ [ -73.5689794, 45.4649916 ], [ -73.5689838, 45.4649422 ], [ -73.5690579, 45.4641586 ], [ -73.569165, 45.4629676 ], [ -73.5691683, 45.4629363 ], [ -73.5691742, 45.4628793 ] ] } },
{ "type": "Feature", "properties": { "u": 1700518221, "v": 32661131, "key": 0, "highway": "residential", "length_km": 0.17130785882233943, "h_neige": 18.65, "is_crit_security_social": true, "is_crit_economique": false, "quartier": "verdun", "scenario_1": true, "scenario_2": false, "scenario_3": true }, "geometry": { "type": "LineString", "coordinates": [ [ -73.5677099, 45.4671832 ], [ -73.5677014, 45.4672476 ], [ -73.5676744, 45.4675487 ], [ -73.5676357, 45.4679687 ], [ -73.5675961, 45.4684 ], [ -73.5675751, 45.4686284 ], [ -73.567572, 45.4686613 ], [ -73.5675666, 45.4687205 ] ] } },
{ "type": "Feature", "properties": { "u": 1700518221, "v": 1429448537, "key": 0, "highway": "residential", "length_km": 0.085539811187374845, "h_neige": 8.39, "is_crit_security_social": true, "is_crit_economique": false, "quartier": "verdun", "scenario_1": true, "scenario_2": false, "scenario_3": true }, "geometry": { "type": "LineString", "coordinates": [ [ -73.5677099, 45.4671832 ], [ -73.5676277, 45.4671797 ], [ -73.5671706, 45.46716 ], [ -73.5667588, 45.4671406 ], [ -73.5667006, 45.4671386 ], [ -73.5666152, 45.4671346 ] ] } },
{ "type": "Feature", "properties": { "u": 1700518226, "v": 1700518227, "key": 0, "highway": "residential", "length_km": 0.083055451661704874, "h_neige": 17.3, "is_crit_security_social": true, "is_crit_economique": false, "quartier": "verdun", "scenario_1": true, "scenario_2": false, "scenario_3": true }, "geometry": { "type": "LineString", "coordinates": [ [ -73.5686539, 45.4687683 ], [ -73.5687266, 45.4687714 ], [ -73.5687627, 45.468773 ], [ -73.5691776, 45.4687912 ], [ -73.5696323, 45.4688112 ], [ -73.5697169, 45.4688149 ] ] } },
{ "type": "Feature", "properties": { "u": 1700518226, "v": 32661131, "key": 0, "highway": "residential", "length_km": 0.084955088398286402, "h_neige": 1.77, "is_crit_security_social": true, "is_crit_economique": false, "quartier": "verdun", "scenario_1": true, "scenario_2": false, "scenario_3": true }, "geometry": { "type": "LineString", "coordinates": [ [ -73.5686539, 45.4687683 ], [ -73.5685804, 45.468765 ], [ -73.5685396, 45.4687632 ], [ -73.5681033, 45.4687441 ], [ -73.5675666, 45.4687205 ] ] } },
{ "type": "Feature", "properties": { "u": 1700518226, "v": 1700518222, "key": 0, "highway": "residential", "length_km": 0.1710749951710395, "h_neige": 18.17, "is_crit_security_social": true, "is_crit_economique": false, "quartier": "verdun", "scenario_1": true, "scenario_2": false, "scenario_3": true }, "geometry": { "type": "LineString", "coordinates": [ [ -73.5686539, 45.4687683 ], [ -73.5686595, 45.4687049 ], [ -73.5687762, 45.4673265 ], [ -73.5687788, 45.4672955 ], [ -73.5687841, 45.4672325 ] ] } },
{ "type": "Feature", "properties": { "u": 1700518227, "v": 32661121, "key": 0, "highway": "residential", "length_km": 0.17893556122730897, "h_neige": 8.08, "is_crit_security_social": true, "is_crit_economique": false, "quartier": "verdun", "scenario_1": true, "scenario_2": false, "scenario_3": true }, "geometry": { "type": "LineString", "coordinates": [ [ -73.5697169, 45.4688149 ], [ -73.5697113, 45.4688814 ], [ -73.5696314, 45.4697156 ], [ -73.5696154, 45.4698823 ], [ -73.5695758, 45.4703209 ], [ -73.5695724, 45.4703576 ], [ -73.569568, 45.4704207 ] ] } },
{ "type": "Feature", "properties": { "u": 1700518227, "v": 1700518226, "key": 0, "highway": "residential", "length_km": 0.083055451661704874, "h_neige": 14.43, "is_crit_security_social": true, "is_crit_economique": false, "quartier": "verdun", "scenario_1": true, "scenario_2": false, "scenario_3": true }, "geometry": { "type": "LineString", "coordinates": [ [ -73.5697169, 45.4688149 ], [ -73.5696323, 45.4688112 ], [ -73.5691776, 45.4687912 ], [ -73.5687627, 45.468773 ], [ -73.5687266, 45.4687714 ], [ -73.5686539, 45.4687683 ] ] } },
{ "type": "Feature", "properties": { "u": 1700525571, "v": 32661182, "key": 0, "highway": "residential", "length_km": 0.34047451754823049, "h_neige": 15.04, "is_crit_security_social": true, "is_crit_economique": false, "quartier": "verdun", "scenario_1": true, "scenario_2": false, "scenario_3": true }, "geometry": { "type": "LineString", "coordinates": [ [ -73.5770361, 45.4481765 ], [ -73.5769571, 45.448172 ], [ -73.5768905, 45.4481677 ], [ -73.5764594, 45.4481323 ], [ -73.5760179, 45.4480891 ], [ -73.5751826, 45.4480079 ], [ -73.5750098, 45.4479911 ], [ -73.573507, 45.4478415 ], [ -73.5732924, 45.4478205 ], [ -73.5732556, 45.4478169 ], [ -73.572856, 45.44778 ], [ -73.5728135, 45.4477756 ], [ -73.5727873, 45.4477729 ], [ -73.5727115, 45.4477649 ] ] } },
{ "type": "Feature", "properties": { "u": 1700525571, "v": 1700518180, "key": 0, "highway": "tertiary", "length_km": 0.068398332723972222, "h_neige": 19.12, "is_crit_security_social": true, "is_crit_economique": true, "quartier": "verdun", "scenario_1": true, "scenario_2": true, "scenario_3": true }, "geometry": { "type": "LineString", "coordinates": [ [ -73.5770361, 45.4481765 ], [ -73.5770322, 45.4482168 ], [ -73.5770281, 45.448257 ], [ -73.5770245, 45.4482932 ], [ -73.576985, 45.4486854 ], [ -73.5769822, 45.4487134 ], [ -73.5769788, 45.4487471 ], [ -73.5769745, 45.4487901 ] ] } },
{ "type": "Feature", "properties": { "u": 1700525573, "v": 1700525576, "key": 0, "highway": "tertiary", "length_km": 0.072663984258593856, "h_neige": 7.13, "is_crit_security_social": true, "is_crit_economique": true, "quartier": "verdun", "scenario_1": true, "scenario_2": true, "scenario_3": true }, "geometry": { "type": "LineString", "coordinates": [ [ -73.5767643, 45.4509247 ], [ -73.5767593, 45.4509822 ], [ -73.5767155, 45.4514938 ], [ -73.5767131, 45.4515208 ], [ -73.5767083, 45.451577 ] ] } },
{ "type": "Feature", "properties": { "u": 1700525573, "v": 32661551, "key": 0, "highway": "tertiary", "length_km": 0.071008919472224846, "h_neige": 5.87, "is_crit_security_social": true, "is_crit_economique": true, "quartier": "verdun", "scenario_1": true, "scenario_2": true, "scenario_3": true }, "geometry": { "type": "LineString", "coordinates": [ [ -73.5767643, 45.4509247 ], [ -73.5767693, 45.4508697 ], [ -73.5768149, 45.4503692 ], [ -73.576817, 45.4503451 ], [ -73.5768223, 45.4502874 ] ] } },
{ "type": "Feature", "properties": { "u": 1700525573, "v": 32661178, "key": 0, "highway": "residential", "length_km": 0.33766272667079295, "h_neige": 7.85, "is_crit_security_social": true, "is_crit_economique": false, "quartier": "verdun", "scenario_1": true, "scenario_2": false, "scenario_3": true }, "geometry": { "type": "LineString", "coordinates": [ [ -73.5767643, 45.4509247 ], [ -73.5766653, 45.4509212 ], [ -73.576257, 45.4509066 ], [ -73.5729926, 45.4507767 ], [ -73.5725994, 45.4507619 ], [ -73.5725539, 45.4507606 ], [ -73.5724975, 45.450759 ], [ -73.5724422, 45.4507575 ] ] } },
{ "type": "Feature", "properties": { "u": 1700525576, "v": 1700525578, "key": 0, "highway": "tertiary", "length_km": 0.068119911775931963, "h_neige": 16.46, "is_crit_security_social": true, "is_crit_economique": true, "quartier": "verdun", "scenario_1": true, "scenario_2": true, "scenario_3": true }, "geometry": { "type": "LineString", "coordinates": [ [ -73.5767083, 45.451577 ], [ -73.5767031, 45.4516355 ], [ -73.5767007, 45.4516619 ], [ -73.5766581, 45.4521352 ], [ -73.5766533, 45.4521884 ] ] } },
{ "type": "Feature", "properties": { "u": 1700525576, "v": 1700525573, "key": 0, "highway": "tertiary", "length_km": 0.072663984258593842, "h_neige": 10.06, "is_crit_security_social": true, "is_crit_economique": true, "quartier": "verdun", "scenario_1": true, "scenario_2": true, "scenario_3": true }, "geometry": { "type": "LineString", "coordinates": [ [ -73.5767083, 45.451577 ], [ -73.5767131, 45.4515208 ], [ -73.5767155, 45.4514938 ], [ -73.5767593, 45.4509822 ], [ -73.5767643, 45.4509247 ] ] } },
{ "type": "Feature", "properties": { "u": 1700525576, "v": 32661543, "key": 0, "highway": "residential", "length_km": 0.4558196934781969, "h_neige": 19.44, "is_crit_security_social": true, "is_crit_economique": false, "quartier": "verdun", "scenario_1": true, "scenario_2": false, "scenario_3": true }, "geometry": { "type": "LineString", "coordinates": [ [ -73.5767083, 45.451577 ], [ -73.5768046, 45.4515808 ], [ -73.5772248, 45.4515973 ], [ -73.5820688, 45.4517983 ], [ -73.5824027, 45.4518129 ], [ -73.5824514, 45.4518152 ], [ -73.5825415, 45.4518201 ] ] } },
{ "type": "Feature", "properties": { "u": 1700525578, "v": 32661176, "key": 0, "highway": "residential", "length_km": 0.33814768686393354, "h_neige": 6.87, "is_crit_security_social": true, "is_crit_economique": false, "quartier": "verdun", "scenario_1": true, "scenario_2": false, "scenario_3": true }, "geometry": { "type": "LineString", "coordinates": [ [ -73.5766533, 45.4521884 ], [ -73.5765603, 45.4521845 ], [ -73.5761141, 45.4521659 ], [ -73.5760272, 45.4521621 ], [ -73.5732827, 45.4520516 ], [ -73.5728986, 45.4520362 ], [ -73.572843, 45.4520334 ], [ -73.5724657, 45.4520169 ], [ -73.5724275, 45.4520156 ], [ -73.572378, 45.4520139 ], [ -73.5723256, 45.4520121 ] ] } },
{ "type": "Feature", "properties": { "u": 1700525578, "v": 1700525580, "key": 0, "highway": "tertiary", "length_km": 0.056005964048324301, "h_neige": 9.03, "is_crit_security_social": true, "is_crit_economique": true, "quartier": "verdun", "scenario_1": true, "scenario_2": true, "scenario_3": true }, "geometry": { "type": "LineString", "coordinates": [ [ -73.5766533, 45.4521884 ], [ -73.5766496, 45.4522414 ], [ -73.576625, 45.4525984 ], [ -73.5766234, 45.4526196 ], [ -73.5766165, 45.4526914 ] ] } },
{ "type": "Feature", "properties": { "u": 1700525578, "v": 1700525576, "key": 0, "highway": "tertiary", "length_km": 0.068119911775931963, "h_neige": 14.47, "is_crit_security_social": true, "is_crit_economique": true, "quartier": "verdun", "scenario_1": true, "scenario_2": true, "scenario_3": true }, "geometry": { "type": "LineString", "coordinates": [ [ -73.5766533, 45.4521884 ], [ -73.5766581, 45.4521352 ], [ -73.5767007, 45.4516619 ], [ -73.5767031, 45.4516355 ], [ -73.5767083, 45.451577 ] ] } },
{ "type": "Feature", "properties": { "u": 1700525580, "v": 1700525582, "key": 0, "highway": "tertiary", "length_km": 0.062332286128108566, "h_neige": 16.62, "is_crit_security_social": true, "is_crit_economique": true, "quartier": "verdun", "scenario_1": true, "scenario_2": true, "scenario_3": true }, "geometry": { "type": "LineString", "coordinates": [ [ -73.5766165, 45.4526914 ], [ -73.5766106, 45.4527543 ], [ -73.5766086, 45.4527858 ], [ -73.576574, 45.4531989 ], [ -73.5765697, 45.453251 ] ] } },
{ "type": "Feature", "properties": { "u": 1700525580, "v": 1700525578, "key": 0, "highway": "tertiary", "length_km": 0.056005964048324308, "h_neige": 6.17, "is_crit_security_social": true, "is_crit_economique": true, "quartier": "verdun", "scenario_1": true, "scenario_2": true, "scenario_3": true }, "geometry": { "type": "LineString", "coordinates": [ [ -73.5766165, 45.4526914 ], [ -73.5766234, 45.4526196 ], [ -73.576625, 45.4525984 ], [ -73.5766496, 45.4522414 ], [ -73.5766533, 45.4521884 ] ] } },
{ "type": "Feature", "properties": { "u": 1700525580, "v": 32766750, "key": 0, "highway": "tertiary", "length_km": 0.42484367749459129, "h_neige": 4.17, "is_crit_security_social": true, "is_crit_economique": true, "quartier": "verdun", "scenario_1": true, "scenario_2": true, "scenario_3": true }, "geometry": { "type": "LineString", "coordinates": [ [ -73.5766165, 45.4526914 ], [ -73.5767111, 45.4526954 ], [ -73.5767575, 45.4526971 ], [ -73.5771602, 45.4527132 ], [ -73.5784068, 45.4527593 ], [ -73.5819052, 45.4528991 ], [ -73.5819622, 45.4529018 ], [ -73.5820544, 45.4529059 ] ] } },
{ "type": "Feature", "properties": { "u": 1700525580, "v": 1700534183, "key": 0, "highway": "tertiary", "length_km": 0.33928372240002813, "h_neige": 7.16, "is_crit_security_social": true, "is_crit_economique": true, "quartier": "verdun", "scenario_1": true, "scenario_2": true, "scenario_3": true }, "geometry": { "type": "LineString", "coordinates": [ [ -73.5766165, 45.4526914 ], [ -73.5765203, 45.4526876 ], [ -73.5764882, 45.4526863 ], [ -73.5760827, 45.4526688 ], [ -73.5736521, 45.4525717 ], [ -73.5728651, 45.4525403 ], [ -73.5724372, 45.4525241 ], [ -73.5723808, 45.4525218 ], [ -73.5723263, 45.4525194 ], [ -73.572274, 45.4525171 ] ] } },
{ "type": "Feature", "properties": { "u": 1700525582, "v": 32661174, "key": 0, "highway": "residential", "length_km": 0.339181704002815, "h_neige": 2.17, "is_crit_security_social": true, "is_crit_economique": false, "quartier": "verdun", "scenario_1": true, "scenario_2": false, "scenario_3": true }, "geometry": { "type": "LineString", "coordinates": [ [ -73.5765697, 45.453251 ], [ -73.5764744, 45.4532474 ], [ -73.5760366, 45.4532308 ], [ -73.5728089, 45.4531024 ], [ -73.572397, 45.4530853 ], [ -73.5723294, 45.4530827 ], [ -73.5722807, 45.4530808 ], [ -73.5722283, 45.4530787 ] ] } },
{ "type": "Feature", "properties": { "u": 1700525582, "v": 1700525592, "key": 0, "highway": "tertiary", "length_km": 0.083906406360503255, "h_neige": 16.48, "is_crit_security_social": true, "is_crit_economique": true, "quartier": "verdun", "scenario_1": true, "scenario_2": true, "scenario_3": true }, "geometry": { "type": "LineString", "coordinates": [ [ -73.5765697, 45.453251 ], [ -73.5765651, 45.453304 ], [ -73.5765086, 45.4539567 ], [ -73.5765045, 45.4540042 ] ] } },
{ "type": "Feature", "properties": { "u": 1700525582, "v": 1700525580, "key": 0, "highway": "tertiary", "length_km": 0.062332286128108566, "h_neige": 2.33, "is_crit_security_social": true, "is_crit_economique": true, "quartier": "verdun", "scenario_1": true, "scenario_2": true, "scenario_3": true }, "geometry": { "type": "LineString", "coordinates": [ [ -73.5765697, 45.453251 ], [ -73.576574, 45.4531989 ], [ -73.5766086, 45.4527858 ], [ -73.5766106, 45.4527543 ], [ -73.5766165, 45.4526914 ] ] } },
{ "type": "Feature", "properties": { "u": 1700525584, "v": 1700525592, "key": 0, "highway": "residential", "length_km": 0.33896641844758979, "h_neige": 5.31, "is_crit_security_social": true, "is_crit_economique": false, "quartier": "verdun", "scenario_1": true, "scenario_2": false, "scenario_3": true }, "geometry": { "type": "LineString", "coordinates": [ [ -73.5721653, 45.4538384 ], [ -73.5722149, 45.45384 ], [ -73.5722593, 45.4538415 ], [ -73.5723346, 45.4538445 ], [ -73.572745, 45.4538605 ], [ -73.5733242, 45.4538814 ], [ -73.5759734, 45.4539822 ], [ -73.5763248, 45.4539969 ], [ -73.5763708, 45.4539988 ], [ -73.5764176, 45.4540007 ], [ -73.5765045, 45.4540042 ] ] } },
{ "type": "Feature", "properties": { "u": 1700525584, "v": 32661174, "key": 0, "highway": "tertiary", "length_km": 0.084617814759508192, "h_neige": 12.09, "is_crit_security_social": true, "is_crit_economique": true, "quartier": "verdun", "scenario_1": true, "scenario_2": true, "scenario_3": true }, "geometry": { "type": "LineString", "coordinates": [ [ -73.5721653, 45.4538384 ], [ -73.5721696, 45.4537909 ], [ -73.5721726, 45.4537562 ], [ -73.572224, 45.4531306 ], [ -73.5722283, 45.4530787 ] ] } },
{ "type": "Feature", "properties": { "u": 1700525584, "v": 1700525594, "key": 0, "highway": "tertiary", "length_km": 0.095500788516433024, "h_neige": 13.62, "is_crit_security_social": true, "is_crit_economique": true, "quartier": "verdun", "scenario_1": true, "scenario_2": true, "scenario_3": true }, "geometry": { "type": "LineString", "coordinates": [ [ -73.5721653, 45.4538384 ], [ -73.5721592, 45.4538834 ], [ -73.5721566, 45.4539139 ], [ -73.5720957, 45.4546178 ], [ -73.5720937, 45.4546325 ], [ -73.572092, 45.454645 ], [ -73.5720879, 45.4546955 ] ] } },
{ "type": "Feature", "properties": { "u": 1700525592, "v": 10979811030, "key": 0, "highway": "residential", "length_km": 0.37683692720099543, "h_neige": 15.04, "is_crit_security_social": true, "is_crit_economique": false, "quartier": "verdun", "scenario_1": true, "scenario_2": false, "scenario_3": true }, "geometry": { "type": "LineString", "coordinates": [ [ -73.5765045, 45.4540042 ], [ -73.5765977, 45.4540078 ], [ -73.5770457, 45.4540248 ], [ -73.5777475, 45.4540503 ], [ -73.5779678, 45.4540594 ], [ -73.5795305, 45.4541239 ], [ -73.5796414, 45.4541281 ], [ -73.5801503, 45.4541476 ], [ -73.5801809, 45.4541487 ], [ -73.5811904, 45.4541944 ], [ -73.5812051, 45.4541958 ], [ -73.5812308, 45.4542018 ], [ -73.5813113, 45.4542378 ] ] } },
{ "type": "Feature", "properties": { "u": 1700525592, "v": 1700525593, "key": 0, "highway": "tertiary", "length_km": 0.074213108218497581, "h_neige": 3.85, "is_crit_security_social": true, "is_crit_economique": true, "quartier": "verdun", "scenario_1": true, "scenario_2": true, "scenario_3": true }, "geometry": { "type": "LineString", "coordinates": [ [ -73.5765045, 45.4540042 ], [ -73.5765, 45.4540538 ], [ -73.5764384, 45.45467 ] ] } },
{ "type": "Feature", "properties": { "u": 1700525592, "v": 1700525582, "key": 0, "highway": "tertiary", "length_km": 0.083906406360503255, "h_neige": 19.64, "is_crit_security_social": true, "is_crit_economique": true, "quartier": "verdun", "scenario_1": true, "scenario_2": true, "scenario_3": true }, "geometry": { "type": "LineString", "coordinates": [ [ -73.5765045, 45.4540042 ], [ -73.5765086, 45.4539567 ], [ -73.5765651, 45.453304 ], [ -73.5765697, 45.453251 ] ] } },
{ "type": "Feature", "properties": { "u": 1700525593, "v": 32661482, "key": 0, "highway": "tertiary", "length_km": 0.022827031628910879, "h_neige": 0.66, "is_crit_security_social": true, "is_crit_economique": true, "quartier": "verdun", "scenario_1": true, "scenario_2": true, "scenario_3": true }, "geometry": { "type": "LineString", "coordinates": [ [ -73.5764384, 45.45467 ], [ -73.5764303, 45.4547768 ], [ -73.5764229, 45.454875 ] ] } },
{ "type": "Feature", "properties": { "u": 1700525593, "v": 1700525592, "key": 0, "highway": "tertiary", "length_km": 0.074213108218497581, "h_neige": 5.57, "is_crit_security_social": true, "is_crit_economique": true, "quartier": "verdun", "scenario_1": true, "scenario_2": true, "scenario_3": true }, "geometry": { "type": "LineString", "coordinates": [ [ -73.5764384, 45.45467 ], [ -73.5765, 45.4540538 ], [ -73.5765045, 45.4540042 ] ] } },
{ "type": "Feature", "properties": { "u": 1700525594, "v": 1700525610, "key": 0, "highway": "tertiary", "length_km": 0.014667183106561859, "h_neige": 12.85, "is_crit_security_social": true, "is_crit_economique": true, "quartier": "verdun", "scenario_1": true, "scenario_2": true, "scenario_3": true }, "geometry": { "type": "LineString", "coordinates": [ [ -73.5720879, 45.4546955 ], [ -73.5720804, 45.4548273 ] ] } },
{ "type": "Feature", "properties": { "u": 1700525594, "v": 1700518193, "key": 0, "highway": "tertiary", "length_km": 0.33857690889622277, "h_neige": 18.98, "is_crit_security_social": true, "is_crit_economique": true, "quartier": "verdun", "scenario_1": true, "scenario_2": true, "scenario_3": true }, "geometry": { "type": "LineString", "coordinates": [ [ -73.5720879, 45.4546955 ], [ -73.5720191, 45.454694 ], [ -73.5719842, 45.4546932 ], [ -73.5715199, 45.454674 ], [ -73.5698051, 45.4546033 ], [ -73.5683066, 45.4545436 ], [ -73.5678869, 45.4545248 ], [ -73.5678461, 45.454523 ], [ -73.5677545, 45.4545195 ] ] } },
{ "type": "Feature", "properties": { "u": 1700525594, "v": 1700525584, "key": 0, "highway": "tertiary", "length_km": 0.095500788516433011, "h_neige": 0.04, "is_crit_security_social": true, "is_crit_economique": true, "quartier": "verdun", "scenario_1": true, "scenario_2": true, "scenario_3": true }, "geometry": { "type": "LineString", "coordinates": [ [ -73.5720879, 45.4546955 ], [ -73.572092, 45.454645 ], [ -73.5720937, 45.4546325 ], [ -73.5720957, 45.4546178 ], [ -73.5721566, 45.4539139 ], [ -73.5721592, 45.4538834 ], [ -73.5721653, 45.4538384 ] ] } },
{ "type": "Feature", "properties": { "u": 1700525610, "v": 1700525594, "key": 0, "highway": "tertiary", "length_km": 0.014667183106561859, "h_neige": 11.17, "is_crit_security_social": true, "is_crit_economique": true, "quartier": "verdun", "scenario_1": true, "scenario_2": true, "scenario_3": true }, "geometry": { "type": "LineString", "coordinates": [ [ -73.5720804, 45.4548273 ], [ -73.5720879, 45.4546955 ] ] } },
{ "type": "Feature", "properties": { "u": 1700525610, "v": 32661481, "key": 0, "highway": "tertiary", "length_km": 0.33852428334409673, "h_neige": 10.07, "is_crit_security_social": true, "is_crit_economique": true, "quartier": "verdun", "scenario_1": true, "scenario_2": true, "scenario_3": true }, "geometry": { "type": "LineString", "coordinates": [ [ -73.5720804, 45.4548273 ], [ -73.5721316, 45.4548287 ], [ -73.572181, 45.4548301 ], [ -73.5726477, 45.4548496 ], [ -73.5730517, 45.4548665 ], [ -73.5742467, 45.4549163 ], [ -73.575863, 45.45498 ], [ -73.5762784, 45.454998 ], [ -73.5763254, 45.4550001 ], [ -73.5764131, 45.4550041 ] ] } },
{ "type": "Feature", "properties": { "u": 1700525610, "v": 1700525613, "key": 0, "highway": "tertiary", "length_km": 0.083383001353886627, "h_neige": 15.29, "is_crit_security_social": true, "is_crit_economique": true, "quartier": "verdun", "scenario_1": true, "scenario_2": true, "scenario_3": true }, "geometry": { "type": "LineString", "coordinates": [ [ -73.5720804, 45.4548273 ], [ -73.5720756, 45.4548801 ], [ -73.5720705, 45.4549245 ], [ -73.5720687, 45.4549452 ], [ -73.5720195, 45.4554963 ], [ -73.5720166, 45.4555285 ], [ -73.5720136, 45.4555757 ] ] } },
{ "type": "Feature", "properties": { "u": 1700525613, "v": 1700525610, "key": 0, "highway": "tertiary", "length_km": 0.08338300135388664, "h_neige": 8.87, "is_crit_security_social": true, "is_crit_economique": true, "quartier": "verdun", "scenario_1": true, "scenario_2": true, "scenario_3": true }, "geometry": { "type": "LineString", "coordinates": [ [ -73.5720136, 45.4555757 ], [ -73.5720166, 45.4555285 ], [ -73.5720195, 45.4554963 ], [ -73.5720687, 45.4549452 ], [ -73.5720705, 45.4549245 ], [ -73.5720756, 45.4548801 ], [ -73.5720804, 45.4548273 ] ] } },
{ "type": "Feature", "properties": { "u": 1700525613, "v": 32661169, "key": 0, "highway": "tertiary", "length_km": 0.076668505847874949, "h_neige": 7.37, "is_crit_security_social": true, "is_crit_economique": true, "quartier": "verdun", "scenario_1": true, "scenario_2": true, "scenario_3": true }, "geometry": { "type": "LineString", "coordinates": [ [ -73.5720136, 45.4555757 ], [ -73.5720075, 45.4556302 ], [ -73.5720039, 45.4556612 ], [ -73.5720004, 45.4556915 ], [ -73.5719536, 45.4561749 ], [ -73.5719525, 45.4561867 ], [ -73.571949, 45.4562264 ], [ -73.5719449, 45.4562635 ] ] } },
{ "type": "Feature", "properties": { "u": 1700525613, "v": 32661475, "key": 0, "highway": "residential", "length_km": 0.33831681453302864, "h_neige": 2.65, "is_crit_security_social": true, "is_crit_economique": false, "quartier": "verdun", "scenario_1": true, "scenario_2": false, "scenario_3": true }, "geometry": { "type": "LineString", "coordinates": [ [ -73.5720136, 45.4555757 ], [ -73.5720588, 45.4555774 ], [ -73.5721008, 45.4555789 ], [ -73.5724947, 45.4555957 ], [ -73.5758445, 45.4557421 ], [ -73.5762137, 45.4557589 ], [ -73.576249, 45.45576 ], [ -73.5763428, 45.455763 ] ] } },
{ "type": "Feature", "properties": { "u": 1700525615, "v": 32661167, "key": 0, "highway": "residential", "length_km": 0.33864954591510738, "h_neige": 13.61, "is_crit_security_social": true, "is_crit_economique": false, "quartier": "verdun", "scenario_1": true, "scenario_2": false, "scenario_3": true }, "geometry": { "type": "LineString", "coordinates": [ [ -73.5761691, 45.4576492 ], [ -73.5760778, 45.4576453 ], [ -73.5759768, 45.4576412 ], [ -73.5756696, 45.4576275 ], [ -73.574228, 45.4575641 ], [ -73.57264, 45.4574929 ], [ -73.5723305, 45.457479 ], [ -73.5720308, 45.4574656 ], [ -73.571981, 45.4574634 ], [ -73.5719287, 45.4574613 ], [ -73.5718815, 45.4574597 ], [ -73.5718358, 45.4574582 ] ] } },
{ "type": "Feature", "properties": { "u": 1700525617, "v": 32661167, "key": 0, "highway": "tertiary", "length_km": 0.064803345918687028, "h_neige": 16.5, "is_crit_security_social": true, "is_crit_economique": true, "quartier": "verdun", "scenario_1": true, "scenario_2": true, "scenario_3": true }, "geometry": { "type": "LineString", "coordinates": [ [ -73.5717741, 45.4580393 ], [ -73.5717797, 45.4579897 ], [ -73.571783, 45.4579599 ], [ -73.5718281, 45.4575728 ], [ -73.5718303, 45.4575494 ], [ -73.5718343, 45.4575066 ], [ -73.5718358, 45.4574582 ] ] } },
{ "type": "Feature", "properties": { "u": 1700525617, "v": 1700525620, "key": 0, "highway": "residential", "length_km": 0.33928938252802388, "h_neige": 3.89, "is_crit_security_social": true, "is_crit_economique": false, "quartier": "verdun", "scenario_1": true, "scenario_2": false, "scenario_3": true }, "geometry": { "type": "LineString", "coordinates": [ [ -73.5717741, 45.4580393 ], [ -73.5718339, 45.4580426 ], [ -73.5718803, 45.4580451 ], [ -73.5722768, 45.4580633 ], [ -73.5756179, 45.458212 ], [ -73.5759935, 45.4582274 ], [ -73.5760219, 45.4582288 ], [ -73.5761154, 45.4582332 ] ] } },
{ "type": "Feature", "properties": { "u": 1700525620, "v": 267966844, "key": 0, "highway": "tertiary", "length_km": 0.064933298572461717, "h_neige": 7.12, "is_crit_security_social": true, "is_crit_economique": true, "quartier": "verdun", "scenario_1": true, "scenario_2": true, "scenario_3": true }, "geometry": { "type": "LineString", "coordinates": [ [ -73.5761154, 45.4582332 ], [ -73.5761112, 45.4582818 ], [ -73.5760719, 45.45874 ], [ -73.5760699, 45.4587634 ], [ -73.5760653, 45.4588161 ] ] } },
{ "type": "Feature", "properties": { "u": 1700525640, "v": 1700525647, "key": 0, "highway": "secondary", "length_km": 0.098961111592123785, "h_neige": 16.01, "is_crit_security_social": true, "is_crit_economique": true, "quartier": "verdun", "scenario_1": true, "scenario_2": true, "scenario_3": true }, "geometry": { "type": "LineString", "coordinates": [ [ -73.5672467, 45.4601195 ], [ -73.5672416, 45.4601719 ], [ -73.567237, 45.4602255 ], [ -73.5671794, 45.4609006 ], [ -73.567175, 45.4609516 ], [ -73.567169, 45.4610078 ] ] } },
{ "type": "Feature", "properties": { "u": 1700525640, "v": 1700518205, "key": 0, "highway": "residential", "length_km": 0.31953225104887223, "h_neige": 13.21, "is_crit_security_social": true, "is_crit_economique": false, "quartier": "verdun", "scenario_1": true, "scenario_2": false, "scenario_3": true }, "geometry": { "type": "LineString", "coordinates": [ [ -73.5672467, 45.4601195 ], [ -73.5671894, 45.4601169 ], [ -73.5666106, 45.4600898 ], [ -73.5638179, 45.4599683 ], [ -73.5633099, 45.4599432 ], [ -73.5632664, 45.4599417 ], [ -73.563158, 45.4599377 ] ] } },
{ "type": "Feature", "properties": { "u": 1700525640, "v": 32661253, "key": 0, "highway": "secondary", "length_km": 0.098433210224896983, "h_neige": 12.53, "is_crit_security_social": true, "is_crit_economique": true, "quartier": "verdun", "scenario_1": true, "scenario_2": true, "scenario_3": true }, "geometry": { "type": "LineString", "coordinates": [ [ -73.5672467, 45.4601195 ], [ -73.5672515, 45.4600676 ], [ -73.5672562, 45.4600156 ], [ -73.5673195, 45.4593235 ], [ -73.5673229, 45.4592871 ], [ -73.5673278, 45.4592361 ] ] } },
{ "type": "Feature", "properties": { "u": 1700525645, "v": 32661163, "key": 0, "highway": "residential", "length_km": 0.33845581115038653, "h_neige": 8.85, "is_crit_security_social": true, "is_crit_economique": false, "quartier": "verdun", "scenario_1": true, "scenario_2": false, "scenario_3": true }, "geometry": { "type": "LineString", "coordinates": [ [ -73.5759055, 45.4605081 ], [ -73.5758251, 45.4605053 ], [ -73.5754841, 45.4604911 ], [ -73.5753953, 45.4604876 ], [ -73.5746458, 45.460454 ], [ -73.573718, 45.4604096 ], [ -73.5733028, 45.4603906 ], [ -73.5723924, 45.4603494 ], [ -73.5721312, 45.460337 ], [ -73.5717195, 45.4603185 ], [ -73.5717037, 45.4603177 ], [ -73.5716669, 45.4603159 ], [ -73.5716401, 45.4603146 ], [ -73.571575, 45.4603114 ] ] } },
{ "type": "Feature", "properties": { "u": 1700525645, "v": 1700525649, "key": 0, "highway": "tertiary", "length_km": 0.098184638789953815, "h_neige": 19.43, "is_crit_security_social": true, "is_crit_economique": true, "quartier": "verdun", "scenario_1": true, "scenario_2": true, "scenario_3": true }, "geometry": { "type": "LineString", "coordinates": [ [ -73.5759055, 45.4605081 ], [ -73.5759001, 45.460563 ], [ -73.5758365, 45.4612657 ], [ -73.5758298, 45.4613404 ], [ -73.5758253, 45.4613893 ] ] } },
{ "type": "Feature", "properties": { "u": 1700525645, "v": 267966817, "key": 0, "highway": "tertiary", "length_km": 0.098959773832612535, "h_neige": 12.88, "is_crit_security_social": true, "is_crit_economique": true, "quartier": "verdun", "scenario_1": true, "scenario_2": true, "scenario_3": true }, "geometry": { "type": "LineString", "coordinates": [ [ -73.5759055, 45.4605081 ], [ -73.5759107, 45.4604546 ], [ -73.5759189, 45.4603687 ], [ -73.5759819, 45.459707 ], [ -73.5759852, 45.4596731 ], [ -73.5759917, 45.4596202 ] ] } },
{ "type": "Feature", "properties": { "u": 1700525647, "v": 32661162, "key": 0, "highway": "residential", "length_km": 0.33830548175300762, "h_neige": 8.82, "is_crit_security_social": true, "is_crit_economique": false, "quartier": "verdun", "scenario_1": true, "scenario_2": false, "scenario_3": true }, "geometry": { "type": "LineString", "coordinates": [ [ -73.567169, 45.4610078 ], [ -73.5672341, 45.461011 ], [ -73.567739, 45.4610308 ], [ -73.5680873, 45.4610472 ], [ -73.5682341, 45.4610542 ], [ -73.5713504, 45.4611951 ], [ -73.5714045, 45.4611977 ], [ -73.5714329, 45.4611988 ], [ -73.5714979, 45.4612015 ] ] } },
{ "type": "Feature", "properties": { "u": 1700525647, "v": 1700525650, "key": 0, "highway": "secondary", "length_km": 0.09982542221884208, "h_neige": 7.84, "is_crit_security_social": true, "is_crit_economique": true, "quartier": "verdun", "scenario_1": true, "scenario_2": true, "scenario_3": true }, "geometry": { "type": "LineString", "coordinates": [ [ -73.567169, 45.4610078 ], [ -73.5671632, 45.4610592 ], [ -73.5671576, 45.4611228 ], [ -73.5670984, 45.461805 ], [ -73.5670955, 45.4618368 ], [ -73.5670893, 45.4619038 ] ] } },
{ "type": "Feature", "properties": { "u": 1700525647, "v": 1700525640, "key": 0, "highway": "secondary", "length_km": 0.098961111592123785, "h_neige": 17.58, "is_crit_security_social": true, "is_crit_economique": true, "quartier": "verdun", "scenario_1": true, "scenario_2": true, "scenario_3": true }, "geometry": { "type": "LineString", "coordinates": [ [ -73.567169, 45.4610078 ], [ -73.567175, 45.4609516 ], [ -73.5671794, 45.4609006 ], [ -73.567237, 45.4602255 ], [ -73.5672416, 45.4601719 ], [ -73.5672467, 45.4601195 ] ] } },
{ "type": "Feature", "properties": { "u": 1700525649, "v": 1700525656, "key": 0, "highway": "tertiary", "length_km": 0.098836180296496351, "h_neige": 14.46, "is_crit_security_social": true, "is_crit_economique": true, "quartier": "verdun", "scenario_1": true, "scenario_2": true, "scenario_3": true }, "geometry": { "type": "LineString", "coordinates": [ [ -73.5758253, 45.4613893 ], [ -73.5758201, 45.461445 ], [ -73.5757603, 45.4621839 ], [ -73.5757576, 45.4622166 ], [ -73.5757529, 45.4622767 ] ] } },
{ "type": "Feature", "properties": { "u": 1700525649, "v": 1700525645, "key": 0, "highway": "tertiary", "length_km": 0.098184638789953815, "h_neige": 17.61, "is_crit_security_social": true, "is_crit_economique": true, "quartier": "verdun", "scenario_1": true, "scenario_2": true, "scenario_3": true }, "geometry": { "type": "LineString", "coordinates": [ [ -73.5758253, 45.4613893 ], [ -73.5758298, 45.4613404 ], [ -73.5758365, 45.4612657 ], [ -73.5759001, 45.460563 ], [ -73.5759055, 45.4605081 ] ] } },
{ "type": "Feature", "properties": { "u": 1700525649, "v": 32661355, "key": 0, "highway": "residential", "length_km": 0.27691832648293907, "h_neige": 2.55, "is_crit_security_social": true, "is_crit_economique": false, "quartier": "verdun", "scenario_1": true, "scenario_2": false, "scenario_3": true }, "geometry": { "type": "LineString", "coordinates": [ [ -73.5758253, 45.4613893 ], [ -73.5759101, 45.4613927 ], [ -73.576322, 45.4614105 ], [ -73.5765419, 45.4614203 ], [ -73.5783286, 45.4615032 ], [ -73.5786604, 45.4615167 ], [ -73.578766, 45.4615207 ], [ -73.5792375, 45.4615435 ], [ -73.579278, 45.4615454 ], [ -73.5793235, 45.4615467 ], [ -73.5793687, 45.4615458 ] ] } },
{ "type": "Feature", "properties": { "u": 1700525650, "v": 1764284111, "key": 0, "highway": "secondary", "length_km": 0.097950069451062535, "h_neige": 11.25, "is_crit_security_social": true, "is_crit_economique": true, "quartier": "verdun", "scenario_1": true, "scenario_2": true, "scenario_3": true }, "geometry": { "type": "LineString", "coordinates": [ [ -73.5670893, 45.4619038 ], [ -73.5670849, 45.461959 ], [ -73.5670797, 45.4620108 ], [ -73.5670569, 45.4622438 ], [ -73.5670174, 45.4626776 ], [ -73.5670164, 45.4626886 ], [ -73.567014, 45.4627149 ], [ -73.5670073, 45.4627828 ] ] } },
{ "type": "Feature", "properties": { "u": 1700525650, "v": 1700525647, "key": 0, "highway": "secondary", "length_km": 0.09982542221884208, "h_neige": 14.03, "is_crit_security_social": true, "is_crit_economique": true, "quartier": "verdun", "scenario_1": true, "scenario_2": true, "scenario_3": true }, "geometry": { "type": "LineString", "coordinates": [ [ -73.5670893, 45.4619038 ], [ -73.5670955, 45.4618368 ], [ -73.5670984, 45.461805 ], [ -73.5671576, 45.4611228 ], [ -73.5671632, 45.4610592 ], [ -73.567169, 45.4610078 ] ] } },
{ "type": "Feature", "properties": { "u": 1700525650, "v": 32661193, "key": 0, "highway": "secondary", "length_km": 0.32172717962764602, "h_neige": 11.7, "is_crit_security_social": true, "is_crit_economique": true, "quartier": "verdun", "scenario_1": true, "scenario_2": true, "scenario_3": true }, "geometry": { "type": "LineString", "coordinates": [ [ -73.5670893, 45.4619038 ], [ -73.5670007, 45.4619 ], [ -73.5666813, 45.4618811 ], [ -73.5665558, 45.4618753 ], [ -73.5663015, 45.4618636 ], [ -73.566164, 45.4618572 ], [ -73.5658926, 45.4618453 ], [ -73.5657227, 45.4618379 ], [ -73.565605, 45.4618326 ], [ -73.5653436, 45.4618208 ], [ -73.5653116, 45.4618195 ], [ -73.5650711, 45.4618086 ], [ -73.5647971, 45.4617963 ], [ -73.5646636, 45.4617902 ], [ -73.5645074, 45.4617828 ], [ -73.5642589, 45.4617716 ], [ -73.5641149, 45.461765 ], [ -73.5639704, 45.4617585 ], [ -73.563779, 45.4617498 ], [ -73.563631, 45.4617431 ], [ -73.5635736, 45.4617404 ], [ -73.5631422, 45.46172 ], [ -73.5630811, 45.4617232 ], [ -73.5629739, 45.4617329 ] ] } },
{ "type": "Feature", "properties": { "u": 1700525656, "v": 1700525649, "key": 0, "highway": "tertiary", "length_km": 0.098836180296496351, "h_neige": 14.19, "is_crit_security_social": true, "is_crit_economique": true, "quartier": "verdun", "scenario_1": true, "scenario_2": true, "scenario_3": true }, "geometry": { "type": "LineString", "coordinates": [ [ -73.5757529, 45.4622767 ], [ -73.5757576, 45.4622166 ], [ -73.5757603, 45.4621839 ], [ -73.5758201, 45.461445 ], [ -73.5758253, 45.4613893 ] ] } },
{ "type": "Feature", "properties": { "u": 1700525656, "v": 32661041, "key": 0, "highway": "secondary", "length_km": 0.16937475811808972, "h_neige": 15.41, "is_crit_security_social": true, "is_crit_economique": true, "quartier": "verdun", "scenario_1": true, "scenario_2": true, "scenario_3": true }, "geometry": { "type": "LineString", "coordinates": [ [ -73.5757529, 45.4622767 ], [ -73.5756636, 45.4622729 ], [ -73.5748444, 45.4622378 ], [ -73.5747306, 45.4622329 ], [ -73.574655, 45.4622296 ], [ -73.574393, 45.4622184 ], [ -73.574251, 45.4622123 ], [ -73.5740197, 45.4622024 ], [ -73.5738546, 45.4621953 ], [ -73.5736572, 45.4621868 ], [ -73.5735852, 45.4621837 ] ] } },
{ "type": "Feature", "properties": { "u": 1700534183, "v": 32661176, "key": 0, "highway": "tertiary", "length_km": 0.056300792144596941, "h_neige": 6.91, "is_crit_security_social": true, "is_crit_economique": true, "quartier": "verdun", "scenario_1": true, "scenario_2": true, "scenario_3": true }, "geometry": { "type": "LineString", "coordinates": [ [ -73.572274, 45.4525171 ], [ -73.5722791, 45.4524485 ], [ -73.572281, 45.4524193 ], [ -73.5722834, 45.4523952 ], [ -73.5723197, 45.4520663 ], [ -73.5723256, 45.4520121 ] ] } },
{ "type": "Feature", "properties": { "u": 1700534183, "v": 32661174, "key": 0, "highway": "tertiary", "length_km": 0.062549191509297178, "h_neige": 1.56, "is_crit_security_social": true, "is_crit_economique": true, "quartier": "verdun", "scenario_1": true, "scenario_2": true, "scenario_3": true }, "geometry": { "type": "LineString", "coordinates": [ [ -73.572274, 45.4525171 ], [ -73.5722687, 45.4525827 ], [ -73.5722667, 45.4526129 ], [ -73.572265, 45.4526297 ], [ -73.5722326, 45.4530261 ], [ -73.5722283, 45.4530787 ] ] } },
{ "type": "Feature", "properties": { "u": 1700534183, "v": 1700525580, "key": 0, "highway": "tertiary", "length_km": 0.33928372240002813, "h_neige": 0.71, "is_crit_security_social": true, "is_crit_economique": true, "quartier": "verdun", "scenario_1": true, "scenario_2": true, "scenario_3": true }, "geometry": { "type": "LineString", "coordinates": [ [ -73.572274, 45.4525171 ], [ -73.5723263, 45.4525194 ], [ -73.5723808, 45.4525218 ], [ -73.5724372, 45.4525241 ], [ -73.5728651, 45.4525403 ], [ -73.5736521, 45.4525717 ], [ -73.5760827, 45.4526688 ], [ -73.5764882, 45.4526863 ], [ -73.5765203, 45.4526876 ], [ -73.5766165, 45.4526914 ] ] } },
{ "type": "Feature", "properties": { "u": 1700534183, "v": 1700518190, "key": 0, "highway": "tertiary", "length_km": 0.33753565419459647, "h_neige": 12.38, "is_crit_security_social": true, "is_crit_economique": true, "quartier": "verdun", "scenario_1": true, "scenario_2": true, "scenario_3": true }, "geometry": { "type": "LineString", "coordinates": [ [ -73.572274, 45.4525171 ], [ -73.5722132, 45.452515 ], [ -73.5721828, 45.4525139 ], [ -73.5721414, 45.4525123 ], [ -73.5717102, 45.4524951 ], [ -73.5684899, 45.4523662 ], [ -73.5681044, 45.4523507 ], [ -73.5680449, 45.4523484 ], [ -73.5679538, 45.4523447 ] ] } },
{ "type": "Feature", "properties": { "u": 1700534185, "v": 1700534187, "key": 0, "highway": "residential", "length_km": 0.23567131195441982, "h_neige": 9.33, "is_crit_security_social": true, "is_crit_economique": false, "quartier": "verdun", "scenario_1": true, "scenario_2": false, "scenario_3": true }, "geometry": { "type": "LineString", "coordinates": [ [ -73.5659161, 45.4627342 ], [ -73.5659115, 45.4627964 ], [ -73.5659045, 45.4628739 ], [ -73.56589, 45.4630447 ], [ -73.5658324, 45.463707 ], [ -73.5657409, 45.4646817 ], [ -73.5657301, 45.4648013 ], [ -73.5657253, 45.4648494 ] ] } },
{ "type": "Feature", "properties": { "u": 1700534185, "v": 1764284111, "key": 0, "highway": "secondary", "length_km": 0.085273227384961472, "h_neige": 13.61, "is_crit_security_social": true, "is_crit_economique": true, "quartier": "verdun", "scenario_1": true, "scenario_2": true, "scenario_3": true }, "geometry": { "type": "LineString", "coordinates": [ [ -73.5659161, 45.4627342 ], [ -73.5660592, 45.4627406 ], [ -73.5662322, 45.4627483 ], [ -73.5665062, 45.4627605 ], [ -73.5668035, 45.4627737 ], [ -73.5668768, 45.462777 ], [ -73.5669213, 45.462779 ], [ -73.5670073, 45.4627828 ] ] } },
{ "type": "Feature", "properties": { "u": 1700534187, "v": 32661713, "key": 0, "highway": "residential", "length_km": 0.052474567876846095, "h_neige": 11.96, "is_crit_security_social": true, "is_crit_economique": false, "quartier": "verdun", "scenario_1": true, "scenario_2": false, "scenario_3": true }, "geometry": { "type": "LineString", "coordinates": [ [ -73.5657253, 45.4648494 ], [ -73.5657074, 45.4648485 ], [ -73.5651953, 45.4648273 ], [ -73.5651555, 45.4648254 ], [ -73.5650537, 45.4648205 ] ] } },
{ "type": "Feature", "properties": { "u": 1734380596, "v": 1700525656, "key": 0, "highway": "secondary", "length_km": 0.28155117274896424, "h_neige": 7.88, "is_crit_security_social": true, "is_crit_economique": true, "quartier": "verdun", "scenario_1": true, "scenario_2": true, "scenario_3": true }, "geometry": { "type": "LineString", "coordinates": [ [ -73.579354, 45.4624516 ], [ -73.5792576, 45.4624419 ], [ -73.5790994, 45.4624336 ], [ -73.57878, 45.4624176 ], [ -73.5786226, 45.4624107 ], [ -73.5785033, 45.4624056 ], [ -73.5771122, 45.4623426 ], [ -73.576242, 45.4623025 ], [ -73.5759494, 45.4622888 ], [ -73.5758795, 45.4622856 ], [ -73.5758436, 45.4622839 ], [ -73.5757529, 45.4622767 ] ] } },
{ "type": "Feature", "properties": { "u": 1734380596, "v": 615035107, "key": 0, "highway": "secondary", "length_km": 0.028465053346880563, "h_neige": 13.1, "is_crit_security_social": true, "is_crit_economique": true, "quartier": "verdun", "scenario_1": true, "scenario_2": true, "scenario_3": true }, "geometry": { "type": "LineString", "coordinates": [ [ -73.579354, 45.4624516 ], [ -73.5793481, 45.4625118 ], [ -73.5793458, 45.4625434 ], [ -73.5793373, 45.4626274 ], [ -73.5793293, 45.462707 ] ] } },
{ "type": "Feature", "properties": { "u": 1734380596, "v": 8640521372, "key": 0, "highway": "secondary", "length_km": 0.065355444738594434, "h_neige": 15.31, "is_crit_security_social": true, "is_crit_economique": true, "quartier": "verdun", "scenario_1": true, "scenario_2": true, "scenario_3": true }, "geometry": { "type": "LineString", "coordinates": [ [ -73.579354, 45.4624516 ], [ -73.5793627, 45.462375 ], [ -73.5793661, 45.4623459 ], [ -73.5793977, 45.4621367 ], [ -73.5794042, 45.4620545 ], [ -73.5794061, 45.4620064 ], [ -73.5794061, 45.461957 ], [ -73.5793975, 45.4618657 ] ] } },
{ "type": "Feature", "properties": { "u": 1764284111, "v": 32661256, "key": 0, "highway": "secondary", "length_km": 0.23559091953352856, "h_neige": 4.94, "is_crit_security_social": true, "is_crit_economique": true, "quartier": "verdun", "scenario_1": true, "scenario_2": true, "scenario_3": true }, "geometry": { "type": "LineString", "coordinates": [ [ -73.5670073, 45.4627828 ], [ -73.5670021, 45.4628411 ], [ -73.5669982, 45.4628842 ], [ -73.566996, 45.4629092 ], [ -73.5669399, 45.4635316 ], [ -73.5669347, 45.4635888 ], [ -73.5669316, 45.4636234 ], [ -73.5669285, 45.4636574 ], [ -73.566824, 45.4648177 ], [ -73.566821, 45.4648505 ], [ -73.5668168, 45.4648973 ] ] } },
{ "type": "Feature", "properties": { "u": 1764284111, "v": 1700525650, "key": 0, "highway": "secondary", "length_km": 0.097950069451062521, "h_neige": 0.31, "is_crit_security_social": true, "is_crit_economique": true, "quartier": "verdun", "scenario_1": true, "scenario_2": true, "scenario_3": true }, "geometry": { "type": "LineString", "coordinates": [ [ -73.5670073, 45.4627828 ], [ -73.567014, 45.4627149 ], [ -73.5670164, 45.4626886 ], [ -73.5670174, 45.4626776 ], [ -73.5670569, 45.4622438 ], [ -73.5670797, 45.4620108 ], [ -73.5670849, 45.461959 ], [ -73.5670893, 45.4619038 ] ] } },
{ "type": "Feature", "properties": { "u": 1764284111, "v": 998513328, "key": 0, "highway": "secondary", "length_km": 0.084233754981318229, "h_neige": 13.28, "is_crit_security_social": true, "is_crit_economique": true, "quartier": "verdun", "scenario_1": true, "scenario_2": true, "scenario_3": true }, "geometry": { "type": "LineString", "coordinates": [ [ -73.5670073, 45.4627828 ], [ -73.5671001, 45.4627869 ], [ -73.5680171, 45.4628278 ], [ -73.5680852, 45.4628308 ] ] } },
{ "type": "Feature", "properties": { "u": 3713199524, "v": 32662156, "key": 0, "highway": "secondary", "length_km": 0.23991645454042276, "h_neige": 3.43, "is_crit_security_social": true, "is_crit_economique": true, "quartier": "verdun", "scenario_1": true, "scenario_2": true, "scenario_3": true }, "geometry": { "type": "LineString", "coordinates": [ [ -73.5969055, 45.4383498 ], [ -73.5960953, 45.4393259 ], [ -73.5954279, 45.4401146 ], [ -73.5954037, 45.4401433 ], [ -73.5953469, 45.4402097 ] ] } },
{ "type": "Feature", "properties": { "u": 3713199524, "v": 11642448017, "key": 0, "highway": "secondary", "length_km": 0.076540800062477002, "h_neige": 14.19, "is_crit_security_social": true, "is_crit_economique": true, "quartier": "verdun", "scenario_1": true, "scenario_2": true, "scenario_3": true }, "geometry": { "type": "LineString", "coordinates": [ [ -73.5969055, 45.4383498 ], [ -73.5973612, 45.4378191 ], [ -73.5973731, 45.4378054 ], [ -73.5974127, 45.4377606 ] ] } },
{ "type": "Feature", "properties": { "u": 4333592488, "v": 5230243173, "key": 0, "highway": "secondary", "length_km": 0.034532884605699851, "h_neige": 5.86, "is_crit_security_social": true, "is_crit_economique": true, "quartier": "verdun", "scenario_1": true, "scenario_2": true, "scenario_3": true }, "geometry": { "type": "LineString", "coordinates": [ [ -73.5627166, 45.4634056 ], [ -73.5626435, 45.4630993 ] ] } },
{ "type": "Feature", "properties": { "u": 4333593189, "v": 248413588, "key": 0, "highway": "secondary", "length_km": 0.11825659841668829, "h_neige": 8.87, "is_crit_security_social": true, "is_crit_economique": true, "quartier": "verdun", "scenario_1": true, "scenario_2": true, "scenario_3": true }, "geometry": { "type": "LineString", "coordinates": [ [ -73.5625975, 45.4634191 ], [ -73.5626123, 45.4634796 ], [ -73.5626731, 45.4637781 ], [ -73.5627417, 45.4640336 ], [ -73.5627737, 45.4641575 ], [ -73.5628178, 45.4643277 ], [ -73.5628347, 45.4644689 ] ] } },
{ "type": "Feature", "properties": { "u": 4503982628, "v": 615035051, "key": 0, "highway": "secondary", "length_km": 0.099357896406646148, "h_neige": 14.03, "is_crit_security_social": true, "is_crit_economique": true, "quartier": "verdun", "scenario_1": true, "scenario_2": true, "scenario_3": true }, "geometry": { "type": "LineString", "coordinates": [ [ -73.5920657, 45.4457608 ], [ -73.5920286, 45.4457991 ], [ -73.5913487, 45.4464993 ] ] } },
{ "type": "Feature", "properties": { "u": 4513612526, "v": 1241292882, "key": 0, "highway": "secondary", "length_km": 0.085564205017398698, "h_neige": 3.27, "is_crit_security_social": true, "is_crit_economique": true, "quartier": "verdun", "scenario_1": true, "scenario_2": true, "scenario_3": true }, "geometry": { "type": "LineString", "coordinates": [ [ -73.571573, 45.4723615 ], [ -73.571524, 45.4723431 ], [ -73.5714718, 45.4723245 ], [ -73.5714342, 45.4723131 ], [ -73.5713846, 45.4723019 ], [ -73.5713391, 45.4722949 ], [ -73.5712809, 45.4722883 ], [ -73.5712079, 45.4722804 ], [ -73.5710577, 45.4722732 ], [ -73.5709646, 45.472269 ], [ -73.5706717, 45.4722557 ], [ -73.5706035, 45.4722526 ], [ -73.5705721, 45.4722513 ], [ -73.5704987, 45.472248 ] ] } },
{ "type": "Feature", "properties": { "u": 4518898500, "v": 1411570408, "key": 0, "highway": "secondary", "length_km": 0.0074793271396379479, "h_neige": 19.76, "is_crit_security_social": true, "is_crit_economique": true, "quartier": "verdun", "scenario_1": true, "scenario_2": true, "scenario_3": true }, "geometry": { "type": "LineString", "coordinates": [ [ -73.5694866, 45.4722843 ], [ -73.5695291, 45.4723446 ] ] } },
{ "type": "Feature", "properties": { "u": 4518898500, "v": 32671594, "key": 0, "highway": "secondary", "length_km": 0.057908314950327708, "h_neige": 17.71, "is_crit_security_social": true, "is_crit_economique": true, "quartier": "verdun", "scenario_1": true, "scenario_2": true, "scenario_3": true }, "geometry": { "type": "LineString", "coordinates": [ [ -73.5694866, 45.4722843 ], [ -73.5694502, 45.4722329 ], [ -73.5693705, 45.47212 ], [ -73.5693226, 45.4720454 ], [ -73.5691718, 45.4718127 ] ] } },
{ "type": "Feature", "properties": { "u": 4520455491, "v": 10863375784, "key": 0, "highway": "secondary", "length_km": 0.012781589152062347, "h_neige": 10.49, "is_crit_security_social": true, "is_crit_economique": true, "quartier": "verdun", "scenario_1": true, "scenario_2": true, "scenario_3": true }, "geometry": { "type": "LineString", "coordinates": [ [ -73.5716158, 45.447514 ], [ -73.5715023, 45.4475969 ] ] } },
{ "type": "Feature", "properties": { "u": 4520455491, "v": 10992440203, "key": 0, "highway": "secondary", "length_km": 0.089040652333787176, "h_neige": 6.84, "is_crit_security_social": true, "is_crit_economique": true, "quartier": "verdun", "scenario_1": true, "scenario_2": true, "scenario_3": true }, "geometry": { "type": "LineString", "coordinates": [ [ -73.5716158, 45.447514 ], [ -73.5717164, 45.4474998 ], [ -73.5719114, 45.4473729 ], [ -73.5721954, 45.4471358 ], [ -73.5723029, 45.4470179 ], [ -73.572329, 45.4469903 ], [ -73.5723762, 45.446941 ] ] } },
{ "type": "Feature", "properties": { "u": 4854018638, "v": 4333593189, "key": 0, "highway": "secondary", "length_km": 0.033485848185798257, "h_neige": 9.91, "is_crit_security_social": true, "is_crit_economique": true, "quartier": "verdun", "scenario_1": true, "scenario_2": true, "scenario_3": true }, "geometry": { "type": "LineString", "coordinates": [ [ -73.562524, 45.4631224 ], [ -73.5625975, 45.4634191 ] ] } },
{ "type": "Feature", "properties": { "u": 5230243171, "v": 615030570, "key": 0, "highway": "secondary", "length_km": 0.022997154786037245, "h_neige": 8.49, "is_crit_security_social": true, "is_crit_economique": true, "quartier": "verdun", "scenario_1": true, "scenario_2": true, "scenario_3": true }, "geometry": { "type": "LineString", "coordinates": [ [ -73.5625334, 45.4628036 ], [ -73.5625373, 45.4625968 ] ] } },
{ "type": "Feature", "properties": { "u": 5230243171, "v": 4854018638, "key": 0, "highway": "secondary", "length_km": 0.037249989869704098, "h_neige": 5.25, "is_crit_security_social": true, "is_crit_economique": true, "quartier": "verdun", "scenario_1": true, "scenario_2": true, "scenario_3": true }, "geometry": { "type": "LineString", "coordinates": [ [ -73.5625334, 45.4628036 ], [ -73.5624743, 45.4628591 ], [ -73.5624872, 45.4629579 ], [ -73.562524, 45.4631224 ] ] } },
{ "type": "Feature", "properties": { "u": 5230243171, "v": 32661140, "key": 0, "highway": "secondary", "length_km": 0.076653129510519252, "h_neige": 16.64, "is_crit_security_social": true, "is_crit_economique": true, "quartier": "verdun", "scenario_1": true, "scenario_2": true, "scenario_3": true }, "geometry": { "type": "LineString", "coordinates": [ [ -73.5625334, 45.4628036 ], [ -73.5626441, 45.4627851 ], [ -73.5633769, 45.46266 ], [ -73.5634005, 45.4626503 ], [ -73.5634751, 45.4626182 ] ] } },
{ "type": "Feature", "properties": { "u": 5230243173, "v": 5230243171, "key": 0, "highway": "secondary", "length_km": 0.034444542293345926, "h_neige": 16.81, "is_crit_security_social": true, "is_crit_economique": true, "quartier": "verdun", "scenario_1": true, "scenario_2": true, "scenario_3": true }, "geometry": { "type": "LineString", "coordinates": [ [ -73.5626435, 45.4630993 ], [ -73.5626112, 45.4629155 ], [ -73.5625819, 45.4628782 ], [ -73.5625334, 45.4628036 ] ] } },
{ "type": "Feature", "properties": { "u": 5342975583, "v": 1700525582, "key": 0, "highway": "residential", "length_km": 0.40982082629493982, "h_neige": 19.43, "is_crit_security_social": true, "is_crit_economique": false, "quartier": "verdun", "scenario_1": true, "scenario_2": false, "scenario_3": true }, "geometry": { "type": "LineString", "coordinates": [ [ -73.5818153, 45.4534588 ], [ -73.5817198, 45.4534552 ], [ -73.5802287, 45.4533973 ], [ -73.5797024, 45.4533773 ], [ -73.5792214, 45.4533581 ], [ -73.5778693, 45.4533041 ], [ -73.5771048, 45.4532736 ], [ -73.5767039, 45.4532569 ], [ -73.5766646, 45.4532552 ], [ -73.5765697, 45.453251 ] ] } },
{ "type": "Feature", "properties": { "u": 5342975583, "v": 10979811030, "key": 0, "highway": "secondary", "length_km": 0.095745434276000713, "h_neige": 19.62, "is_crit_security_social": true, "is_crit_economique": true, "quartier": "verdun", "scenario_1": true, "scenario_2": true, "scenario_3": true }, "geometry": { "type": "LineString", "coordinates": [ [ -73.5818153, 45.4534588 ], [ -73.5816686, 45.4537833 ], [ -73.581626, 45.4538562 ], [ -73.5815965, 45.4539068 ], [ -73.5814828, 45.4540559 ], [ -73.5813113, 45.4542378 ] ] } },
{ "type": "Feature", "properties": { "u": 5342975583, "v": 32766750, "key": 0, "highway": "secondary", "length_km": 0.064253601942430266, "h_neige": 16.23, "is_crit_security_social": true, "is_crit_economique": true, "quartier": "verdun", "scenario_1": true, "scenario_2": true, "scenario_3": true }, "geometry": { "type": "LineString", "coordinates": [ [ -73.5818153, 45.4534588 ], [ -73.5818661, 45.4533387 ], [ -73.5820093, 45.453 ], [ -73.5820206, 45.4529743 ], [ -73.5820544, 45.4529059 ] ] } },
{ "type": "Feature", "properties": { "u": 5342978418, "v": 615028328, "key": 0, "highway": "secondary", "length_km": 0.079717558096980681, "h_neige": 1.19, "is_crit_security_social": true, "is_crit_economique": true, "quartier": "verdun", "scenario_1": true, "scenario_2": true, "scenario_3": true }, "geometry": { "type": "LineString", "coordinates": [ [ -73.5799796, 45.4633485 ], [ -73.5801291, 45.4633588 ], [ -73.5801585, 45.4633612 ], [ -73.5808294, 45.4633893 ], [ -73.5808413, 45.4633902 ], [ -73.5808715, 45.4633916 ], [ -73.5809053, 45.463394 ], [ -73.580999, 45.4633997 ] ] } },
{ "type": "Feature", "properties": { "u": 5422994804, "v": 32661031, "key": 0, "highway": "secondary", "length_km": 0.083835817976783633, "h_neige": 11.35, "is_crit_security_social": true, "is_crit_economique": true, "quartier": "verdun", "scenario_1": true, "scenario_2": true, "scenario_3": true }, "geometry": { "type": "LineString", "coordinates": [ [ -73.5767646, 45.4632057 ], [ -73.5771378, 45.4632214 ], [ -73.5774229, 45.4632332 ], [ -73.5778374, 45.4632535 ] ] } },
{ "type": "Feature", "properties": { "u": 6732332589, "v": 1700525593, "key": 0, "highway": "tertiary", "length_km": 0.334986388202625, "h_neige": 13.44, "is_crit_security_social": true, "is_crit_economique": true, "quartier": "verdun", "scenario_1": true, "scenario_2": true, "scenario_3": true }, "geometry": { "type": "LineString", "coordinates": [ [ -73.5807256, 45.4548453 ], [ -73.5806384, 45.4548378 ], [ -73.5805973, 45.4548356 ], [ -73.5799333, 45.4548089 ], [ -73.5796608, 45.4547995 ], [ -73.5795064, 45.4547936 ], [ -73.5780904, 45.4547364 ], [ -73.5776911, 45.4547203 ], [ -73.5769918, 45.4546923 ], [ -73.5765886, 45.4546758 ], [ -73.5765326, 45.4546732 ], [ -73.5764384, 45.45467 ] ] } },
{ "type": "Feature", "properties": { "u": 6732332589, "v": 10979811069, "key": 0, "highway": "secondary", "length_km": 0.09865385748065407, "h_neige": 18.74, "is_crit_security_social": true, "is_crit_economique": true, "quartier": "verdun", "scenario_1": true, "scenario_2": true, "scenario_3": true }, "geometry": { "type": "LineString", "coordinates": [ [ -73.5807256, 45.4548453 ], [ -73.5804875, 45.4552314 ], [ -73.5802215, 45.455659 ] ] } },
{ "type": "Feature", "properties": { "u": 6732332589, "v": 10979811030, "key": 0, "highway": "secondary", "length_km": 0.081565263596757948, "h_neige": 19.58, "is_crit_security_social": true, "is_crit_economique": true, "quartier": "verdun", "scenario_1": true, "scenario_2": true, "scenario_3": true }, "geometry": { "type": "LineString", "coordinates": [ [ -73.5807256, 45.4548453 ], [ -73.5807856, 45.4547792 ], [ -73.5809043, 45.4546478 ], [ -73.5813113, 45.4542378 ] ] } },
{ "type": "Feature", "properties": { "u": 8640521372, "v": 32661355, "key": 0, "highway": "secondary", "length_km": 0.035652745385659351, "h_neige": 17.18, "is_crit_security_social": true, "is_crit_economique": true, "quartier": "verdun", "scenario_1": true, "scenario_2": true, "scenario_3": true }, "geometry": { "type": "LineString", "coordinates": [ [ -73.5793975, 45.4618657 ], [ -73.5793956, 45.4618017 ], [ -73.5793851, 45.461678 ], [ -73.5793687, 45.4615458 ] ] } },
{ "type": "Feature", "properties": { "u": 8640521372, "v": 1734380596, "key": 0, "highway": "secondary", "length_km": 0.065355444738594434, "h_neige": 11.84, "is_crit_security_social": true, "is_crit_economique": true, "quartier": "verdun", "scenario_1": true, "scenario_2": true, "scenario_3": true }, "geometry": { "type": "LineString", "coordinates": [ [ -73.5793975, 45.4618657 ], [ -73.5794061, 45.461957 ], [ -73.5794061, 45.4620064 ], [ -73.5794042, 45.4620545 ], [ -73.5793977, 45.4621367 ], [ -73.5793661, 45.4623459 ], [ -73.5793627, 45.462375 ], [ -73.579354, 45.4624516 ] ] } },
{ "type": "Feature", "properties": { "u": 8640521401, "v": 1734380596, "key": 0, "highway": "secondary", "length_km": 0.038210690782931225, "h_neige": 11.08, "is_crit_security_social": true, "is_crit_economique": true, "quartier": "verdun", "scenario_1": true, "scenario_2": true, "scenario_3": true }, "geometry": { "type": "LineString", "coordinates": [ [ -73.5798422, 45.462463 ], [ -73.5797108, 45.4624707 ], [ -73.5796367, 45.4624679 ], [ -73.57949, 45.4624625 ], [ -73.5794468, 45.4624607 ], [ -73.579354, 45.4624516 ] ] } },
{ "type": "Feature", "properties": { "u": 10222727838, "v": 615101597, "key": 0, "highway": "secondary", "length_km": 0.0067097055098782757, "h_neige": 18.57, "is_crit_security_social": true, "is_crit_economique": true, "quartier": "verdun", "scenario_1": true, "scenario_2": true, "scenario_3": true }, "geometry": { "type": "LineString", "coordinates": [ [ -73.5660496, 45.4681824 ], [ -73.5660464, 45.4682427 ] ] } },
{ "type": "Feature", "properties": { "u": 10222727838, "v": 207249254, "key": 0, "highway": "residential", "length_km": 0.26179586908617658, "h_neige": 6.41, "is_crit_security_social": true, "is_crit_economique": false, "quartier": "verdun", "scenario_1": true, "scenario_2": false, "scenario_3": true }, "geometry": { "type": "LineString", "coordinates": [ [ -73.5660496, 45.4681824 ], [ -73.5659899, 45.4681622 ], [ -73.5659587, 45.4681526 ], [ -73.565925, 45.4681422 ], [ -73.5655081, 45.4680257 ], [ -73.5644329, 45.4677253 ], [ -73.5643685, 45.4677054 ], [ -73.5642485, 45.467674 ], [ -73.5640139, 45.4676128 ], [ -73.5639504, 45.4676048 ], [ -73.5638783, 45.4675979 ], [ -73.5638141, 45.4675978 ], [ -73.563735, 45.467603 ], [ -73.5636272, 45.4676173 ], [ -73.5635129, 45.4676375 ], [ -73.5634152, 45.4676558 ], [ -73.5633971, 45.4676592 ], [ -73.563019, 45.4677387 ], [ -73.5629438, 45.4677525 ], [ -73.5628817, 45.4677639 ] ] } },
{ "type": "Feature", "properties": { "u": 10222727839, "v": 32661260, "key": 0, "highway": "secondary", "length_km": 0.063850180751144195, "h_neige": 2.97, "is_crit_security_social": true, "is_crit_economique": true, "quartier": "verdun", "scenario_1": true, "scenario_2": true, "scenario_3": true }, "geometry": { "type": "LineString", "coordinates": [ [ -73.5660989, 45.468201 ], [ -73.5661374, 45.4681691 ], [ -73.5662824, 45.4679764 ], [ -73.5664068, 45.4678111 ], [ -73.5664246, 45.4677883 ], [ -73.5664976, 45.4677005 ] ] } },
{ "type": "Feature", "properties": { "u": 10862932274, "v": 32661493, "key": 0, "highway": "secondary", "length_km": 0.08865427747425797, "h_neige": 13.6, "is_crit_security_social": true, "is_crit_economique": true, "quartier": "verdun", "scenario_1": true, "scenario_2": true, "scenario_3": true }, "geometry": { "type": "LineString", "coordinates": [ [ -73.5673508, 45.4528731 ], [ -73.5670639, 45.4533655 ], [ -73.5669872, 45.4534951 ], [ -73.5669163, 45.4536098 ] ] } },
{ "type": "Feature", "properties": { "u": 10862932274, "v": 1700518191, "key": 0, "highway": "secondary", "length_km": 0.062735413269567664, "h_neige": 8.63, "is_crit_security_social": true, "is_crit_economique": true, "quartier": "verdun", "scenario_1": true, "scenario_2": true, "scenario_3": true }, "geometry": { "type": "LineString", "coordinates": [ [ -73.5673508, 45.4528731 ], [ -73.5674036, 45.4527626 ], [ -73.567442, 45.4526721 ], [ -73.5674795, 45.4525688 ], [ -73.5675306, 45.452435 ], [ -73.5675395, 45.4523996 ], [ -73.5675571, 45.4523285 ] ] } },
{ "type": "Feature", "properties": { "u": 10863375769, "v": 10863589837, "key": 0, "highway": "secondary", "length_km": 0.10308613756552079, "h_neige": 10.31, "is_crit_security_social": true, "is_crit_economique": true, "quartier": "verdun", "scenario_1": true, "scenario_2": true, "scenario_3": true }, "geometry": { "type": "LineString", "coordinates": [ [ -73.5686835, 45.4491416 ], [ -73.5687272, 45.4490551 ], [ -73.5687872, 45.4489622 ], [ -73.5688525, 45.4488792 ], [ -73.5689682, 45.4487639 ], [ -73.5691198, 45.448648 ], [ -73.5692688, 45.4485578 ], [ -73.5694905, 45.4484287 ] ] } },
{ "type": "Feature", "properties": { "u": 10863375769, "v": 10992440222, "key": 0, "highway": "secondary", "length_km": 0.093117713986670625, "h_neige": 8.7, "is_crit_security_social": true, "is_crit_economique": true, "quartier": "verdun", "scenario_1": true, "scenario_2": true, "scenario_3": true }, "geometry": { "type": "LineString", "coordinates": [ [ -73.5686835, 45.4491416 ], [ -73.5686401, 45.4492426 ], [ -73.5683395, 45.4499435 ] ] } },
{ "type": "Feature", "properties": { "u": 10863375784, "v": 4520455491, "key": 0, "highway": "secondary", "length_km": 0.012781589152062347, "h_neige": 0.75, "is_crit_security_social": true, "is_crit_economique": true, "quartier": "verdun", "scenario_1": true, "scenario_2": true, "scenario_3": true }, "geometry": { "type": "LineString", "coordinates": [ [ -73.5715023, 45.4475969 ], [ -73.5716158, 45.447514 ] ] } },
{ "type": "Feature", "properties": { "u": 10863375784, "v": 10863589837, "key": 0, "highway": "secondary", "length_km": 0.18265443846210092, "h_neige": 11.53, "is_crit_security_social": true, "is_crit_economique": true, "quartier": "verdun", "scenario_1": true, "scenario_2": true, "scenario_3": true }, "geometry": { "type": "LineString", "coordinates": [ [ -73.5715023, 45.4475969 ], [ -73.5713146, 45.4476984 ], [ -73.5711473, 45.4477784 ], [ -73.5710419, 45.4478279 ], [ -73.5709291, 45.4478731 ], [ -73.5704823, 45.4480314 ], [ -73.5700927, 45.4481752 ], [ -73.5698448, 45.4482634 ], [ -73.569595, 45.4483684 ], [ -73.5694905, 45.4484287 ] ] } },
{ "type": "Feature", "properties": { "u": 10863417707, "v": 10863417721, "key": 0, "highway": "secondary", "length_km": 0.095728543330835067, "h_neige": 9.15, "is_crit_security_social": true, "is_crit_economique": true, "quartier": "verdun", "scenario_1": true, "scenario_2": true, "scenario_3": true }, "geometry": { "type": "LineString", "coordinates": [ [ -73.5734038, 45.4455679 ], [ -73.5732076, 45.4457952 ], [ -73.5729155, 45.4461415 ], [ -73.5727753, 45.4463073 ] ] } },
{ "type": "Feature", "properties": { "u": 10863417721, "v": 10992440202, "key": 0, "highway": "secondary", "length_km": 0.076634733275899383, "h_neige": 15.76, "is_crit_security_social": true, "is_crit_economique": true, "quartier": "verdun", "scenario_1": true, "scenario_2": true, "scenario_3": true }, "geometry": { "type": "LineString", "coordinates": [ [ -73.5727753, 45.4463073 ], [ -73.5726802, 45.4464188 ], [ -73.5726167, 45.4465015 ], [ -73.5723953, 45.44676 ], [ -73.5723483, 45.4468131 ], [ -73.5723292, 45.4468353 ], [ -73.5722704, 45.4468983 ] ] } },
{ "type": "Feature", "properties": { "u": 10863417724, "v": 10863417707, "key": 0, "highway": "secondary", "length_km": 0.12114161987576613, "h_neige": 14.06, "is_crit_security_social": true, "is_crit_economique": true, "quartier": "verdun", "scenario_1": true, "scenario_2": true, "scenario_3": true }, "geometry": { "type": "LineString", "coordinates": [ [ -73.574535, 45.4448337 ], [ -73.5744028, 45.4449007 ], [ -73.5742727, 45.4449763 ], [ -73.5740978, 45.4450678 ], [ -73.573898, 45.4451742 ], [ -73.5738102, 45.4452258 ], [ -73.5736971, 45.4453023 ], [ -73.5734928, 45.4454682 ], [ -73.5734038, 45.4455679 ] ] } },
{ "type": "Feature", "properties": { "u": 10863417733, "v": 10863417724, "key": 0, "highway": "secondary", "length_km": 0.10033092874392235, "h_neige": 17.88, "is_crit_security_social": true, "is_crit_economique": true, "quartier": "verdun", "scenario_1": true, "scenario_2": true, "scenario_3": true }, "geometry": { "type": "LineString", "coordinates": [ [ -73.5755598, 45.4442886 ], [ -73.5752089, 45.4444714 ], [ -73.5746577, 45.4447685 ], [ -73.574535, 45.4448337 ] ] } },
{ "type": "Feature", "properties": { "u": 10863546327, "v": 1700518191, "key": 0, "highway": "secondary", "length_km": 0.046612066035566842, "h_neige": 3.5, "is_crit_security_social": true, "is_crit_economique": true, "quartier": "verdun", "scenario_1": true, "scenario_2": true, "scenario_3": true }, "geometry": { "type": "LineString", "coordinates": [ [ -73.5676786, 45.4519181 ], [ -73.5675816, 45.4522354 ], [ -73.5675746, 45.4522598 ], [ -73.5675571, 45.4523285 ] ] } },
{ "type": "Feature", "properties": { "u": 10863546379, "v": 32672204, "key": 0, "highway": "secondary", "length_km": 0.091760964251797, "h_neige": 18.18, "is_crit_security_social": true, "is_crit_economique": true, "quartier": "verdun", "scenario_1": true, "scenario_2": true, "scenario_3": true }, "geometry": { "type": "LineString", "coordinates": [ [ -73.5680972, 45.4505685 ], [ -73.568021, 45.4506902 ], [ -73.5679674, 45.4508404 ], [ -73.5678677, 45.4512218 ], [ -73.5678163, 45.4513671 ] ] } },
{ "type": "Feature", "properties": { "u": 10863546379, "v": 10992440222, "key": 0, "highway": "secondary", "length_km": 0.072108773553854075, "h_neige": 15.96, "is_crit_security_social": true, "is_crit_economique": true, "quartier": "verdun", "scenario_1": true, "scenario_2": true, "scenario_3": true }, "geometry": { "type": "LineString", "coordinates": [ [ -73.5680972, 45.4505685 ], [ -73.5681278, 45.4504478 ], [ -73.5681637, 45.4503448 ], [ -73.5682147, 45.4502196 ], [ -73.5683395, 45.4499435 ] ] } },
{ "type": "Feature", "properties": { "u": 10863589837, "v": 32661181, "key": 0, "highway": "residential", "length_km": 0.2470222059321425, "h_neige": 19.01, "is_crit_security_social": true, "is_crit_economique": false, "quartier": "verdun", "scenario_1": true, "scenario_2": false, "scenario_3": true }, "geometry": { "type": "LineString", "coordinates": [ [ -73.5694905, 45.4484287 ], [ -73.5696359, 45.448462 ], [ -73.5696849, 45.4484732 ], [ -73.5697501, 45.4484778 ], [ -73.5703048, 45.4485049 ], [ -73.5706191, 45.4485148 ], [ -73.5720599, 45.4485753 ], [ -73.5725001, 45.4485943 ], [ -73.5725551, 45.4485972 ], [ -73.572577, 45.4485984 ], [ -73.5726412, 45.4486018 ] ] } },
{ "type": "Feature", "properties": { "u": 10863589837, "v": 10863375784, "key": 0, "highway": "secondary", "length_km": 0.18265443846210089, "h_neige": 8.49, "is_crit_security_social": true, "is_crit_economique": true, "quartier": "verdun", "scenario_1": true, "scenario_2": true, "scenario_3": true }, "geometry": { "type": "LineString", "coordinates": [ [ -73.5694905, 45.4484287 ], [ -73.569595, 45.4483684 ], [ -73.5698448, 45.4482634 ], [ -73.5700927, 45.4481752 ], [ -73.5704823, 45.4480314 ], [ -73.5709291, 45.4478731 ], [ -73.5710419, 45.4478279 ], [ -73.5711473, 45.4477784 ], [ -73.5713146, 45.4476984 ], [ -73.5715023, 45.4475969 ] ] } },
{ "type": "Feature", "properties": { "u": 10863589837, "v": 10863375769, "key": 0, "highway": "secondary", "length_km": 0.10308613756552081, "h_neige": 9.98, "is_crit_security_social": true, "is_crit_economique": true, "quartier": "verdun", "scenario_1": true, "scenario_2": true, "scenario_3": true }, "geometry": { "type": "LineString", "coordinates": [ [ -73.5694905, 45.4484287 ], [ -73.5692688, 45.4485578 ], [ -73.5691198, 45.448648 ], [ -73.5689682, 45.4487639 ], [ -73.5688525, 45.4488792 ], [ -73.5687872, 45.4489622 ], [ -73.5687272, 45.4490551 ], [ -73.5686835, 45.4491416 ] ] } },
{ "type": "Feature", "properties": { "u": 10979811030, "v": 6732332589, "key": 0, "highway": "secondary", "length_km": 0.081565263596757948, "h_neige": 13.95, "is_crit_security_social": true, "is_crit_economique": true, "quartier": "verdun", "scenario_1": true, "scenario_2": true, "scenario_3": true }, "geometry": { "type": "LineString", "coordinates": [ [ -73.5813113, 45.4542378 ], [ -73.5809043, 45.4546478 ], [ -73.5807856, 45.4547792 ], [ -73.5807256, 45.4548453 ] ] } },
{ "type": "Feature", "properties": { "u": 10979811030, "v": 5342975583, "key": 0, "highway": "secondary", "length_km": 0.095745434276000713, "h_neige": 17.11, "is_crit_security_social": true, "is_crit_economique": true, "quartier": "verdun", "scenario_1": true, "scenario_2": true, "scenario_3": true }, "geometry": { "type": "LineString", "coordinates": [ [ -73.5813113, 45.4542378 ], [ -73.5814828, 45.4540559 ], [ -73.5815965, 45.4539068 ], [ -73.581626, 45.4538562 ], [ -73.5816686, 45.4537833 ], [ -73.5818153, 45.4534588 ] ] } },
{ "type": "Feature", "properties": { "u": 10979811069, "v": 10992398295, "key": 0, "highway": "secondary", "length_km": 0.13206338868485706, "h_neige": 13.81, "is_crit_security_social": true, "is_crit_economique": true, "quartier": "verdun", "scenario_1": true, "scenario_2": true, "scenario_3": true }, "geometry": { "type": "LineString", "coordinates": [ [ -73.5802215, 45.455659 ], [ -73.5800191, 45.4560151 ], [ -73.5798546, 45.4564158 ], [ -73.5797548, 45.4566587 ], [ -73.5797397, 45.4567017 ], [ -73.5797087, 45.4567893 ] ] } },
{ "type": "Feature", "properties": { "u": 10979811069, "v": 6732332589, "key": 0, "highway": "secondary", "length_km": 0.09865385748065407, "h_neige": 15.14, "is_crit_security_social": true, "is_crit_economique": true, "quartier": "verdun", "scenario_1": true, "scenario_2": true, "scenario_3": true }, "geometry": { "type": "LineString", "coordinates": [ [ -73.5802215, 45.455659 ], [ -73.5804875, 45.4552314 ], [ -73.5807256, 45.4548453 ] ] } },
{ "type": "Feature", "properties": { "u": 10984169750, "v": 32661544, "key": 0, "highway": "secondary", "length_km": 0.13702387344651107, "h_neige": 1.5, "is_crit_security_social": true, "is_crit_economique": true, "quartier": "verdun", "scenario_1": true, "scenario_2": true, "scenario_3": true }, "geometry": { "type": "LineString", "coordinates": [ [ -73.5842023, 45.4513146 ], [ -73.5836553, 45.4515892 ], [ -73.5831593, 45.4518406 ], [ -73.5828887, 45.4519775 ], [ -73.5828555, 45.4519939 ], [ -73.5827755, 45.4520334 ] ] } },
{ "type": "Feature", "properties": { "u": 10984169750, "v": 32661553, "key": 0, "highway": "secondary", "length_km": 0.10232745889608751, "h_neige": 8.73, "is_crit_security_social": true, "is_crit_economique": true, "quartier": "verdun", "scenario_1": true, "scenario_2": true, "scenario_3": true }, "geometry": { "type": "LineString", "coordinates": [ [ -73.5842023, 45.4513146 ], [ -73.5844228, 45.4512066 ], [ -73.5845058, 45.4511641 ], [ -73.5845826, 45.4511194 ], [ -73.5847985, 45.4509781 ], [ -73.5851906, 45.4507125 ] ] } },
{ "type": "Feature", "properties": { "u": 10984169765, "v": 32661608, "key": 0, "highway": "secondary", "length_km": 0.01658129739946957, "h_neige": 8.96, "is_crit_security_social": true, "is_crit_economique": true, "quartier": "verdun", "scenario_1": true, "scenario_2": true, "scenario_3": true }, "geometry": { "type": "LineString", "coordinates": [ [ -73.5870052, 45.4491738 ], [ -73.5868842, 45.4492964 ] ] } },
{ "type": "Feature", "properties": { "u": 10984169765, "v": 10984169768, "key": 0, "highway": "secondary", "length_km": 0.21820983017044474, "h_neige": 6.05, "is_crit_security_social": true, "is_crit_economique": true, "quartier": "verdun", "scenario_1": true, "scenario_2": true, "scenario_3": true }, "geometry": { "type": "LineString", "coordinates": [ [ -73.5870052, 45.4491738 ], [ -73.5873398, 45.4488233 ], [ -73.5876643, 45.4484748 ], [ -73.5877207, 45.4484177 ], [ -73.5877762, 45.448362 ], [ -73.588043, 45.4480816 ], [ -73.5882456, 45.4478786 ], [ -73.5885791, 45.4475518 ] ] } },
{ "type": "Feature", "properties": { "u": 10984169768, "v": 10984169765, "key": 0, "highway": "secondary", "length_km": 0.21820983017044474, "h_neige": 18.4, "is_crit_security_social": true, "is_crit_economique": true, "quartier": "verdun", "scenario_1": true, "scenario_2": true, "scenario_3": true }, "geometry": { "type": "LineString", "coordinates": [ [ -73.5885791, 45.4475518 ], [ -73.5882456, 45.4478786 ], [ -73.588043, 45.4480816 ], [ -73.5877762, 45.448362 ], [ -73.5877207, 45.4484177 ], [ -73.5876643, 45.4484748 ], [ -73.5873398, 45.4488233 ], [ -73.5870052, 45.4491738 ] ] } },
{ "type": "Feature", "properties": { "u": 10984169768, "v": 32661685, "key": 0, "highway": "secondary", "length_km": 0.083880473277235412, "h_neige": 9.19, "is_crit_security_social": true, "is_crit_economique": true, "quartier": "verdun", "scenario_1": true, "scenario_2": true, "scenario_3": true }, "geometry": { "type": "LineString", "coordinates": [ [ -73.5885791, 45.4475518 ], [ -73.5891128, 45.4470108 ], [ -73.5891329, 45.4469904 ], [ -73.589192, 45.446932 ] ] } },
{ "type": "Feature", "properties": { "u": 10992252902, "v": 32662151, "key": 0, "highway": "secondary", "length_km": 0.74542790315309682, "h_neige": 10.5, "is_crit_security_social": true, "is_crit_economique": true, "quartier": "verdun", "scenario_1": true, "scenario_2": true, "scenario_3": true }, "geometry": { "type": "LineString", "coordinates": [ [ -73.589722, 45.4464097 ], [ -73.5897761, 45.4463547 ], [ -73.5901876, 45.4459299 ], [ -73.5904207, 45.4456811 ], [ -73.5911085, 45.4449292 ], [ -73.5917423, 45.4442478 ], [ -73.5925553, 45.4433728 ], [ -73.5927065, 45.4432083 ], [ -73.5927299, 45.4431835 ], [ -73.5927702, 45.4431408 ], [ -73.5928125, 45.443096 ], [ -73.5928211, 45.4430868 ], [ -73.593158, 45.4427242 ], [ -73.5934559, 45.4423953 ], [ -73.5938924, 45.4418976 ], [ -73.594108, 45.4416457 ], [ -73.5946655, 45.4410263 ], [ -73.5948852, 45.4407698 ] ] } },
{ "type": "Feature", "properties": { "u": 10992252902, "v": 32661685, "key": 0, "highway": "secondary", "length_km": 0.071292242831683506, "h_neige": 3.67, "is_crit_security_social": true, "is_crit_economique": true, "quartier": "verdun", "scenario_1": true, "scenario_2": true, "scenario_3": true }, "geometry": { "type": "LineString", "coordinates": [ [ -73.589722, 45.4464097 ], [ -73.5896707, 45.4464619 ], [ -73.5892425, 45.4468824 ], [ -73.589192, 45.446932 ] ] } },
{ "type": "Feature", "properties": { "u": 10992291900, "v": 10992292055, "key": 0, "highway": "secondary", "length_km": 0.070178576663667919, "h_neige": 10.21, "is_crit_security_social": true, "is_crit_economique": true, "quartier": "verdun", "scenario_1": true, "scenario_2": true, "scenario_3": true }, "geometry": { "type": "LineString", "coordinates": [ [ -73.5772395, 45.4433135 ], [ -73.5770858, 45.4434044 ], [ -73.5767517, 45.4436258 ], [ -73.5766759, 45.4436753 ], [ -73.576642, 45.443696 ], [ -73.5765738, 45.4437377 ] ] } },
{ "type": "Feature", "properties": { "u": 10992291921, "v": 10992291900, "key": 0, "highway": "secondary", "length_km": 0.39053361532800723, "h_neige": 5.62, "is_crit_security_social": true, "is_crit_economique": true, "quartier": "verdun", "scenario_1": true, "scenario_2": true, "scenario_3": true }, "geometry": { "type": "LineString", "coordinates": [ [ -73.5798731, 45.4403459 ], [ -73.5797202, 45.4404272 ], [ -73.5795706, 45.4405635 ], [ -73.5794657, 45.4406828 ], [ -73.5792741, 45.4409278 ], [ -73.5790939, 45.4411612 ], [ -73.5790707, 45.4411912 ], [ -73.5790247, 45.4412508 ], [ -73.5789921, 45.4412928 ], [ -73.5786145, 45.4417926 ], [ -73.5785245, 45.4419043 ], [ -73.5780641, 45.4424755 ], [ -73.5778376, 45.4427415 ], [ -73.5776157, 45.4429842 ], [ -73.5774515, 45.4431354 ], [ -73.5773026, 45.4432663 ], [ -73.5772395, 45.4433135 ] ] } },
{ "type": "Feature", "properties": { "u": 10992291921, "v": 10992292021, "key": 0, "highway": "secondary", "length_km": 0.24369899842311871, "h_neige": 2.41, "is_crit_security_social": true, "is_crit_economique": true, "quartier": "verdun", "scenario_1": true, "scenario_2": true, "scenario_3": true }, "geometry": { "type": "LineString", "coordinates": [ [ -73.5798731, 45.4403459 ], [ -73.5799497, 45.4402665 ], [ -73.5802373, 45.4399657 ], [ -73.5803095, 45.4398946 ], [ -73.5803967, 45.4398111 ], [ -73.5806722, 45.439557 ], [ -73.581102, 45.4391831 ], [ -73.5812964, 45.4390205 ], [ -73.581766, 45.4386043 ] ] } },
{ "type": "Feature", "properties": { "u": 10992292021, "v": 1700483901, "key": 0, "highway": "secondary", "length_km": 0.090164808654456585, "h_neige": 9.68, "is_crit_security_social": true, "is_crit_economique": true, "quartier": "verdun", "scenario_1": true, "scenario_2": true, "scenario_3": true }, "geometry": { "type": "LineString", "coordinates": [ [ -73.581766, 45.4386043 ], [ -73.5823928, 45.4380543 ], [ -73.5824266, 45.4380244 ], [ -73.5824877, 45.437971 ] ] } },
{ "type": "Feature", "properties": { "u": 10992292021, "v": 10992291921, "key": 0, "highway": "secondary", "length_km": 0.24369899842311871, "h_neige": 5.95, "is_crit_security_social": true, "is_crit_economique": true, "quartier": "verdun", "scenario_1": true, "scenario_2": true, "scenario_3": true }, "geometry": { "type": "LineString", "coordinates": [ [ -73.581766, 45.4386043 ], [ -73.5812964, 45.4390205 ], [ -73.581102, 45.4391831 ], [ -73.5806722, 45.439557 ], [ -73.5803967, 45.4398111 ], [ -73.5803095, 45.4398946 ], [ -73.5802373, 45.4399657 ], [ -73.5799497, 45.4402665 ], [ -73.5798731, 45.4403459 ] ] } },
{ "type": "Feature", "properties": { "u": 10992292055, "v": 10863417733, "key": 0, "highway": "secondary", "length_km": 0.10005645541499378, "h_neige": 8.84, "is_crit_security_social": true, "is_crit_economique": true, "quartier": "verdun", "scenario_1": true, "scenario_2": true, "scenario_3": true }, "geometry": { "type": "LineString", "coordinates": [ [ -73.5765738, 45.4437377 ], [ -73.5765115, 45.4437727 ], [ -73.5763593, 45.4438582 ], [ -73.5756776, 45.4442265 ], [ -73.5755598, 45.4442886 ] ] } },
{ "type": "Feature", "properties": { "u": 10992292056, "v": 10992374495, "key": 0, "highway": "secondary", "length_km": 0.071714482760068615, "h_neige": 7.36, "is_crit_security_social": true, "is_crit_economique": true, "quartier": "verdun", "scenario_1": true, "scenario_2": true, "scenario_3": true }, "geometry": { "type": "LineString", "coordinates": [ [ -73.5766733, 45.4438199 ], [ -73.5767425, 45.4437825 ], [ -73.577009, 45.443615 ], [ -73.5773415, 45.4433779 ] ] } },
{ "type": "Feature", "properties": { "u": 10992292101, "v": 10992292104, "key": 0, "highway": "secondary", "length_km": 0.089169726675788555, "h_neige": 15.79, "is_crit_security_social": true, "is_crit_economique": true, "quartier": "verdun", "scenario_1": true, "scenario_2": true, "scenario_3": true }, "geometry": { "type": "LineString", "coordinates": [ [ -73.5831325, 45.4373962 ], [ -73.58323, 45.437312 ], [ -73.5832773, 45.4372711 ], [ -73.5833816, 45.4371931 ], [ -73.5839033, 45.4368046 ] ] } },
{ "type": "Feature", "properties": { "u": 10992292101, "v": 1700483901, "key": 0, "highway": "secondary", "length_km": 0.081340648382190364, "h_neige": 5.73, "is_crit_security_social": true, "is_crit_economique": true, "quartier": "verdun", "scenario_1": true, "scenario_2": true, "scenario_3": true }, "geometry": { "type": "LineString", "coordinates": [ [ -73.5831325, 45.4373962 ], [ -73.5825755, 45.4378914 ], [ -73.5825525, 45.4379118 ], [ -73.5824877, 45.437971 ] ] } },
{ "type": "Feature", "properties": { "u": 10992292104, "v": 10992292146, "key": 0, "highway": "secondary", "length_km": 0.089389940458762904, "h_neige": 19.49, "is_crit_security_social": true, "is_crit_economique": true, "quartier": "verdun", "scenario_1": true, "scenario_2": true, "scenario_3": true }, "geometry": { "type": "LineString", "coordinates": [ [ -73.5839033, 45.4368046 ], [ -73.5847038, 45.4362295 ] ] } },
{ "type": "Feature", "properties": { "u": 10992292104, "v": 10992292101, "key": 0, "highway": "secondary", "length_km": 0.089169726675788555, "h_neige": 7.66, "is_crit_security_social": true, "is_crit_economique": true, "quartier": "verdun", "scenario_1": true, "scenario_2": true, "scenario_3": true }, "geometry": { "type": "LineString", "coordinates": [ [ -73.5839033, 45.4368046 ], [ -73.5833816, 45.4371931 ], [ -73.5832773, 45.4372711 ], [ -73.58323, 45.437312 ], [ -73.5831325, 45.4373962 ] ] } },
{ "type": "Feature", "properties": { "u": 10992292143, "v": 10992292146, "key": 0, "highway": "secondary", "length_km": 0.090546609846057488, "h_neige": 9.78, "is_crit_security_social": true, "is_crit_economique": true, "quartier": "verdun", "scenario_1": true, "scenario_2": true, "scenario_3": true }, "geometry": { "type": "LineString", "coordinates": [ [ -73.5855109, 45.4356444 ], [ -73.5847038, 45.4362295 ] ] } },
{ "type": "Feature", "properties": { "u": 10992292146, "v": 10992292143, "key": 0, "highway": "secondary", "length_km": 0.090546609846057488, "h_neige": 11.73, "is_crit_security_social": true, "is_crit_economique": true, "quartier": "verdun", "scenario_1": true, "scenario_2": true, "scenario_3": true }, "geometry": { "type": "LineString", "coordinates": [ [ -73.5847038, 45.4362295 ], [ -73.5855109, 45.4356444 ] ] } },
{ "type": "Feature", "properties": { "u": 10992292146, "v": 10992292104, "key": 0, "highway": "secondary", "length_km": 0.089389940458762904, "h_neige": 10.39, "is_crit_security_social": true, "is_crit_economique": true, "quartier": "verdun", "scenario_1": true, "scenario_2": true, "scenario_3": true }, "geometry": { "type": "LineString", "coordinates": [ [ -73.5847038, 45.4362295 ], [ -73.5839033, 45.4368046 ] ] } },
{ "type": "Feature", "properties": { "u": 10992374495, "v": 10992291921, "key": 0, "highway": "secondary", "length_km": 0.39182529311191178, "h_neige": 1.91, "is_crit_security_social": true, "is_crit_economique": true, "quartier": "verdun", "scenario_1": true, "scenario_2": true, "scenario_3": true }, "geometry": { "type": "LineString", "coordinates": [ [ -73.5773415, 45.4433779 ], [ -73.5778603, 45.4429101 ], [ -73.5781729, 45.442558 ], [ -73.5786383, 45.4419473 ], [ -73.5787232, 45.4418359 ], [ -73.5790919, 45.4413845 ], [ -73.5791293, 45.4413381 ], [ -73.579159, 45.4413015 ], [ -73.579203, 45.4412465 ], [ -73.5798237, 45.4404638 ], [ -73.5798731, 45.4403459 ] ] } },
{ "type": "Feature", "properties": { "u": 10992398280, "v": 32661443, "key": 0, "highway": "secondary", "length_km": 0.064969131542813988, "h_neige": 14.28, "is_crit_security_social": true, "is_crit_economique": true, "quartier": "verdun", "scenario_1": true, "scenario_2": true, "scenario_3": true }, "geometry": { "type": "LineString", "coordinates": [ [ -73.5792173, 45.4589522 ], [ -73.5792892, 45.4583701 ] ] } },
{ "type": "Feature", "properties": { "u": 10992398280, "v": 10992398283, "key": 0, "highway": "secondary", "length_km": 0.089626081216023265, "h_neige": 11.97, "is_crit_security_social": true, "is_crit_economique": true, "quartier": "verdun", "scenario_1": true, "scenario_2": true, "scenario_3": true }, "geometry": { "type": "LineString", "coordinates": [ [ -73.5792173, 45.4589522 ], [ -73.579194, 45.4591998 ], [ -73.5791718, 45.4596857 ], [ -73.5791685, 45.4597574 ] ] } },
{ "type": "Feature", "properties": { "u": 10992398280, "v": 267966844, "key": 0, "highway": "residential", "length_km": 0.24630503948848881, "h_neige": 1.2, "is_crit_security_social": true, "is_crit_economique": false, "quartier": "verdun", "scenario_1": true, "scenario_2": false, "scenario_3": true }, "geometry": { "type": "LineString", "coordinates": [ [ -73.5792173, 45.4589522 ], [ -73.5791336, 45.4589487 ], [ -73.5784579, 45.45892 ], [ -73.5770688, 45.4588611 ], [ -73.5765592, 45.4588395 ], [ -73.5761799, 45.4588215 ], [ -73.576151, 45.4588202 ], [ -73.5760653, 45.4588161 ] ] } },
{ "type": "Feature", "properties": { "u": 10992398283, "v": 32661426, "key": 0, "highway": "secondary", "length_km": 0.098382668553990998, "h_neige": 10.84, "is_crit_security_social": true, "is_crit_economique": true, "quartier": "verdun", "scenario_1": true, "scenario_2": true, "scenario_3": true }, "geometry": { "type": "LineString", "coordinates": [ [ -73.5791685, 45.4597574 ], [ -73.579166, 45.4598077 ], [ -73.5791656, 45.4598429 ], [ -73.5791632, 45.4600527 ], [ -73.5791619, 45.4602168 ], [ -73.5791658, 45.4603168 ], [ -73.5791787, 45.4604506 ], [ -73.5791925, 45.4605547 ], [ -73.5792063, 45.4606408 ] ] } },
{ "type": "Feature", "properties": { "u": 10992398283, "v": 10992398280, "key": 0, "highway": "secondary", "length_km": 0.089626081216023265, "h_neige": 18.27, "is_crit_security_social": true, "is_crit_economique": true, "quartier": "verdun", "scenario_1": true, "scenario_2": true, "scenario_3": true }, "geometry": { "type": "LineString", "coordinates": [ [ -73.5791685, 45.4597574 ], [ -73.5791718, 45.4596857 ], [ -73.579194, 45.4591998 ], [ -73.5792173, 45.4589522 ] ] } },
{ "type": "Feature", "properties": { "u": 10992398295, "v": 10992398303, "key": 0, "highway": "secondary", "length_km": 0.041614708084483309, "h_neige": 14.59, "is_crit_security_social": true, "is_crit_economique": true, "quartier": "verdun", "scenario_1": true, "scenario_2": true, "scenario_3": true }, "geometry": { "type": "LineString", "coordinates": [ [ -73.5797087, 45.4567893 ], [ -73.5795871, 45.4571537 ] ] } },
{ "type": "Feature", "properties": { "u": 10992398295, "v": 10979811069, "key": 0, "highway": "secondary", "length_km": 0.13206338868485709, "h_neige": 0.54, "is_crit_security_social": true, "is_crit_economique": true, "quartier": "verdun", "scenario_1": true, "scenario_2": true, "scenario_3": true }, "geometry": { "type": "LineString", "coordinates": [ [ -73.5797087, 45.4567893 ], [ -73.5797397, 45.4567017 ], [ -73.5797548, 45.4566587 ], [ -73.5798546, 45.4564158 ], [ -73.5800191, 45.4560151 ], [ -73.5802215, 45.455659 ] ] } },
{ "type": "Feature", "properties": { "u": 10992398303, "v": 10992398295, "key": 0, "highway": "secondary", "length_km": 0.041614708084483309, "h_neige": 14.14, "is_crit_security_social": true, "is_crit_economique": true, "quartier": "verdun", "scenario_1": true, "scenario_2": true, "scenario_3": true }, "geometry": { "type": "LineString", "coordinates": [ [ -73.5795871, 45.4571537 ], [ -73.5797087, 45.4567893 ] ] } },
{ "type": "Feature", "properties": { "u": 10992398303, "v": 32661444, "key": 0, "highway": "secondary", "length_km": 0.072811576200237232, "h_neige": 4.8, "is_crit_security_social": true, "is_crit_economique": true, "quartier": "verdun", "scenario_1": true, "scenario_2": true, "scenario_3": true }, "geometry": { "type": "LineString", "coordinates": [ [ -73.5795871, 45.4571537 ], [ -73.579556, 45.4572444 ], [ -73.5795441, 45.4572791 ], [ -73.5794768, 45.4575142 ], [ -73.5793991, 45.457795 ] ] } },
{ "type": "Feature", "properties": { "u": 10992440202, "v": 10992440203, "key": 0, "highway": "tertiary", "length_km": 0.0095218322636041793, "h_neige": 2.18, "is_crit_security_social": true, "is_crit_economique": true, "quartier": "verdun", "scenario_1": true, "scenario_2": true, "scenario_3": true }, "geometry": { "type": "LineString", "coordinates": [ [ -73.5722704, 45.4468983 ], [ -73.5723762, 45.446941 ] ] } },
{ "type": "Feature", "properties": { "u": 10992440202, "v": 4520455491, "key": 0, "highway": "secondary", "length_km": 0.08590561404030668, "h_neige": 9.06, "is_crit_security_social": true, "is_crit_economique": true, "quartier": "verdun", "scenario_1": true, "scenario_2": true, "scenario_3": true }, "geometry": { "type": "LineString", "coordinates": [ [ -73.5722704, 45.4468983 ], [ -73.5722229, 45.4469475 ], [ -73.5719502, 45.447211 ], [ -73.571836, 45.4473062 ], [ -73.5716478, 45.4474498 ], [ -73.5716158, 45.447514 ] ] } },
{ "type": "Feature", "properties": { "u": 10992440203, "v": 10992440202, "key": 0, "highway": "tertiary", "length_km": 0.0095218322636041793, "h_neige": 7.95, "is_crit_security_social": true, "is_crit_economique": true, "quartier": "verdun", "scenario_1": true, "scenario_2": true, "scenario_3": true }, "geometry": { "type": "LineString", "coordinates": [ [ -73.5723762, 45.446941 ], [ -73.5722704, 45.4468983 ] ] } },
{ "type": "Feature", "properties": { "u": 10992440203, "v": 32661183, "key": 0, "highway": "tertiary", "length_km": 0.033880568668290048, "h_neige": 0.1, "is_crit_security_social": true, "is_crit_economique": true, "quartier": "verdun", "scenario_1": true, "scenario_2": true, "scenario_3": true }, "geometry": { "type": "LineString", "coordinates": [ [ -73.5723762, 45.446941 ], [ -73.5724179, 45.4469579 ], [ -73.5724623, 45.4469754 ], [ -73.5724924, 45.4469875 ], [ -73.5725871, 45.4470195 ], [ -73.572648, 45.4470364 ], [ -73.5727079, 45.447047 ], [ -73.5727178, 45.4470487 ], [ -73.5727753, 45.4470538 ] ] } },
{ "type": "Feature", "properties": { "u": 10992440203, "v": 32661184, "key": 0, "highway": "secondary", "length_km": 0.076900998377417359, "h_neige": 5.21, "is_crit_security_social": true, "is_crit_economique": true, "quartier": "verdun", "scenario_1": true, "scenario_2": true, "scenario_3": true }, "geometry": { "type": "LineString", "coordinates": [ [ -73.5723762, 45.446941 ], [ -73.5724354, 45.4468742 ], [ -73.5727101, 45.4465577 ], [ -73.5728251, 45.4464279 ], [ -73.572887, 45.4463496 ] ] } },
{ "type": "Feature", "properties": { "u": 10992440222, "v": 10863375769, "key": 0, "highway": "secondary", "length_km": 0.093117713986670625, "h_neige": 11.84, "is_crit_security_social": true, "is_crit_economique": true, "quartier": "verdun", "scenario_1": true, "scenario_2": true, "scenario_3": true }, "geometry": { "type": "LineString", "coordinates": [ [ -73.5683395, 45.4499435 ], [ -73.5686401, 45.4492426 ], [ -73.5686835, 45.4491416 ] ] } },
{ "type": "Feature", "properties": { "u": 10992440222, "v": 10863546379, "key": 0, "highway": "secondary", "length_km": 0.072108773553854075, "h_neige": 16.36, "is_crit_security_social": true, "is_crit_economique": true, "quartier": "verdun", "scenario_1": true, "scenario_2": true, "scenario_3": true }, "geometry": { "type": "LineString", "coordinates": [ [ -73.5683395, 45.4499435 ], [ -73.5682147, 45.4502196 ], [ -73.5681637, 45.4503448 ], [ -73.5681278, 45.4504478 ], [ -73.5680972, 45.4505685 ] ] } },
{ "type": "Feature", "properties": { "u": 11206081966, "v": 1700518226, "key": 0, "highway": "residential", "length_km": 0.18107262391705906, "h_neige": 11.24, "is_crit_security_social": true, "is_crit_economique": false, "quartier": "verdun", "scenario_1": true, "scenario_2": false, "scenario_3": true }, "geometry": { "type": "LineString", "coordinates": [ [ -73.5685665, 45.4703743 ], [ -73.5685259, 45.4703567 ], [ -73.56851, 45.4703395 ], [ -73.5685121, 45.4703078 ], [ -73.5685169, 45.4702535 ], [ -73.5685545, 45.4698309 ], [ -73.5685707, 45.4696361 ], [ -73.5686021, 45.4693006 ], [ -73.5686441, 45.4688635 ], [ -73.5686468, 45.468836 ], [ -73.5686539, 45.4687683 ] ] } },
{ "type": "Feature", "properties": { "u": 11642448017, "v": 3713199524, "key": 0, "highway": "secondary", "length_km": 0.076540800062476988, "h_neige": 2.65, "is_crit_security_social": true, "is_crit_economique": true, "quartier": "verdun", "scenario_1": true, "scenario_2": true, "scenario_3": true }, "geometry": { "type": "LineString", "coordinates": [ [ -73.5974127, 45.4377606 ], [ -73.5973731, 45.4378054 ], [ -73.5973612, 45.4378191 ], [ -73.5969055, 45.4383498 ] ] } },
{ "type": "Feature", "properties": { "u": 207269875, "v": 10866109010, "key": 0, "highway": "tertiary", "length_km": 0.0060497090280879056, "h_neige": 11.03, "is_crit_security_social": true, "is_crit_economique": true, "quartier": "verdun", "scenario_1": true, "scenario_2": true, "scenario_3": true }, "geometry": { "type": "LineString", "coordinates": [ [ -73.5383012, 45.4672968 ], [ -73.5383695, 45.467271 ] ] } },
{ "type": "Feature", "properties": { "u": 207269875, "v": 248494861, "key": 0, "highway": "tertiary", "length_km": 0.10478199771070168, "h_neige": 6.46, "is_crit_security_social": true, "is_crit_economique": true, "quartier": "verdun", "scenario_1": true, "scenario_2": true, "scenario_3": true }, "geometry": { "type": "LineString", "coordinates": [ [ -73.5383012, 45.4672968 ], [ -73.5383156, 45.4673573 ], [ -73.5384028, 45.4675265 ], [ -73.5385279, 45.467772 ], [ -73.5386549, 45.4680217 ], [ -73.5386844, 45.4680771 ], [ -73.5386984, 45.468102 ], [ -73.5387166, 45.4681318 ], [ -73.5387346, 45.4681586 ], [ -73.5387532, 45.4681826 ] ] } },
{ "type": "Feature", "properties": { "u": 248494619, "v": 8222475755, "key": 0, "highway": "tertiary", "length_km": 0.24437262141647373, "h_neige": 4.44, "is_crit_security_social": true, "is_crit_economique": true, "quartier": "verdun", "scenario_1": true, "scenario_2": true, "scenario_3": true }, "geometry": { "type": "LineString", "coordinates": [ [ -73.5523139, 45.4488988 ], [ -73.5523843, 45.4488883 ], [ -73.5524111, 45.4488846 ], [ -73.5524625, 45.448879 ], [ -73.5524957, 45.4488753 ], [ -73.5525504, 45.4488705 ], [ -73.552624, 45.4488656 ], [ -73.5527383, 45.4488625 ], [ -73.5528645, 45.4488622 ], [ -73.5530421, 45.4488614 ], [ -73.5531391, 45.4488627 ], [ -73.5532151, 45.4488613 ], [ -73.5533073, 45.4488584 ], [ -73.5533872, 45.4488519 ], [ -73.5534387, 45.4488457 ], [ -73.5534953, 45.4488363 ], [ -73.5535312, 45.4488293 ], [ -73.5535614, 45.4488235 ], [ -73.5535738, 45.4488211 ], [ -73.5536622, 45.4487982 ], [ -73.5537522, 45.4487675 ], [ -73.5538452, 45.4487304 ], [ -73.5539332, 45.4486837 ], [ -73.5540099, 45.4486386 ], [ -73.5540866, 45.4485864 ], [ -73.5541502, 45.4485341 ], [ -73.5542172, 45.4484723 ], [ -73.5543419, 45.4483588 ], [ -73.5543477, 45.4483535 ], [ -73.5543666, 45.4483376 ], [ -73.5544318, 45.4482831 ], [ -73.5544921, 45.4482401 ], [ -73.5545529, 45.4481992 ], [ -73.554615, 45.4481593 ], [ -73.5547012, 45.4481084 ], [ -73.5547305, 45.4480918 ], [ -73.5547729, 45.4480692 ], [ -73.5547955, 45.4480589 ], [ -73.5548317, 45.4480421 ], [ -73.5549662, 45.4479781 ] ] } },
{ "type": "Feature", "properties": { "u": 248494843, "v": 207269875, "key": 0, "highway": "tertiary", "length_km": 0.017059016312133878, "h_neige": 8.67, "is_crit_security_social": true, "is_crit_economique": true, "quartier": "verdun", "scenario_1": true, "scenario_2": true, "scenario_3": true }, "geometry": { "type": "LineString", "coordinates": [ [ -73.538265, 45.4671455 ], [ -73.5383012, 45.4672968 ] ] } },
{ "type": "Feature", "properties": { "u": 248494843, "v": 248494845, "key": 0, "highway": "tertiary", "length_km": 0.16875675392961434, "h_neige": 15.76, "is_crit_security_social": true, "is_crit_economique": true, "quartier": "verdun", "scenario_1": true, "scenario_2": true, "scenario_3": true }, "geometry": { "type": "LineString", "coordinates": [ [ -73.538265, 45.4671455 ], [ -73.538155, 45.4671728 ], [ -73.5378095, 45.4672588 ], [ -73.5375231, 45.4673304 ], [ -73.5373646, 45.4673705 ], [ -73.5371785, 45.4674185 ], [ -73.5369355, 45.4674848 ], [ -73.5368462, 45.467511 ], [ -73.536758, 45.4675408 ], [ -73.536679, 45.4675681 ], [ -73.5366101, 45.4675926 ], [ -73.5365403, 45.4676205 ], [ -73.5364619, 45.4676538 ], [ -73.5363663, 45.4676948 ], [ -73.5363505, 45.4677022 ], [ -73.536279, 45.4677358 ] ] } },
{ "type": "Feature", "properties": { "u": 248494843, "v": 248495201, "key": 0, "highway": "residential", "length_km": 0.11755281997399916, "h_neige": 15.39, "is_crit_security_social": true, "is_crit_economique": false, "quartier": "verdun", "scenario_1": true, "scenario_2": false, "scenario_3": true }, "geometry": { "type": "LineString", "coordinates": [ [ -73.538265, 45.4671455 ], [ -73.5382365, 45.46709 ], [ -73.5382189, 45.4670558 ], [ -73.5382055, 45.4670307 ], [ -73.5381144, 45.4668416 ], [ -73.538086, 45.4667778 ], [ -73.5380595, 45.4667194 ], [ -73.5380398, 45.466668 ], [ -73.5380266, 45.4666297 ], [ -73.538017, 45.4665909 ], [ -73.5380111, 45.466555 ], [ -73.5380073, 45.4665191 ], [ -73.5380044, 45.4664722 ], [ -73.5380038, 45.4664243 ], [ -73.5380053, 45.4663811 ], [ -73.5380102, 45.4663256 ], [ -73.5380151, 45.4662731 ], [ -73.53802, 45.4662316 ], [ -73.538027, 45.4661923 ], [ -73.538034, 45.4661584 ], [ -73.5380454, 45.4661178 ] ] } },
{ "type": "Feature", "properties": { "u": 248494846, "v": 4548358068, "key": 0, "highway": "tertiary", "length_km": 0.19240940460580885, "h_neige": 4.81, "is_crit_security_social": true, "is_crit_economique": true, "quartier": "verdun", "scenario_1": true, "scenario_2": true, "scenario_3": true }, "geometry": { "type": "LineString", "coordinates": [ [ -73.5357033, 45.4680608 ], [ -73.5356514, 45.4680996 ], [ -73.5355943, 45.4681434 ], [ -73.5355159, 45.468207 ], [ -73.53544, 45.4682731 ], [ -73.5354007, 45.4683104 ], [ -73.5353741, 45.4683358 ], [ -73.5353032, 45.4684098 ], [ -73.5352337, 45.4684886 ], [ -73.5351801, 45.4685544 ], [ -73.5351127, 45.4686346 ], [ -73.535061, 45.4687009 ], [ -73.5350134, 45.4687749 ], [ -73.5349677, 45.4688476 ], [ -73.5349494, 45.4688793 ], [ -73.5349311, 45.4689111 ], [ -73.534889, 45.4689882 ], [ -73.5348546, 45.4690622 ], [ -73.5348401, 45.4690953 ], [ -73.5348257, 45.4691285 ], [ -73.5347954, 45.469207 ], [ -73.5347794, 45.4692552 ], [ -73.534761, 45.4693119 ], [ -73.534743, 45.4693785 ], [ -73.5347319, 45.4694209 ], [ -73.5347222, 45.4694669 ], [ -73.5347199, 45.4694807 ], [ -73.5347144, 45.4695148 ], [ -73.5347104, 45.4695392 ], [ -73.5347083, 45.4695539 ], [ -73.5347077, 45.4696059 ] ] } },
{ "type": "Feature", "properties": { "u": 248494853, "v": 207269892, "key": 0, "highway": "tertiary", "length_km": 0.18175056645006113, "h_neige": 6.58, "is_crit_security_social": true, "is_crit_economique": true, "quartier": "verdun", "scenario_1": true, "scenario_2": true, "scenario_3": true }, "geometry": { "type": "LineString", "coordinates": [ [ -73.534898, 45.4696192 ], [ -73.534898, 45.4695675 ], [ -73.5348997, 45.4695574 ], [ -73.5349028, 45.4695387 ], [ -73.5349218, 45.4694561 ], [ -73.5349437, 45.4693879 ], [ -73.5349801, 45.469283 ], [ -73.535009, 45.4692067 ], [ -73.5350514, 45.4691094 ], [ -73.5350993, 45.4690141 ], [ -73.5351459, 45.4689296 ], [ -73.5351798, 45.4688724 ], [ -73.5352076, 45.4688287 ], [ -73.5352441, 45.4687752 ], [ -73.5352736, 45.4687313 ], [ -73.5353079, 45.468688 ], [ -73.5353494, 45.4686361 ], [ -73.5354018, 45.4685766 ], [ -73.5354546, 45.4685178 ], [ -73.5355229, 45.4684525 ], [ -73.5355883, 45.4683891 ], [ -73.5356679, 45.4683165 ], [ -73.5357461, 45.4682535 ], [ -73.5358071, 45.4682084 ], [ -73.535864, 45.4681672 ] ] } },
{ "type": "Feature", "properties": { "u": 248494854, "v": 207269875, "key": 0, "highway": "tertiary", "length_km": 0.16083804011594013, "h_neige": 6.54, "is_crit_security_social": true, "is_crit_economique": true, "quartier": "verdun", "scenario_1": true, "scenario_2": true, "scenario_3": true }, "geometry": { "type": "LineString", "coordinates": [ [ -73.536409, 45.46786 ], [ -73.5364896, 45.4678224 ], [ -73.5364983, 45.4678187 ], [ -73.5365651, 45.4677899 ], [ -73.5366483, 45.4677535 ], [ -73.5367317, 45.4677203 ], [ -73.5368041, 45.4676925 ], [ -73.536873, 45.4676694 ], [ -73.5369505, 45.4676451 ], [ -73.5370267, 45.4676218 ], [ -73.5371193, 45.4675961 ], [ -73.5376686, 45.4674565 ], [ -73.5381954, 45.4673251 ], [ -73.5382271, 45.4673168 ], [ -73.5383012, 45.4672968 ] ] } },
{ "type": "Feature", "properties": { "u": 248494861, "v": 615106804, "key": 0, "highway": "tertiary", "length_km": 0.3377740993057885, "h_neige": 0.57, "is_crit_security_social": true, "is_crit_economique": true, "quartier": "verdun", "scenario_1": true, "scenario_2": true, "scenario_3": true }, "geometry": { "type": "LineString", "coordinates": [ [ -73.5387532, 45.4681826 ], [ -73.5387868, 45.4682241 ], [ -73.5388254, 45.4682618 ], [ -73.5388673, 45.4682985 ], [ -73.5389187, 45.468338 ], [ -73.5389692, 45.468373 ], [ -73.5390212, 45.4684053 ], [ -73.5390728, 45.4684344 ], [ -73.5391264, 45.4684607 ], [ -73.5391702, 45.468479 ], [ -73.5392164, 45.4684973 ], [ -73.539261, 45.4685129 ], [ -73.5393127, 45.4685282 ], [ -73.5393457, 45.4685372 ], [ -73.5394097, 45.4685527 ], [ -73.5394727, 45.4685651 ], [ -73.5395253, 45.468573 ], [ -73.5395775, 45.4685792 ], [ -73.5396403, 45.4685842 ], [ -73.5397002, 45.4685873 ], [ -73.5397561, 45.4685876 ], [ -73.5398109, 45.4685861 ], [ -73.5398601, 45.468583 ], [ -73.5399121, 45.4685788 ], [ -73.5399665, 45.4685707 ], [ -73.5400104, 45.468563 ], [ -73.5400641, 45.4685519 ], [ -73.5401533, 45.4685316 ], [ -73.5402571, 45.4685056 ], [ -73.5403779, 45.4684747 ], [ -73.5407637, 45.4683758 ], [ -73.5408533, 45.4683521 ], [ -73.5409216, 45.4683364 ], [ -73.5412829, 45.4682445 ], [ -73.5417641, 45.4681218 ], [ -73.5420198, 45.4680586 ], [ -73.5422451, 45.4680003 ], [ -73.5423827, 45.4679675 ], [ -73.5424954, 45.4679424 ], [ -73.5425858, 45.4679233 ], [ -73.5426226, 45.4679143 ], [ -73.5427083, 45.4678991 ] ] } },
{ "type": "Feature", "properties": { "u": 248495152, "v": 10866109010, "key": 0, "highway": "tertiary", "length_km": 0.1049605358555277, "h_neige": 12.42, "is_crit_security_social": true, "is_crit_economique": true, "quartier": "verdun", "scenario_1": true, "scenario_2": true, "scenario_3": true }, "geometry": { "type": "LineString", "coordinates": [ [ -73.5388514, 45.468151 ], [ -73.538834, 45.4681266 ], [ -73.5388188, 45.4681055 ], [ -73.5388031, 45.4680802 ], [ -73.5387913, 45.4680603 ], [ -73.5387754, 45.4680307 ], [ -73.5387578, 45.467998 ], [ -73.5386329, 45.4677449 ], [ -73.5385555, 45.4675958 ], [ -73.5385063, 45.467501 ], [ -73.5384253, 45.4673458 ], [ -73.5384118, 45.4673218 ], [ -73.5383695, 45.467271 ] ] } },
{ "type": "Feature", "properties": { "u": 248495201, "v": 248494843, "key": 0, "highway": "residential", "length_km": 0.11755281997399913, "h_neige": 13.75, "is_crit_security_social": true, "is_crit_economique": false, "quartier": "verdun", "scenario_1": true, "scenario_2": false, "scenario_3": true }, "geometry": { "type": "LineString", "coordinates": [ [ -73.5380454, 45.4661178 ], [ -73.538034, 45.4661584 ], [ -73.538027, 45.4661923 ], [ -73.53802, 45.4662316 ], [ -73.5380151, 45.4662731 ], [ -73.5380102, 45.4663256 ], [ -73.5380053, 45.4663811 ], [ -73.5380038, 45.4664243 ], [ -73.5380044, 45.4664722 ], [ -73.5380073, 45.4665191 ], [ -73.5380111, 45.466555 ], [ -73.538017, 45.4665909 ], [ -73.5380266, 45.4666297 ], [ -73.5380398, 45.466668 ], [ -73.5380595, 45.4667194 ], [ -73.538086, 45.4667778 ], [ -73.5381144, 45.4668416 ], [ -73.5382055, 45.4670307 ], [ -73.5382189, 45.4670558 ], [ -73.5382365, 45.46709 ], [ -73.538265, 45.4671455 ] ] } },
{ "type": "Feature", "properties": { "u": 248495206, "v": 248495205, "key": 0, "highway": "residential", "length_km": 0.38083215415677546, "h_neige": 11.17, "is_crit_security_social": true, "is_crit_economique": false, "quartier": "verdun", "scenario_1": true, "scenario_2": false, "scenario_3": true }, "geometry": { "type": "LineString", "coordinates": [ [ -73.5397676, 45.4648214 ], [ -73.5398507, 45.4649041 ], [ -73.5398943, 45.4649454 ], [ -73.5399583, 45.4649969 ], [ -73.5400246, 45.4650529 ], [ -73.5400843, 45.4651032 ], [ -73.5401397, 45.465146 ], [ -73.5401783, 45.4651742 ], [ -73.540219, 45.4652032 ], [ -73.5403024, 45.4652591 ], [ -73.5404736, 45.4653766 ], [ -73.5407459, 45.4655753 ], [ -73.5407881, 45.4656117 ], [ -73.5408087, 45.4656321 ], [ -73.5408258, 45.4656551 ], [ -73.5408387, 45.4656757 ], [ -73.540915, 45.4658278 ], [ -73.5409357, 45.4658722 ], [ -73.5409401, 45.4658818 ], [ -73.5409438, 45.465894 ], [ -73.5409435, 45.4659065 ], [ -73.5409394, 45.4659186 ], [ -73.5409317, 45.4659298 ], [ -73.5409242, 45.4659364 ], [ -73.5409069, 45.4659473 ], [ -73.540891, 45.4659529 ], [ -73.5406827, 45.4660065 ], [ -73.5402662, 45.4661138 ], [ -73.5398715, 45.4662154 ], [ -73.5398553, 45.4662196 ], [ -73.5398356, 45.466223 ], [ -73.5398153, 45.4662232 ], [ -73.5397955, 45.4662202 ], [ -73.5397858, 45.466217 ], [ -73.5397611, 45.4662054 ], [ -73.5397482, 45.4661944 ], [ -73.5397393, 45.4661816 ], [ -73.5394936, 45.4657036 ], [ -73.5394839, 45.4656881 ], [ -73.5394669, 45.4656693 ], [ -73.5394275, 45.4656312 ], [ -73.5390998, 45.4653116 ], [ -73.5390636, 45.4652788 ], [ -73.5390038, 45.4652161 ] ] } },
{ "type": "Feature", "properties": { "u": 248495232, "v": 248495234, "key": 0, "highway": "residential", "length_km": 0.1118879855473827, "h_neige": 6.24, "is_crit_security_social": true, "is_crit_economique": false, "quartier": "verdun", "scenario_1": true, "scenario_2": false, "scenario_3": true }, "geometry": { "type": "LineString", "coordinates": [ [ -73.5385027, 45.4658384 ], [ -73.5385356, 45.4658591 ], [ -73.5385708, 45.4658857 ], [ -73.5385962, 45.4659089 ], [ -73.5386371, 45.4659489 ], [ -73.5386549, 45.4659691 ], [ -73.5386727, 45.4659919 ], [ -73.5386912, 45.4660246 ], [ -73.5387084, 45.4660578 ], [ -73.5387846, 45.4662088 ], [ -73.5390626, 45.4667551 ] ] } },
{ "type": "Feature", "properties": { "u": 248495234, "v": 248495232, "key": 0, "highway": "residential", "length_km": 0.1118879855473827, "h_neige": 12.05, "is_crit_security_social": true, "is_crit_economique": false, "quartier": "verdun", "scenario_1": true, "scenario_2": false, "scenario_3": true }, "geometry": { "type": "LineString", "coordinates": [ [ -73.5390626, 45.4667551 ], [ -73.5387846, 45.4662088 ], [ -73.5387084, 45.4660578 ], [ -73.5386912, 45.4660246 ], [ -73.5386727, 45.4659919 ], [ -73.5386549, 45.4659691 ], [ -73.5386371, 45.4659489 ], [ -73.5385962, 45.4659089 ], [ -73.5385708, 45.4658857 ], [ -73.5385356, 45.4658591 ], [ -73.5385027, 45.4658384 ] ] } },
{ "type": "Feature", "properties": { "u": 248495428, "v": 615106757, "key": 0, "highway": "residential", "length_km": 0.10746063178536547, "h_neige": 8.42, "is_crit_security_social": true, "is_crit_economique": false, "quartier": "verdun", "scenario_1": true, "scenario_2": false, "scenario_3": true }, "geometry": { "type": "LineString", "coordinates": [ [ -73.5492871, 45.4666617 ], [ -73.5492279, 45.4666091 ], [ -73.5491238, 45.4665184 ], [ -73.5487078, 45.4661433 ], [ -73.5485356, 45.4659882 ], [ -73.5485047, 45.4659563 ], [ -73.5484791, 45.4659286 ], [ -73.5484494, 45.4658949 ] ] } },
{ "type": "Feature", "properties": { "u": 248495428, "v": 248495423, "key": 0, "highway": "residential", "length_km": 0.27248155776399152, "h_neige": 12.42, "is_crit_security_social": true, "is_crit_economique": false, "quartier": "verdun", "scenario_1": true, "scenario_2": false, "scenario_3": true }, "geometry": { "type": "LineString", "coordinates": [ [ -73.5492871, 45.4666617 ], [ -73.549356, 45.466621 ], [ -73.5493968, 45.466597 ], [ -73.5494494, 45.4665644 ], [ -73.5496334, 45.4664406 ], [ -73.5497541, 45.4663591 ], [ -73.5498189, 45.4663206 ], [ -73.5498745, 45.466286 ], [ -73.5499016, 45.4662657 ], [ -73.5499201, 45.4662394 ], [ -73.5499283, 45.4662136 ], [ -73.5499279, 45.4661838 ], [ -73.5499186, 45.4661601 ], [ -73.5498994, 45.4661284 ], [ -73.5498437, 45.4660629 ], [ -73.5497983, 45.4660022 ], [ -73.5497616, 45.4659443 ], [ -73.5497439, 45.465909 ], [ -73.5497297, 45.4658806 ], [ -73.5496939, 45.4658026 ], [ -73.5496614, 45.4657194 ], [ -73.5494574, 45.4650856 ], [ -73.549443, 45.4650451 ], [ -73.54943, 45.4650173 ], [ -73.5494124, 45.4649892 ], [ -73.5493834, 45.4649641 ], [ -73.5493344, 45.4649371 ], [ -73.5492647, 45.4649061 ], [ -73.5491355, 45.4648501 ], [ -73.5489256, 45.4647591 ], [ -73.5488897, 45.4647448 ], [ -73.5487866, 45.464705 ] ] } },
{ "type": "Feature", "properties": { "u": 248495428, "v": 248495429, "key": 0, "highway": "residential", "length_km": 0.027225605859885128, "h_neige": 13.75, "is_crit_security_social": true, "is_crit_economique": false, "quartier": "verdun", "scenario_1": true, "scenario_2": false, "scenario_3": true }, "geometry": { "type": "LineString", "coordinates": [ [ -73.5492871, 45.4666617 ], [ -73.5493725, 45.4667439 ], [ -73.5494097, 45.4667792 ], [ -73.5494961, 45.4668578 ] ] } },
{ "type": "Feature", "properties": { "u": 248495429, "v": 248495428, "key": 0, "highway": "residential", "length_km": 0.027225605859885128, "h_neige": 2.92, "is_crit_security_social": true, "is_crit_economique": false, "quartier": "verdun", "scenario_1": true, "scenario_2": false, "scenario_3": true }, "geometry": { "type": "LineString", "coordinates": [ [ -73.5494961, 45.4668578 ], [ -73.5494097, 45.4667792 ], [ -73.5493725, 45.4667439 ], [ -73.5492871, 45.4666617 ] ] } },
{ "type": "Feature", "properties": { "u": 248495429, "v": 9855588212, "key": 0, "highway": "tertiary", "length_km": 0.031278993097420264, "h_neige": 10.63, "is_crit_security_social": true, "is_crit_economique": true, "quartier": "verdun", "scenario_1": true, "scenario_2": true, "scenario_3": true }, "geometry": { "type": "LineString", "coordinates": [ [ -73.5494961, 45.4668578 ], [ -73.5492954, 45.466986 ], [ -73.5492159, 45.4670362 ], [ -73.5491989, 45.4670467 ] ] } },
{ "type": "Feature", "properties": { "u": 248495429, "v": 615106741, "key": 0, "highway": "tertiary", "length_km": 0.25070821347881533, "h_neige": 2.82, "is_crit_security_social": true, "is_crit_economique": true, "quartier": "verdun", "scenario_1": true, "scenario_2": true, "scenario_3": true }, "geometry": { "type": "LineString", "coordinates": [ [ -73.5494961, 45.4668578 ], [ -73.5495403, 45.4668288 ], [ -73.5496366, 45.4667697 ], [ -73.549749, 45.4666948 ], [ -73.5499424, 45.4665645 ], [ -73.550051, 45.4664942 ], [ -73.5501182, 45.4664534 ], [ -73.550194, 45.46641 ], [ -73.5502687, 45.4663718 ], [ -73.5503512, 45.4663308 ], [ -73.5504152, 45.4663039 ], [ -73.5504624, 45.4662848 ], [ -73.5505609, 45.4662456 ], [ -73.550597, 45.4662351 ], [ -73.550667, 45.4662101 ], [ -73.5507355, 45.4661899 ], [ -73.5508046, 45.46617 ], [ -73.5508484, 45.4661587 ], [ -73.5509242, 45.4661413 ], [ -73.5509752, 45.4661319 ], [ -73.5510191, 45.4661244 ], [ -73.5511332, 45.466108 ], [ -73.5512129, 45.4660982 ], [ -73.5513128, 45.4660885 ], [ -73.5513531, 45.466085 ], [ -73.5514095, 45.4660808 ], [ -73.5515042, 45.4660762 ], [ -73.5516074, 45.4660736 ], [ -73.5516849, 45.4660737 ], [ -73.5517985, 45.4660773 ], [ -73.5520107, 45.4660851 ], [ -73.5521846, 45.4660929 ], [ -73.5522857, 45.4660954 ], [ -73.5523332, 45.4660973 ], [ -73.5523544, 45.4660982 ] ] } },
{ "type": "Feature", "properties": { "u": 321761206, "v": 248495099, "key": 0, "highway": "tertiary", "length_km": 0.18920517631447703, "h_neige": 10.71, "is_crit_security_social": true, "is_crit_economique": true, "quartier": "verdun", "scenario_1": true, "scenario_2": true, "scenario_3": true }, "geometry": { "type": "LineString", "coordinates": [ [ -73.5487309, 45.4672289 ], [ -73.5486308, 45.4672692 ], [ -73.5485552, 45.4672958 ], [ -73.5484895, 45.4673182 ], [ -73.5484359, 45.4673337 ], [ -73.5483693, 45.467352 ], [ -73.5482608, 45.4673786 ], [ -73.5481405, 45.4674062 ], [ -73.5480175, 45.4674353 ], [ -73.547923, 45.467457 ], [ -73.5474521, 45.4675688 ], [ -73.5473633, 45.4675882 ], [ -73.5469151, 45.4677008 ], [ -73.5467582, 45.4677387 ], [ -73.5467122, 45.4677463 ], [ -73.5466677, 45.4677506 ], [ -73.5466146, 45.4677518 ], [ -73.5465627, 45.4677469 ], [ -73.5464439, 45.4677244 ] ] } },
{ "type": "Feature", "properties": { "u": 444874959, "v": 321761206, "key": 0, "highway": "residential", "length_km": 0.14595233910644281, "h_neige": 11.41, "is_crit_security_social": true, "is_crit_economique": false, "quartier": "verdun", "scenario_1": true, "scenario_2": false, "scenario_3": true }, "geometry": { "type": "LineString", "coordinates": [ [ -73.5476058, 45.4661819 ], [ -73.5476193, 45.4662032 ], [ -73.5476368, 45.4662258 ], [ -73.5476536, 45.4662435 ], [ -73.5476659, 45.4662564 ], [ -73.5481037, 45.4666483 ], [ -73.5481177, 45.4666609 ], [ -73.5486636, 45.4671527 ], [ -73.5486849, 45.4671747 ], [ -73.5487095, 45.467202 ], [ -73.5487309, 45.4672289 ] ] } },
{ "type": "Feature", "properties": { "u": 615106707, "v": 615106741, "key": 0, "highway": "tertiary", "length_km": 0.2424041006069371, "h_neige": 14.78, "is_crit_security_social": true, "is_crit_economique": true, "quartier": "verdun", "scenario_1": true, "scenario_2": true, "scenario_3": true }, "geometry": { "type": "LineString", "coordinates": [ [ -73.5545325, 45.4649566 ], [ -73.5545292, 45.4650141 ], [ -73.5545254, 45.4650605 ], [ -73.5545153, 45.4651208 ], [ -73.5545022, 45.4651704 ], [ -73.5544873, 45.465217 ], [ -73.5544728, 45.4652573 ], [ -73.5544577, 45.4652919 ], [ -73.5544454, 45.4653189 ], [ -73.5544347, 45.4653378 ], [ -73.5544005, 45.4653983 ], [ -73.554369, 45.465445 ], [ -73.5543321, 45.465495 ], [ -73.5542812, 45.4655553 ], [ -73.5542364, 45.4656057 ], [ -73.5541926, 45.4656484 ], [ -73.5541618, 45.465677 ], [ -73.5541513, 45.4656867 ], [ -73.554121, 45.4657098 ], [ -73.5540858, 45.4657367 ], [ -73.554005, 45.4657934 ], [ -73.5539562, 45.4658226 ], [ -73.5538812, 45.4658647 ], [ -73.5537914, 45.4659089 ], [ -73.5536964, 45.4659503 ], [ -73.5535654, 45.465998 ], [ -73.5534736, 45.4660293 ], [ -73.553387, 45.4660522 ], [ -73.5533037, 45.4660711 ], [ -73.5532924, 45.4660736 ], [ -73.5532201, 45.4660867 ], [ -73.5531337, 45.4660986 ], [ -73.5530303, 45.4661078 ], [ -73.5529194, 45.4661134 ], [ -73.5528024, 45.4661152 ], [ -73.552651, 45.4661095 ], [ -73.5525273, 45.4661062 ], [ -73.5524981, 45.4661052 ], [ -73.5523544, 45.4660982 ] ] } },
{ "type": "Feature", "properties": { "u": 615106739, "v": 615106741, "key": 0, "highway": "residential", "length_km": 0.20656790061431121, "h_neige": 19.74, "is_crit_security_social": true, "is_crit_economique": false, "quartier": "verdun", "scenario_1": true, "scenario_2": false, "scenario_3": true }, "geometry": { "type": "LineString", "coordinates": [ [ -73.5534015, 45.4649208 ], [ -73.5533093, 45.4649177 ], [ -73.5525537, 45.4648905 ], [ -73.5525203, 45.4648924 ], [ -73.5524887, 45.4648982 ], [ -73.5524724, 45.4649043 ], [ -73.5524636, 45.4649095 ], [ -73.5524562, 45.464914 ], [ -73.5524448, 45.4649299 ], [ -73.5524402, 45.4649454 ], [ -73.5524391, 45.4649596 ], [ -73.5524026, 45.4654417 ], [ -73.5523758, 45.4657957 ], [ -73.5523606, 45.4659954 ], [ -73.5523606, 45.4660152 ], [ -73.5523544, 45.4660982 ] ] } },
{ "type": "Feature", "properties": { "u": 615106741, "v": 615106739, "key": 0, "highway": "residential", "length_km": 0.20656790061431127, "h_neige": 5.12, "is_crit_security_social": true, "is_crit_economique": false, "quartier": "verdun", "scenario_1": true, "scenario_2": false, "scenario_3": true }, "geometry": { "type": "LineString", "coordinates": [ [ -73.5523544, 45.4660982 ], [ -73.5523606, 45.4660152 ], [ -73.5523606, 45.4659954 ], [ -73.5523758, 45.4657957 ], [ -73.5524026, 45.4654417 ], [ -73.5524391, 45.4649596 ], [ -73.5524402, 45.4649454 ], [ -73.5524448, 45.4649299 ], [ -73.5524562, 45.464914 ], [ -73.5524636, 45.4649095 ], [ -73.5524724, 45.4649043 ], [ -73.5524887, 45.4648982 ], [ -73.5525203, 45.4648924 ], [ -73.5525537, 45.4648905 ], [ -73.5533093, 45.4649177 ], [ -73.5534015, 45.4649208 ] ] } },
{ "type": "Feature", "properties": { "u": 615106741, "v": 248495429, "key": 0, "highway": "tertiary", "length_km": 0.25070821347881533, "h_neige": 8.91, "is_crit_security_social": true, "is_crit_economique": true, "quartier": "verdun", "scenario_1": true, "scenario_2": true, "scenario_3": true }, "geometry": { "type": "LineString", "coordinates": [ [ -73.5523544, 45.4660982 ], [ -73.5523332, 45.4660973 ], [ -73.5522857, 45.4660954 ], [ -73.5521846, 45.4660929 ], [ -73.5520107, 45.4660851 ], [ -73.5517985, 45.4660773 ], [ -73.5516849, 45.4660737 ], [ -73.5516074, 45.4660736 ], [ -73.5515042, 45.4660762 ], [ -73.5514095, 45.4660808 ], [ -73.5513531, 45.466085 ], [ -73.5513128, 45.4660885 ], [ -73.5512129, 45.4660982 ], [ -73.5511332, 45.466108 ], [ -73.5510191, 45.4661244 ], [ -73.5509752, 45.4661319 ], [ -73.5509242, 45.4661413 ], [ -73.5508484, 45.4661587 ], [ -73.5508046, 45.46617 ], [ -73.5507355, 45.4661899 ], [ -73.550667, 45.4662101 ], [ -73.550597, 45.4662351 ], [ -73.5505609, 45.4662456 ], [ -73.5504624, 45.4662848 ], [ -73.5504152, 45.4663039 ], [ -73.5503512, 45.4663308 ], [ -73.5502687, 45.4663718 ], [ -73.550194, 45.46641 ], [ -73.5501182, 45.4664534 ], [ -73.550051, 45.4664942 ], [ -73.5499424, 45.4665645 ], [ -73.549749, 45.4666948 ], [ -73.5496366, 45.4667697 ], [ -73.5495403, 45.4668288 ], [ -73.5494961, 45.4668578 ] ] } },
{ "type": "Feature", "properties": { "u": 615106741, "v": 615106707, "key": 0, "highway": "tertiary", "length_km": 0.24240410060693712, "h_neige": 1.2, "is_crit_security_social": true, "is_crit_economique": true, "quartier": "verdun", "scenario_1": true, "scenario_2": true, "scenario_3": true }, "geometry": { "type": "LineString", "coordinates": [ [ -73.5523544, 45.4660982 ], [ -73.5524981, 45.4661052 ], [ -73.5525273, 45.4661062 ], [ -73.552651, 45.4661095 ], [ -73.5528024, 45.4661152 ], [ -73.5529194, 45.4661134 ], [ -73.5530303, 45.4661078 ], [ -73.5531337, 45.4660986 ], [ -73.5532201, 45.4660867 ], [ -73.5532924, 45.4660736 ], [ -73.5533037, 45.4660711 ], [ -73.553387, 45.4660522 ], [ -73.5534736, 45.4660293 ], [ -73.5535654, 45.465998 ], [ -73.5536964, 45.4659503 ], [ -73.5537914, 45.4659089 ], [ -73.5538812, 45.4658647 ], [ -73.5539562, 45.4658226 ], [ -73.554005, 45.4657934 ], [ -73.5540858, 45.4657367 ], [ -73.554121, 45.4657098 ], [ -73.5541513, 45.4656867 ], [ -73.5541618, 45.465677 ], [ -73.5541926, 45.4656484 ], [ -73.5542364, 45.4656057 ], [ -73.5542812, 45.4655553 ], [ -73.5543321, 45.465495 ], [ -73.554369, 45.465445 ], [ -73.5544005, 45.4653983 ], [ -73.5544347, 45.4653378 ], [ -73.5544454, 45.4653189 ], [ -73.5544577, 45.4652919 ], [ -73.5544728, 45.4652573 ], [ -73.5544873, 45.465217 ], [ -73.5545022, 45.4651704 ], [ -73.5545153, 45.4651208 ], [ -73.5545254, 45.4650605 ], [ -73.5545292, 45.4650141 ], [ -73.5545325, 45.4649566 ] ] } },
{ "type": "Feature", "properties": { "u": 615106757, "v": 248495428, "key": 0, "highway": "residential", "length_km": 0.10746063178536547, "h_neige": 2.21, "is_crit_security_social": true, "is_crit_economique": false, "quartier": "verdun", "scenario_1": true, "scenario_2": false, "scenario_3": true }, "geometry": { "type": "LineString", "coordinates": [ [ -73.5484494, 45.4658949 ], [ -73.5484791, 45.4659286 ], [ -73.5485047, 45.4659563 ], [ -73.5485356, 45.4659882 ], [ -73.5487078, 45.4661433 ], [ -73.5491238, 45.4665184 ], [ -73.5492279, 45.4666091 ], [ -73.5492871, 45.4666617 ] ] } },
{ "type": "Feature", "properties": { "u": 615106804, "v": 1609048813, "key": 1, "highway": "tertiary", "length_km": 0.077679170716364682, "h_neige": 12.14, "is_crit_security_social": true, "is_crit_economique": true, "quartier": "verdun", "scenario_1": true, "scenario_2": true, "scenario_3": true }, "geometry": { "type": "LineString", "coordinates": [ [ -73.5427083, 45.4678991 ], [ -73.5427956, 45.467889 ], [ -73.5428471, 45.4678851 ], [ -73.5429174, 45.4678795 ], [ -73.5430065, 45.467876 ], [ -73.5430983, 45.4678732 ], [ -73.5431829, 45.4678737 ], [ -73.5432655, 45.4678763 ], [ -73.5433451, 45.4678811 ], [ -73.5434341, 45.4678877 ], [ -73.5436217, 45.4679046 ], [ -73.5436992, 45.4679116 ] ] } },
{ "type": "Feature", "properties": { "u": 615106806, "v": 248495152, "key": 0, "highway": "tertiary", "length_km": 0.32380759948068316, "h_neige": 4.47, "is_crit_security_social": true, "is_crit_economique": true, "quartier": "verdun", "scenario_1": true, "scenario_2": true, "scenario_3": true }, "geometry": { "type": "LineString", "coordinates": [ [ -73.542659, 45.467832 ], [ -73.5425738, 45.4678459 ], [ -73.5424981, 45.4678615 ], [ -73.5424021, 45.4678818 ], [ -73.5423103, 45.4679036 ], [ -73.5421964, 45.4679307 ], [ -73.5417268, 45.4680492 ], [ -73.5412985, 45.468158 ], [ -73.5409335, 45.4682506 ], [ -73.5408864, 45.4682628 ], [ -73.5408177, 45.4682805 ], [ -73.5400884, 45.4684641 ], [ -73.5400323, 45.4684764 ], [ -73.5399799, 45.4684866 ], [ -73.539929, 45.4684951 ], [ -73.5398874, 45.4685005 ], [ -73.5398236, 45.4685067 ], [ -73.5397619, 45.4685082 ], [ -73.5396994, 45.4685078 ], [ -73.5396369, 45.4685052 ], [ -73.5395795, 45.4684998 ], [ -73.5395189, 45.4684915 ], [ -73.5394765, 45.4684838 ], [ -73.539443, 45.4684766 ], [ -73.5393851, 45.4684633 ], [ -73.5393443, 45.4684529 ], [ -73.5393089, 45.4684432 ], [ -73.5392737, 45.4684312 ], [ -73.5392362, 45.4684168 ], [ -73.539191, 45.4683973 ], [ -73.5391399, 45.4683723 ], [ -73.5390851, 45.4683424 ], [ -73.5390246, 45.4683034 ], [ -73.5389791, 45.4682706 ], [ -73.5389414, 45.4682412 ], [ -73.5389111, 45.4682134 ], [ -73.5388827, 45.468186 ], [ -73.538867, 45.4681685 ], [ -73.5388514, 45.468151 ] ] } },
{ "type": "Feature", "properties": { "u": 1090181424, "v": 1630783377, "key": 0, "highway": "residential", "length_km": 0.098461770978940197, "h_neige": 11.12, "is_crit_security_social": true, "is_crit_economique": false, "quartier": "verdun", "scenario_1": true, "scenario_2": false, "scenario_3": true }, "geometry": { "type": "LineString", "coordinates": [ [ -73.53945, 45.4725167 ], [ -73.5393523, 45.4725612 ], [ -73.5393145, 45.4725786 ], [ -73.5392982, 45.4725859 ], [ -73.5385213, 45.4729399 ], [ -73.5384944, 45.4729522 ], [ -73.5383912, 45.4729992 ] ] } },
{ "type": "Feature", "properties": { "u": 1090181424, "v": 1100950109, "key": 0, "highway": "tertiary", "length_km": 0.11091210251466063, "h_neige": 8.76, "is_crit_security_social": true, "is_crit_economique": true, "quartier": "verdun", "scenario_1": true, "scenario_2": true, "scenario_3": true }, "geometry": { "type": "LineString", "coordinates": [ [ -73.53945, 45.4725167 ], [ -73.5395744, 45.4724607 ], [ -73.539614, 45.4724424 ], [ -73.5398989, 45.4723147 ], [ -73.5403363, 45.4721178 ], [ -73.540463, 45.4720608 ], [ -73.5405025, 45.4720431 ], [ -73.5405842, 45.4720063 ], [ -73.5406471, 45.471978 ] ] } },
{ "type": "Feature", "properties": { "u": 1090181424, "v": 3468277301, "key": 0, "highway": "residential", "length_km": 0.095105816384930472, "h_neige": 19.92, "is_crit_security_social": true, "is_crit_economique": false, "quartier": "verdun", "scenario_1": true, "scenario_2": false, "scenario_3": true }, "geometry": { "type": "LineString", "coordinates": [ [ -73.53945, 45.4725167 ], [ -73.5395383, 45.4726144 ], [ -73.5395675, 45.4726464 ], [ -73.5397328, 45.472829 ], [ -73.5397589, 45.4728578 ], [ -73.5401039, 45.4732387 ] ] } },
{ "type": "Feature", "properties": { "u": 1090181424, "v": 3468270390, "key": 0, "highway": "tertiary", "length_km": 0.12035805881156274, "h_neige": 15.08, "is_crit_security_social": true, "is_crit_economique": true, "quartier": "verdun", "scenario_1": true, "scenario_2": true, "scenario_3": true }, "geometry": { "type": "LineString", "coordinates": [ [ -73.53945, 45.4725167 ], [ -73.5393742, 45.4724335 ], [ -73.5393568, 45.4724144 ], [ -73.539238, 45.472284 ], [ -73.5391895, 45.4722309 ], [ -73.5389552, 45.4719737 ], [ -73.5389024, 45.4719157 ], [ -73.5387738, 45.4717746 ], [ -73.5386961, 45.4716894 ], [ -73.5386189, 45.4716046 ] ] } },
{ "type": "Feature", "properties": { "u": 1091614159, "v": 1601896291, "key": 0, "highway": "residential", "length_km": 0.31803435098826033, "h_neige": 9.64, "is_crit_security_social": true, "is_crit_economique": false, "quartier": "verdun", "scenario_1": true, "scenario_2": false, "scenario_3": true }, "geometry": { "type": "LineString", "coordinates": [ [ -73.5579894, 45.4483234 ], [ -73.5579105, 45.4482715 ], [ -73.5577298, 45.448147 ], [ -73.5573439, 45.447881 ], [ -73.5569745, 45.4476264 ], [ -73.5569574, 45.4476138 ], [ -73.5569396, 45.447593 ], [ -73.5569255, 45.4475611 ], [ -73.5569247, 45.4475277 ], [ -73.5569351, 45.447498 ], [ -73.55695, 45.4474698 ], [ -73.5569768, 45.4474374 ], [ -73.5572803, 45.4471295 ], [ -73.5573161, 45.4471054 ], [ -73.5573533, 45.4470877 ], [ -73.5573964, 45.4470783 ], [ -73.5574381, 45.4470762 ], [ -73.5574797, 45.4470793 ], [ -73.5575169, 45.4470898 ], [ -73.557563, 45.4471135 ], [ -73.5576978, 45.4472043 ], [ -73.5579641, 45.4473837 ], [ -73.5585411, 45.4477726 ], [ -73.5585779, 45.4477994 ], [ -73.558646, 45.4478495 ] ] } },
{ "type": "Feature", "properties": { "u": 1091614159, "v": 1091614248, "key": 0, "highway": "residential", "length_km": 0.18158084819186726, "h_neige": 6.22, "is_crit_security_social": true, "is_crit_economique": false, "quartier": "verdun", "scenario_1": true, "scenario_2": false, "scenario_3": true }, "geometry": { "type": "LineString", "coordinates": [ [ -73.5579894, 45.4483234 ], [ -73.5579228, 45.4483732 ], [ -73.5576972, 45.4485278 ], [ -73.5576317, 45.4485656 ], [ -73.557569, 45.4485953 ], [ -73.5574982, 45.4486205 ], [ -73.5574355, 45.4486343 ], [ -73.5573728, 45.4486435 ], [ -73.557297, 45.4486471 ], [ -73.5572293, 45.448645 ], [ -73.5571617, 45.4486385 ], [ -73.5570909, 45.4486231 ], [ -73.55701, 45.4485974 ], [ -73.5569372, 45.4485706 ], [ -73.556871, 45.4485314 ], [ -73.5565489, 45.4483142 ], [ -73.556479, 45.4482658 ], [ -73.5561541, 45.4480407 ] ] } },
{ "type": "Feature", "properties": { "u": 1091614248, "v": 1091614159, "key": 0, "highway": "residential", "length_km": 0.18158084819186721, "h_neige": 10.9, "is_crit_security_social": true, "is_crit_economique": false, "quartier": "verdun", "scenario_1": true, "scenario_2": false, "scenario_3": true }, "geometry": { "type": "LineString", "coordinates": [ [ -73.5561541, 45.4480407 ], [ -73.556479, 45.4482658 ], [ -73.5565489, 45.4483142 ], [ -73.556871, 45.4485314 ], [ -73.5569372, 45.4485706 ], [ -73.55701, 45.4485974 ], [ -73.5570909, 45.4486231 ], [ -73.5571617, 45.4486385 ], [ -73.5572293, 45.448645 ], [ -73.557297, 45.4486471 ], [ -73.5573728, 45.4486435 ], [ -73.5574355, 45.4486343 ], [ -73.5574982, 45.4486205 ], [ -73.557569, 45.4485953 ], [ -73.5576317, 45.4485656 ], [ -73.5576972, 45.4485278 ], [ -73.5579228, 45.4483732 ], [ -73.5579894, 45.4483234 ] ] } },
{ "type": "Feature", "properties": { "u": 1091614248, "v": 8222475759, "key": 0, "highway": "residential", "length_km": 0.048579384104920048, "h_neige": 10.67, "is_crit_security_social": true, "is_crit_economique": false, "quartier": "verdun", "scenario_1": true, "scenario_2": false, "scenario_3": true }, "geometry": { "type": "LineString", "coordinates": [ [ -73.5561541, 45.4480407 ], [ -73.5560811, 45.4479779 ], [ -73.5560453, 45.4479503 ], [ -73.5560046, 45.4479239 ], [ -73.5559569, 45.4478986 ], [ -73.5559329, 45.4478881 ], [ -73.5558818, 45.4478698 ], [ -73.5558089, 45.4478462 ], [ -73.555714, 45.4478163 ], [ -73.5556534, 45.4477934 ] ] } },
{ "type": "Feature", "properties": { "u": 1100950109, "v": 1090181424, "key": 0, "highway": "tertiary", "length_km": 0.11091210251466063, "h_neige": 18.73, "is_crit_security_social": true, "is_crit_economique": true, "quartier": "verdun", "scenario_1": true, "scenario_2": true, "scenario_3": true }, "geometry": { "type": "LineString", "coordinates": [ [ -73.5406471, 45.471978 ], [ -73.5405842, 45.4720063 ], [ -73.5405025, 45.4720431 ], [ -73.540463, 45.4720608 ], [ -73.5403363, 45.4721178 ], [ -73.5398989, 45.4723147 ], [ -73.539614, 45.4724424 ], [ -73.5395744, 45.4724607 ], [ -73.53945, 45.4725167 ] ] } },
{ "type": "Feature", "properties": { "u": 1411570318, "v": 8636630930, "key": 0, "highway": "tertiary", "length_km": 0.094953578420287607, "h_neige": 13.39, "is_crit_security_social": true, "is_crit_economique": true, "quartier": "verdun", "scenario_1": true, "scenario_2": true, "scenario_3": true }, "geometry": { "type": "LineString", "coordinates": [ [ -73.544918, 45.4679527 ], [ -73.5448844, 45.4679495 ], [ -73.5445548, 45.4679196 ], [ -73.5445143, 45.467916 ], [ -73.5444471, 45.4679091 ], [ -73.5443721, 45.4679019 ], [ -73.54386, 45.4678532 ], [ -73.5437112, 45.4678391 ] ] } },
{ "type": "Feature", "properties": { "u": 1609048813, "v": 1609048822, "key": 0, "highway": "tertiary", "length_km": 0.094703726359530754, "h_neige": 13.3, "is_crit_security_social": true, "is_crit_economique": true, "quartier": "verdun", "scenario_1": true, "scenario_2": true, "scenario_3": true }, "geometry": { "type": "LineString", "coordinates": [ [ -73.5436992, 45.4679116 ], [ -73.5438501, 45.4679259 ], [ -73.5441729, 45.4679563 ], [ -73.5443143, 45.4679697 ], [ -73.544356, 45.4679745 ], [ -73.5444308, 45.467982 ], [ -73.5445027, 45.4679898 ], [ -73.5448474, 45.468022 ], [ -73.5449019, 45.4680292 ] ] } },
{ "type": "Feature", "properties": { "u": 1630783377, "v": 1090181424, "key": 0, "highway": "residential", "length_km": 0.098461770978940197, "h_neige": 19.92, "is_crit_security_social": true, "is_crit_economique": false, "quartier": "verdun", "scenario_1": true, "scenario_2": false, "scenario_3": true }, "geometry": { "type": "LineString", "coordinates": [ [ -73.5383912, 45.4729992 ], [ -73.5384944, 45.4729522 ], [ -73.5385213, 45.4729399 ], [ -73.5392982, 45.4725859 ], [ -73.5393145, 45.4725786 ], [ -73.5393523, 45.4725612 ], [ -73.53945, 45.4725167 ] ] } },
{ "type": "Feature", "properties": { "u": 1630783377, "v": 3468277295, "key": 0, "highway": "residential", "length_km": 0.18278807749747336, "h_neige": 7.93, "is_crit_security_social": true, "is_crit_economique": false, "quartier": "verdun", "scenario_1": true, "scenario_2": false, "scenario_3": true }, "geometry": { "type": "LineString", "coordinates": [ [ -73.5383912, 45.4729992 ], [ -73.5384583, 45.4730699 ], [ -73.5386374, 45.4732598 ], [ -73.5386719, 45.4732924 ], [ -73.5387764, 45.4733913 ], [ -73.5392224, 45.4738015 ], [ -73.5392389, 45.473814 ], [ -73.5392585, 45.4738241 ], [ -73.5392804, 45.4738315 ], [ -73.5393038, 45.4738359 ], [ -73.5393281, 45.4738371 ], [ -73.5393522, 45.4738352 ], [ -73.5393754, 45.47383 ], [ -73.5393977, 45.4738215 ], [ -73.5397908, 45.473638 ], [ -73.5400088, 45.4735365 ] ] } },
{ "type": "Feature", "properties": { "u": 1630783377, "v": 3468270390, "key": 0, "highway": "residential", "length_km": 0.20923821106881604, "h_neige": 0.39, "is_crit_security_social": true, "is_crit_economique": false, "quartier": "verdun", "scenario_1": true, "scenario_2": false, "scenario_3": true }, "geometry": { "type": "LineString", "coordinates": [ [ -73.5383912, 45.4729992 ], [ -73.5383512, 45.4729571 ], [ -73.5383167, 45.4729177 ], [ -73.5382818, 45.4728679 ], [ -73.5382459, 45.4728148 ], [ -73.5382006, 45.472748 ], [ -73.5381665, 45.4726942 ], [ -73.5381376, 45.472649 ], [ -73.5381289, 45.4726355 ], [ -73.5380953, 45.4725811 ], [ -73.5380413, 45.4724907 ], [ -73.5379864, 45.4723988 ], [ -73.5379544, 45.4723475 ], [ -73.5379227, 45.4723063 ], [ -73.537887, 45.4722636 ], [ -73.5377894, 45.4721558 ], [ -73.5377521, 45.4721148 ], [ -73.5377043, 45.4720623 ], [ -73.5376746, 45.4720297 ], [ -73.5377426, 45.4719985 ], [ -73.5377947, 45.471975 ], [ -73.5383244, 45.4717358 ], [ -73.5385221, 45.4716469 ], [ -73.5386189, 45.4716046 ] ] } },
{ "type": "Feature", "properties": { "u": 3468270390, "v": 1630783377, "key": 0, "highway": "residential", "length_km": 0.20923821106881604, "h_neige": 17.77, "is_crit_security_social": true, "is_crit_economique": false, "quartier": "verdun", "scenario_1": true, "scenario_2": false, "scenario_3": true }, "geometry": { "type": "LineString", "coordinates": [ [ -73.5386189, 45.4716046 ], [ -73.5385221, 45.4716469 ], [ -73.5383244, 45.4717358 ], [ -73.5377947, 45.471975 ], [ -73.5377426, 45.4719985 ], [ -73.5376746, 45.4720297 ], [ -73.5377043, 45.4720623 ], [ -73.5377521, 45.4721148 ], [ -73.5377894, 45.4721558 ], [ -73.537887, 45.4722636 ], [ -73.5379227, 45.4723063 ], [ -73.5379544, 45.4723475 ], [ -73.5379864, 45.4723988 ], [ -73.5380413, 45.4724907 ], [ -73.5380953, 45.4725811 ], [ -73.5381289, 45.4726355 ], [ -73.5381376, 45.472649 ], [ -73.5381665, 45.4726942 ], [ -73.5382006, 45.472748 ], [ -73.5382459, 45.4728148 ], [ -73.5382818, 45.4728679 ], [ -73.5383167, 45.4729177 ], [ -73.5383512, 45.4729571 ], [ -73.5383912, 45.4729992 ] ] } },
{ "type": "Feature", "properties": { "u": 3468270390, "v": 1090181424, "key": 0, "highway": "tertiary", "length_km": 0.1203580588115627, "h_neige": 9.77, "is_crit_security_social": true, "is_crit_economique": true, "quartier": "verdun", "scenario_1": true, "scenario_2": true, "scenario_3": true }, "geometry": { "type": "LineString", "coordinates": [ [ -73.5386189, 45.4716046 ], [ -73.5386961, 45.4716894 ], [ -73.5387738, 45.4717746 ], [ -73.5389024, 45.4719157 ], [ -73.5389552, 45.4719737 ], [ -73.5391895, 45.4722309 ], [ -73.539238, 45.472284 ], [ -73.5393568, 45.4724144 ], [ -73.5393742, 45.4724335 ], [ -73.53945, 45.4725167 ] ] } },
{ "type": "Feature", "properties": { "u": 3468270390, "v": 8994248162, "key": 0, "highway": "tertiary", "length_km": 0.061801044147039644, "h_neige": 12.32, "is_crit_security_social": true, "is_crit_economique": true, "quartier": "verdun", "scenario_1": true, "scenario_2": true, "scenario_3": true }, "geometry": { "type": "LineString", "coordinates": [ [ -73.5386189, 45.4716046 ], [ -73.5385917, 45.4715748 ], [ -73.5384668, 45.4714378 ], [ -73.5384214, 45.4713879 ], [ -73.5383613, 45.4713223 ], [ -73.5382977, 45.4712556 ], [ -73.5382737, 45.4712324 ], [ -73.5382373, 45.4711972 ], [ -73.5382098, 45.4711727 ], [ -73.5381765, 45.4711439 ] ] } },
{ "type": "Feature", "properties": { "u": 3468277295, "v": 3468277301, "key": 0, "highway": "residential", "length_km": 0.056401980458348329, "h_neige": 3.14, "is_crit_security_social": true, "is_crit_economique": false, "quartier": "verdun", "scenario_1": true, "scenario_2": false, "scenario_3": true }, "geometry": { "type": "LineString", "coordinates": [ [ -73.5400088, 45.4735365 ], [ -73.5401208, 45.4735335 ], [ -73.5401679, 45.4735357 ], [ -73.5401926, 45.4735349 ], [ -73.540222, 45.4735292 ], [ -73.5402507, 45.473518 ], [ -73.5402659, 45.4735051 ], [ -73.5402795, 45.4734879 ], [ -73.5402876, 45.4734711 ], [ -73.5402905, 45.4734548 ], [ -73.5402889, 45.4734384 ], [ -73.5402876, 45.4734248 ], [ -73.5402754, 45.4733961 ], [ -73.5402561, 45.4733629 ], [ -73.5402319, 45.4733303 ], [ -73.5402026, 45.4732977 ], [ -73.5401799, 45.4732756 ], [ -73.5401039, 45.4732387 ] ] } },
{ "type": "Feature", "properties": { "u": 3468277295, "v": 1630783377, "key": 0, "highway": "residential", "length_km": 0.18278807749747344, "h_neige": 18.71, "is_crit_security_social": true, "is_crit_economique": false, "quartier": "verdun", "scenario_1": true, "scenario_2": false, "scenario_3": true }, "geometry": { "type": "LineString", "coordinates": [ [ -73.5400088, 45.4735365 ], [ -73.5397908, 45.473638 ], [ -73.5393977, 45.4738215 ], [ -73.5393754, 45.47383 ], [ -73.5393522, 45.4738352 ], [ -73.5393281, 45.4738371 ], [ -73.5393038, 45.4738359 ], [ -73.5392804, 45.4738315 ], [ -73.5392585, 45.4738241 ], [ -73.5392389, 45.473814 ], [ -73.5392224, 45.4738015 ], [ -73.5387764, 45.4733913 ], [ -73.5386719, 45.4732924 ], [ -73.5386374, 45.4732598 ], [ -73.5384583, 45.4730699 ], [ -73.5383912, 45.4729992 ] ] } },
{ "type": "Feature", "properties": { "u": 3468277301, "v": 3468277295, "key": 0, "highway": "residential", "length_km": 0.034164634851691272, "h_neige": 1.52, "is_crit_security_social": true, "is_crit_economique": false, "quartier": "verdun", "scenario_1": true, "scenario_2": false, "scenario_3": true }, "geometry": { "type": "LineString", "coordinates": [ [ -73.5401039, 45.4732387 ], [ -73.5400908, 45.4732985 ], [ -73.5400904, 45.4733317 ], [ -73.5400855, 45.4733648 ], [ -73.5400761, 45.4733973 ], [ -73.5400655, 45.4734266 ], [ -73.5400485, 45.4734614 ], [ -73.5400088, 45.4735365 ] ] } },
{ "type": "Feature", "properties": { "u": 3468277301, "v": 1090181424, "key": 0, "highway": "residential", "length_km": 0.095105816384930486, "h_neige": 7.63, "is_crit_security_social": true, "is_crit_economique": false, "quartier": "verdun", "scenario_1": true, "scenario_2": false, "scenario_3": true }, "geometry": { "type": "LineString", "coordinates": [ [ -73.5401039, 45.4732387 ], [ -73.5397589, 45.4728578 ], [ -73.5397328, 45.472829 ], [ -73.5395675, 45.4726464 ], [ -73.5395383, 45.4726144 ], [ -73.53945, 45.4725167 ] ] } },
{ "type": "Feature", "properties": { "u": 4404756841, "v": 1091614248, "key": 0, "highway": "residential", "length_km": 0.045197219755574072, "h_neige": 14.92, "is_crit_security_social": true, "is_crit_economique": false, "quartier": "verdun", "scenario_1": true, "scenario_2": false, "scenario_3": true }, "geometry": { "type": "LineString", "coordinates": [ [ -73.5556178, 45.4479238 ], [ -73.5556902, 45.4479134 ], [ -73.5557336, 45.4479123 ], [ -73.5557844, 45.4479168 ], [ -73.5558335, 45.447927 ], [ -73.5558683, 45.4479364 ], [ -73.5559213, 45.4479525 ], [ -73.5559884, 45.4479769 ], [ -73.556049, 45.4480002 ], [ -73.5561541, 45.4480407 ] ] } },
{ "type": "Feature", "properties": { "u": 4404756841, "v": 8222475759, "key": 0, "highway": "tertiary", "length_km": 0.015516943873589399, "h_neige": 16.5, "is_crit_security_social": true, "is_crit_economique": true, "quartier": "verdun", "scenario_1": true, "scenario_2": true, "scenario_3": true }, "geometry": { "type": "LineString", "coordinates": [ [ -73.5556178, 45.4479238 ], [ -73.5556391, 45.4479056 ], [ -73.5556514, 45.4478851 ], [ -73.555661, 45.4478573 ], [ -73.5556649, 45.4478307 ], [ -73.5556625, 45.4478126 ], [ -73.5556534, 45.4477934 ] ] } },
{ "type": "Feature", "properties": { "u": 4548358068, "v": 8994248162, "key": 0, "highway": "tertiary", "length_km": 0.35773709921236946, "h_neige": 0.48, "is_crit_security_social": true, "is_crit_economique": true, "quartier": "verdun", "scenario_1": true, "scenario_2": true, "scenario_3": true }, "geometry": { "type": "LineString", "coordinates": [ [ -73.5347077, 45.4696059 ], [ -73.534709, 45.4696517 ], [ -73.5347146, 45.469699 ], [ -73.5347193, 45.4697282 ], [ -73.5347224, 45.4697477 ], [ -73.5347417, 45.4698251 ], [ -73.5347571, 45.4698755 ], [ -73.5347724, 45.4699185 ], [ -73.5348121, 45.4700087 ], [ -73.5348468, 45.4700721 ], [ -73.5348898, 45.4701355 ], [ -73.5349308, 45.4701859 ], [ -73.5349676, 45.4702275 ], [ -73.5350245, 45.4702845 ], [ -73.5351033, 45.470362 ], [ -73.535164, 45.4704176 ], [ -73.5352403, 45.4704835 ], [ -73.5353478, 45.4705567 ], [ -73.5354256, 45.4706067 ], [ -73.5355085, 45.470651 ], [ -73.5355981, 45.4706975 ], [ -73.5356912, 45.4707376 ], [ -73.5357827, 45.4707763 ], [ -73.5358819, 45.4708111 ], [ -73.5359674, 45.4708353 ], [ -73.5360543, 45.4708583 ], [ -73.5361389, 45.4708777 ], [ -73.5362235, 45.4708947 ], [ -73.5363265, 45.4709111 ], [ -73.5364251, 45.4709214 ], [ -73.5365144, 45.4709293 ], [ -73.5365899, 45.4709339 ], [ -73.5366514, 45.4709352 ], [ -73.5367029, 45.4709356 ], [ -73.5367637, 45.4709351 ], [ -73.5368454, 45.4709309 ], [ -73.5369201, 45.4709242 ], [ -73.5370175, 45.4709157 ], [ -73.5371118, 45.4709073 ], [ -73.537198, 45.4709039 ], [ -73.53728, 45.4709034 ], [ -73.537369, 45.4709071 ], [ -73.5374469, 45.4709161 ], [ -73.5375348, 45.4709301 ], [ -73.537628, 45.4709494 ], [ -73.5377083, 45.4709692 ], [ -73.5377817, 45.4709922 ], [ -73.5378445, 45.4710159 ], [ -73.5379201, 45.4710486 ], [ -73.5379823, 45.4710762 ], [ -73.5380004, 45.4710854 ], [ -73.5380552, 45.4711026 ], [ -73.538091, 45.4711178 ], [ -73.5381765, 45.4711439 ] ] } },
{ "type": "Feature", "properties": { "u": 5790657030, "v": 248494843, "key": 0, "highway": "tertiary", "length_km": 0.52233681175008662, "h_neige": 19.72, "is_crit_security_social": true, "is_crit_economique": true, "quartier": "verdun", "scenario_1": true, "scenario_2": true, "scenario_3": true }, "geometry": { "type": "LineString", "coordinates": [ [ -73.5445832, 45.4656968 ], [ -73.544448, 45.4657445 ], [ -73.5444205, 45.4657503 ], [ -73.544395, 45.4657529 ], [ -73.5443446, 45.4657557 ], [ -73.5442507, 45.4657614 ], [ -73.5440988, 45.4657705 ], [ -73.5440427, 45.4657733 ], [ -73.5437821, 45.4657863 ], [ -73.5434202, 45.4658064 ], [ -73.5433375, 45.4658116 ], [ -73.5432846, 45.4658158 ], [ -73.5432238, 45.4658218 ], [ -73.5431515, 45.4658309 ], [ -73.5430407, 45.4658449 ], [ -73.5429168, 45.4658653 ], [ -73.5428055, 45.4658857 ], [ -73.5426967, 45.4659095 ], [ -73.5426357, 45.465924 ], [ -73.5425654, 45.4659428 ], [ -73.5424788, 45.4659677 ], [ -73.5423985, 45.4659937 ], [ -73.5422494, 45.4660441 ], [ -73.5421079, 45.4660963 ], [ -73.5420792, 45.4661057 ], [ -73.5417379, 45.4662237 ], [ -73.5416355, 45.4662589 ], [ -73.5415776, 45.4662785 ], [ -73.5415108, 45.4663002 ], [ -73.5414086, 45.4663335 ], [ -73.5412855, 45.466372 ], [ -73.5411487, 45.4664104 ], [ -73.5410315, 45.4664422 ], [ -73.5407261, 45.4665201 ], [ -73.5406641, 45.4665357 ], [ -73.5394278, 45.4668489 ], [ -73.5390601, 45.466944 ], [ -73.5384449, 45.4670999 ], [ -73.5384045, 45.4671102 ], [ -73.5383679, 45.4671194 ], [ -73.538265, 45.4671455 ] ] } },
{ "type": "Feature", "properties": { "u": 8222475755, "v": 4404756841, "key": 0, "highway": "tertiary", "length_km": 0.05228695338385176, "h_neige": 6.79, "is_crit_security_social": true, "is_crit_economique": true, "quartier": "verdun", "scenario_1": true, "scenario_2": true, "scenario_3": true }, "geometry": { "type": "LineString", "coordinates": [ [ -73.5549662, 45.4479781 ], [ -73.5550814, 45.4479671 ], [ -73.555171, 45.4479501 ], [ -73.5552158, 45.4479433 ], [ -73.5552539, 45.4479371 ], [ -73.5552911, 45.4479343 ], [ -73.5553329, 45.4479347 ], [ -73.5553767, 45.4479391 ], [ -73.5554214, 45.4479453 ], [ -73.5554577, 45.4479507 ], [ -73.5554923, 45.4479539 ], [ -73.555523, 45.4479527 ], [ -73.5555618, 45.4479457 ], [ -73.5555952, 45.447935 ], [ -73.5556178, 45.4479238 ] ] } },
{ "type": "Feature", "properties": { "u": 8222475755, "v": 248494619, "key": 0, "highway": "tertiary", "length_km": 0.24437262141647376, "h_neige": 16.96, "is_crit_security_social": true, "is_crit_economique": true, "quartier": "verdun", "scenario_1": true, "scenario_2": true, "scenario_3": true }, "geometry": { "type": "LineString", "coordinates": [ [ -73.5549662, 45.4479781 ], [ -73.5548317, 45.4480421 ], [ -73.5547955, 45.4480589 ], [ -73.5547729, 45.4480692 ], [ -73.5547305, 45.4480918 ], [ -73.5547012, 45.4481084 ], [ -73.554615, 45.4481593 ], [ -73.5545529, 45.4481992 ], [ -73.5544921, 45.4482401 ], [ -73.5544318, 45.4482831 ], [ -73.5543666, 45.4483376 ], [ -73.5543477, 45.4483535 ], [ -73.5543419, 45.4483588 ], [ -73.5542172, 45.4484723 ], [ -73.5541502, 45.4485341 ], [ -73.5540866, 45.4485864 ], [ -73.5540099, 45.4486386 ], [ -73.5539332, 45.4486837 ], [ -73.5538452, 45.4487304 ], [ -73.5537522, 45.4487675 ], [ -73.5536622, 45.4487982 ], [ -73.5535738, 45.4488211 ], [ -73.5535614, 45.4488235 ], [ -73.5535312, 45.4488293 ], [ -73.5534953, 45.4488363 ], [ -73.5534387, 45.4488457 ], [ -73.5533872, 45.4488519 ], [ -73.5533073, 45.4488584 ], [ -73.5532151, 45.4488613 ], [ -73.5531391, 45.4488627 ], [ -73.5530421, 45.4488614 ], [ -73.5528645, 45.4488622 ], [ -73.5527383, 45.4488625 ], [ -73.552624, 45.4488656 ], [ -73.5525504, 45.4488705 ], [ -73.5524957, 45.4488753 ], [ -73.5524625, 45.448879 ], [ -73.5524111, 45.4488846 ], [ -73.5523843, 45.4488883 ], [ -73.5523139, 45.4488988 ] ] } },
{ "type": "Feature", "properties": { "u": 8222475759, "v": 8222475755, "key": 0, "highway": "tertiary", "length_km": 0.0663176012800029, "h_neige": 17.33, "is_crit_security_social": true, "is_crit_economique": true, "quartier": "verdun", "scenario_1": true, "scenario_2": true, "scenario_3": true }, "geometry": { "type": "LineString", "coordinates": [ [ -73.5556534, 45.4477934 ], [ -73.5556368, 45.4477752 ], [ -73.5556119, 45.4477563 ], [ -73.5555912, 45.4477439 ], [ -73.5555672, 45.447735 ], [ -73.5555431, 45.4477292 ], [ -73.5555106, 45.4477249 ], [ -73.5554772, 45.4477264 ], [ -73.5554454, 45.4477321 ], [ -73.5554218, 45.4477395 ], [ -73.555393, 45.447755 ], [ -73.5553649, 45.4477769 ], [ -73.5553376, 45.4477991 ], [ -73.555293, 45.4478285 ], [ -73.5552396, 45.4478558 ], [ -73.5551339, 45.4478825 ], [ -73.5550436, 45.4479214 ], [ -73.5549662, 45.4479781 ] ] } },
{ "type": "Feature", "properties": { "u": 8636630884, "v": 9855588212, "key": 0, "highway": "tertiary", "length_km": 0.2354146734223499, "h_neige": 2.84, "is_crit_security_social": true, "is_crit_economique": true, "quartier": "verdun", "scenario_1": true, "scenario_2": true, "scenario_3": true }, "geometry": { "type": "LineString", "coordinates": [ [ -73.5465334, 45.4679518 ], [ -73.5466165, 45.4678891 ], [ -73.5466491, 45.4678701 ], [ -73.5466926, 45.4678537 ], [ -73.5467407, 45.4678384 ], [ -73.5467977, 45.4678247 ], [ -73.5469475, 45.467792 ], [ -73.5472845, 45.4677201 ], [ -73.5474978, 45.4676724 ], [ -73.5479722, 45.4675655 ], [ -73.5480713, 45.4675413 ], [ -73.548166, 45.4675187 ], [ -73.5482769, 45.4674918 ], [ -73.5484087, 45.4674572 ], [ -73.5485164, 45.467426 ], [ -73.5486169, 45.4673936 ], [ -73.548694, 45.4673629 ], [ -73.548768, 45.467331 ], [ -73.5488461, 45.4672935 ], [ -73.5489249, 45.4672523 ], [ -73.5489805, 45.4672198 ], [ -73.5491989, 45.4670467 ] ] } },
{ "type": "Feature", "properties": { "u": 8636630930, "v": 615106806, "key": 0, "highway": "tertiary", "length_km": 0.08249902511495813, "h_neige": 19.1, "is_crit_security_social": true, "is_crit_economique": true, "quartier": "verdun", "scenario_1": true, "scenario_2": true, "scenario_3": true }, "geometry": { "type": "LineString", "coordinates": [ [ -73.5437112, 45.4678391 ], [ -73.5436332, 45.467832 ], [ -73.5435026, 45.46782 ], [ -73.5433939, 45.4678111 ], [ -73.5433412, 45.467808 ], [ -73.5432886, 45.4678049 ], [ -73.5432153, 45.4678023 ], [ -73.5431499, 45.467801 ], [ -73.5430848, 45.4678011 ], [ -73.543008, 45.4678028 ], [ -73.5429019, 45.4678087 ], [ -73.5427936, 45.4678177 ], [ -73.5427344, 45.4678226 ], [ -73.542659, 45.467832 ] ] } },
{ "type": "Feature", "properties": { "u": 8994248162, "v": 248494853, "key": 0, "highway": "tertiary", "length_km": 0.34514781696035113, "h_neige": 3.95, "is_crit_security_social": true, "is_crit_economique": true, "quartier": "verdun", "scenario_1": true, "scenario_2": true, "scenario_3": true }, "geometry": { "type": "LineString", "coordinates": [ [ -73.5381765, 45.4711439 ], [ -73.5381294, 45.4710878 ], [ -73.5381044, 45.4710647 ], [ -73.5380769, 45.4710281 ], [ -73.5380133, 45.4709911 ], [ -73.5379637, 45.4709672 ], [ -73.5379008, 45.4709397 ], [ -73.5378391, 45.470913 ], [ -73.5377794, 45.4708917 ], [ -73.5377091, 45.4708713 ], [ -73.5376236, 45.4708512 ], [ -73.5375456, 45.4708366 ], [ -73.5374717, 45.4708257 ], [ -73.5373941, 45.4708181 ], [ -73.537308, 45.4708148 ], [ -73.5372374, 45.4708155 ], [ -73.5371316, 45.4708195 ], [ -73.5370336, 45.4708254 ], [ -73.5369592, 45.4708321 ], [ -73.5368988, 45.4708371 ], [ -73.5368111, 45.4708428 ], [ -73.5367423, 45.4708455 ], [ -73.5366787, 45.4708461 ], [ -73.5366165, 45.4708445 ], [ -73.5365415, 45.4708409 ], [ -73.5364383, 45.4708321 ], [ -73.5363481, 45.4708216 ], [ -73.5362674, 45.4708093 ], [ -73.5361728, 45.4707901 ], [ -73.5360853, 45.4707708 ], [ -73.5360013, 45.4707482 ], [ -73.5359377, 45.4707293 ], [ -73.5358695, 45.4707071 ], [ -73.5357941, 45.4706773 ], [ -73.5357436, 45.4706555 ], [ -73.5356943, 45.4706329 ], [ -73.5356221, 45.4705966 ], [ -73.5355278, 45.4705412 ], [ -73.5354443, 45.4704878 ], [ -73.5353733, 45.4704374 ], [ -73.5353148, 45.4703902 ], [ -73.5352284, 45.4703087 ], [ -73.5351773, 45.4702596 ], [ -73.5351362, 45.4702126 ], [ -73.5350974, 45.4701673 ], [ -73.5350535, 45.470107 ], [ -73.5350164, 45.4700445 ], [ -73.5349876, 45.4699818 ], [ -73.5349594, 45.4699124 ], [ -73.5349452, 45.4698706 ], [ -73.5349332, 45.4698274 ], [ -73.5349163, 45.4697474 ], [ -73.5349126, 45.4697274 ], [ -73.5349056, 45.4696896 ], [ -73.534898, 45.4696192 ] ] } },
{ "type": "Feature", "properties": { "u": 8994248162, "v": 3468270390, "key": 0, "highway": "tertiary", "length_km": 0.061801044147039644, "h_neige": 12.65, "is_crit_security_social": true, "is_crit_economique": true, "quartier": "verdun", "scenario_1": true, "scenario_2": true, "scenario_3": true }, "geometry": { "type": "LineString", "coordinates": [ [ -73.5381765, 45.4711439 ], [ -73.5382098, 45.4711727 ], [ -73.5382373, 45.4711972 ], [ -73.5382737, 45.4712324 ], [ -73.5382977, 45.4712556 ], [ -73.5383613, 45.4713223 ], [ -73.5384214, 45.4713879 ], [ -73.5384668, 45.4714378 ], [ -73.5385917, 45.4715748 ], [ -73.5386189, 45.4716046 ] ] } },
{ "type": "Feature", "properties": { "u": 9855588212, "v": 321761206, "key": 0, "highway": "tertiary", "length_km": 0.041792742459899501, "h_neige": 4.72, "is_crit_security_social": true, "is_crit_economique": true, "quartier": "verdun", "scenario_1": true, "scenario_2": true, "scenario_3": true }, "geometry": { "type": "LineString", "coordinates": [ [ -73.5491989, 45.4670467 ], [ -73.5489128, 45.4671485 ], [ -73.5488779, 45.4671659 ], [ -73.5488028, 45.4671988 ], [ -73.5487309, 45.4672289 ] ] } },
{ "type": "Feature", "properties": { "u": 9855588212, "v": 248495429, "key": 0, "highway": "tertiary", "length_km": 0.031278993097420264, "h_neige": 5.81, "is_crit_security_social": true, "is_crit_economique": true, "quartier": "verdun", "scenario_1": true, "scenario_2": true, "scenario_3": true }, "geometry": { "type": "LineString", "coordinates": [ [ -73.5491989, 45.4670467 ], [ -73.5492159, 45.4670362 ], [ -73.5492954, 45.466986 ], [ -73.5494961, 45.4668578 ] ] } },
{ "type": "Feature", "properties": { "u": 10866109010, "v": 248494843, "key": 0, "highway": "tertiary", "length_km": 0.016160181523063141, "h_neige": 12.3, "is_crit_security_social": true, "is_crit_economique": true, "quartier": "verdun", "scenario_1": true, "scenario_2": true, "scenario_3": true }, "geometry": { "type": "LineString", "coordinates": [ [ -73.5383695, 45.467271 ], [ -73.538265, 45.4671455 ] ] } },
{ "type": "Feature", "properties": { "u": 10866109010, "v": 207699718, "key": 0, "highway": "tertiary", "length_km": 0.51600741009130235, "h_neige": 10.23, "is_crit_security_social": true, "is_crit_economique": true, "quartier": "verdun", "scenario_1": true, "scenario_2": true, "scenario_3": true }, "geometry": { "type": "LineString", "coordinates": [ [ -73.5383695, 45.467271 ], [ -73.5384372, 45.4672456 ], [ -73.53847, 45.4672369 ], [ -73.5394926, 45.4669787 ], [ -73.5407297, 45.4666653 ], [ -73.5407867, 45.4666522 ], [ -73.5408423, 45.4666373 ], [ -73.540895, 45.4666225 ], [ -73.5409967, 45.4665931 ], [ -73.5410966, 45.4665625 ], [ -73.541187, 45.4665335 ], [ -73.5412856, 45.4665003 ], [ -73.5413933, 45.4664626 ], [ -73.5414891, 45.4664265 ], [ -73.5415931, 45.4663868 ], [ -73.5416993, 45.466345 ], [ -73.5417966, 45.4663064 ], [ -73.5418964, 45.4662644 ], [ -73.5419741, 45.4662338 ], [ -73.5420596, 45.4662027 ], [ -73.5420931, 45.4661913 ], [ -73.5421271, 45.4661799 ], [ -73.5422387, 45.4661443 ], [ -73.5423315, 45.4661177 ], [ -73.5424043, 45.4660974 ], [ -73.5424628, 45.4660824 ], [ -73.5425303, 45.4660664 ], [ -73.5426355, 45.4660417 ], [ -73.542749, 45.4660167 ], [ -73.5428744, 45.4659904 ], [ -73.5430594, 45.4659551 ], [ -73.5431557, 45.4659408 ], [ -73.5432778, 45.4659237 ], [ -73.5433879, 45.4659112 ], [ -73.5434991, 45.4659007 ], [ -73.5435948, 45.4658928 ], [ -73.5438467, 45.4658779 ], [ -73.5440099, 45.4658695 ], [ -73.5441451, 45.4658611 ], [ -73.5442554, 45.4658525 ], [ -73.5443539, 45.4658434 ], [ -73.5443959, 45.4658448 ], [ -73.5444254, 45.465848 ], [ -73.5444571, 45.4658531 ], [ -73.5445965, 45.4658775 ] ] } },
{ "type": "Feature", "properties": { "u": 224886238, "v": 596644170, "key": 0, "highway": "primary", "length_km": 0.27708811196412875, "h_neige": 4.98, "is_crit_security_social": true, "is_crit_economique": true, "quartier": "anjou", "scenario_1": true, "scenario_2": true, "scenario_3": true }, "geometry": { "type": "LineString", "coordinates": [ [ -73.5841234, 45.6234968 ], [ -73.5830441, 45.6242231 ], [ -73.5823084, 45.6247294 ], [ -73.5821955, 45.6248108 ], [ -73.581694, 45.6251723 ], [ -73.5816652, 45.6251895 ], [ -73.5815792, 45.6252407 ] ] } },
{ "type": "Feature", "properties": { "u": 224911443, "v": 596643866, "key": 0, "highway": "primary", "length_km": 0.19031232691323208, "h_neige": 17.28, "is_crit_security_social": true, "is_crit_economique": true, "quartier": "anjou", "scenario_1": true, "scenario_2": true, "scenario_3": true }, "geometry": { "type": "LineString", "coordinates": [ [ -73.5938325, 45.6168539 ], [ -73.593711, 45.6169361 ], [ -73.593663, 45.6169657 ], [ -73.5924249, 45.6178168 ], [ -73.5922094, 45.617965 ], [ -73.5920757, 45.6180448 ] ] } },
{ "type": "Feature", "properties": { "u": 224911467, "v": 658951437, "key": 0, "highway": "primary", "length_km": 0.024701304080236356, "h_neige": 7.03, "is_crit_security_social": true, "is_crit_economique": true, "quartier": "anjou", "scenario_1": true, "scenario_2": true, "scenario_3": true }, "geometry": { "type": "LineString", "coordinates": [ [ -73.598997, 45.6137722 ], [ -73.5989139, 45.6138074 ], [ -73.5987325, 45.613895 ] ] } },
{ "type": "Feature", "properties": { "u": 224957054, "v": 596643010, "key": 0, "highway": "secondary", "length_km": 0.11102630029225952, "h_neige": 17.53, "is_crit_security_social": true, "is_crit_economique": true, "quartier": "anjou", "scenario_1": true, "scenario_2": true, "scenario_3": true }, "geometry": { "type": "LineString", "coordinates": [ [ -73.5814371, 45.6107224 ], [ -73.5813272, 45.6106875 ], [ -73.5809256, 45.6105582 ], [ -73.5805482, 45.6104387 ], [ -73.5801402, 45.6103054 ] ] } },
{ "type": "Feature", "properties": { "u": 246653206, "v": 596687756, "key": 0, "highway": "secondary", "length_km": 0.33067564513310593, "h_neige": 15.81, "is_crit_security_social": true, "is_crit_economique": true, "quartier": "anjou", "scenario_1": true, "scenario_2": true, "scenario_3": true }, "geometry": { "type": "LineString", "coordinates": [ [ -73.553218, 45.5987233 ], [ -73.552923, 45.5985914 ], [ -73.552702, 45.5984926 ], [ -73.5522798, 45.5982993 ], [ -73.5520997, 45.5982189 ], [ -73.5517929, 45.598082 ], [ -73.5513283, 45.5978746 ], [ -73.5510901, 45.5977683 ], [ -73.5508737, 45.5976717 ], [ -73.5506426, 45.5975686 ], [ -73.5504764, 45.5974944 ], [ -73.5503141, 45.5974232 ], [ -73.5500795, 45.5973202 ], [ -73.5499011, 45.5972419 ], [ -73.5497502, 45.5971756 ], [ -73.5497159, 45.5971607 ], [ -73.5496628, 45.5971375 ], [ -73.5496339, 45.597125 ] ] } },
{ "type": "Feature", "properties": { "u": 246653210, "v": 246653206, "key": 0, "highway": "secondary", "length_km": 0.014810481690040855, "h_neige": 3.72, "is_crit_security_social": true, "is_crit_economique": true, "quartier": "anjou", "scenario_1": true, "scenario_2": true, "scenario_3": true }, "geometry": { "type": "LineString", "coordinates": [ [ -73.5533796, 45.5987937 ], [ -73.553218, 45.5987233 ] ] } },
{ "type": "Feature", "properties": { "u": 246653338, "v": 8883545460, "key": 0, "highway": "secondary", "length_km": 0.049653513922737424, "h_neige": 9.29, "is_crit_security_social": true, "is_crit_economique": true, "quartier": "anjou", "scenario_1": true, "scenario_2": true, "scenario_3": true }, "geometry": { "type": "LineString", "coordinates": [ [ -73.5702479, 45.5975259 ], [ -73.5703013, 45.5974663 ], [ -73.5703163, 45.5974494 ], [ -73.5705262, 45.5972122 ], [ -73.570584, 45.5971463 ] ] } },
{ "type": "Feature", "properties": { "u": 246653338, "v": 8928725042, "key": 0, "highway": "secondary", "length_km": 0.14261741675890721, "h_neige": 14.24, "is_crit_security_social": true, "is_crit_economique": true, "quartier": "anjou", "scenario_1": true, "scenario_2": true, "scenario_3": true }, "geometry": { "type": "LineString", "coordinates": [ [ -73.5702479, 45.5975259 ], [ -73.5701928, 45.5975914 ], [ -73.5701718, 45.5976164 ], [ -73.5701004, 45.5977001 ], [ -73.5700535, 45.5977537 ], [ -73.5699791, 45.5978389 ], [ -73.5697825, 45.5980609 ], [ -73.5695933, 45.5982816 ], [ -73.5695544, 45.5983265 ], [ -73.569526, 45.5983574 ], [ -73.5693987, 45.5985002 ], [ -73.5693525, 45.5985548 ], [ -73.5692957, 45.5986218 ] ] } },
{ "type": "Feature", "properties": { "u": 246653340, "v": 3212402316, "key": 0, "highway": "secondary", "length_km": 0.011066936102172825, "h_neige": 1.37, "is_crit_security_social": true, "is_crit_economique": true, "quartier": "anjou", "scenario_1": true, "scenario_2": true, "scenario_3": true }, "geometry": { "type": "LineString", "coordinates": [ [ -73.5689474, 45.5992256 ], [ -73.569017, 45.5991388 ] ] } },
{ "type": "Feature", "properties": { "u": 246653440, "v": 8883449829, "key": 0, "highway": "secondary", "length_km": 0.21178698248252553, "h_neige": 11.1, "is_crit_security_social": true, "is_crit_economique": true, "quartier": "anjou", "scenario_1": true, "scenario_2": true, "scenario_3": true }, "geometry": { "type": "LineString", "coordinates": [ [ -73.5569108, 45.6003632 ], [ -73.556021, 45.5999724 ], [ -73.5551069, 45.599571 ], [ -73.5550595, 45.5995497 ], [ -73.5546089, 45.5993465 ] ] } },
{ "type": "Feature", "properties": { "u": 246653442, "v": 246653438, "key": 0, "highway": "secondary", "length_km": 0.20639781293789036, "h_neige": 9.71, "is_crit_security_social": true, "is_crit_economique": true, "quartier": "anjou", "scenario_1": true, "scenario_2": true, "scenario_3": true }, "geometry": { "type": "LineString", "coordinates": [ [ -73.5495214, 45.5970758 ], [ -73.5494913, 45.5970628 ], [ -73.549449, 45.5970445 ], [ -73.5492846, 45.5969751 ], [ -73.5490209, 45.5968637 ], [ -73.5487179, 45.5967356 ], [ -73.5485904, 45.596682 ], [ -73.54849, 45.5966396 ], [ -73.5484516, 45.5966231 ], [ -73.5482545, 45.5965408 ], [ -73.5480219, 45.5964388 ], [ -73.5477612, 45.5963289 ], [ -73.5476924, 45.5962995 ], [ -73.5472536, 45.5961128 ] ] } },
{ "type": "Feature", "properties": { "u": 246658052, "v": 596687378, "key": 0, "highway": "secondary", "length_km": 0.06875762666299455, "h_neige": 2.7, "is_crit_security_social": true, "is_crit_economique": true, "quartier": "anjou", "scenario_1": true, "scenario_2": true, "scenario_3": true }, "geometry": { "type": "LineString", "coordinates": [ [ -73.5698807, 45.600405 ], [ -73.5696698, 45.6004618 ], [ -73.5696324, 45.6004622 ], [ -73.5695821, 45.6004578 ], [ -73.569545, 45.6004495 ], [ -73.5695023, 45.6004366 ], [ -73.5694533, 45.6004169 ], [ -73.5694066, 45.6003949 ], [ -73.5693598, 45.6003694 ], [ -73.5692427, 45.6002955 ], [ -73.5691286, 45.6002227 ] ] } },
{ "type": "Feature", "properties": { "u": 246658052, "v": 639341773, "key": 0, "highway": "secondary", "length_km": 0.064965298284918566, "h_neige": 7.33, "is_crit_security_social": true, "is_crit_economique": true, "quartier": "anjou", "scenario_1": true, "scenario_2": true, "scenario_3": true }, "geometry": { "type": "LineString", "coordinates": [ [ -73.5698807, 45.600405 ], [ -73.569786, 45.6005367 ], [ -73.5695631, 45.600786 ], [ -73.569431, 45.6008948 ] ] } },
{ "type": "Feature", "properties": { "u": 246659352, "v": 246713701, "key": 0, "highway": "residential", "length_km": 0.54613132652591256, "h_neige": 0.66, "is_crit_security_social": true, "is_crit_economique": false, "quartier": "anjou", "scenario_1": true, "scenario_2": false, "scenario_3": true }, "geometry": { "type": "LineString", "coordinates": [ [ -73.5886029, 45.6054077 ], [ -73.588736, 45.6054693 ], [ -73.5889417, 45.6055631 ], [ -73.5889786, 45.6055794 ], [ -73.5889893, 45.6055841 ], [ -73.5890457, 45.6056002 ], [ -73.5891201, 45.605609 ], [ -73.5891935, 45.6056044 ], [ -73.5892528, 45.6055992 ], [ -73.5892726, 45.6056012 ], [ -73.5893152, 45.6056054 ], [ -73.5893903, 45.6056235 ], [ -73.589462, 45.6056483 ], [ -73.5899163, 45.6058489 ], [ -73.5902796, 45.6060094 ], [ -73.5920292, 45.6067821 ], [ -73.59252, 45.6070092 ], [ -73.592621, 45.6070646 ], [ -73.5927089, 45.607127 ], [ -73.5928881, 45.6072531 ], [ -73.5930099, 45.6073212 ], [ -73.5931464, 45.6073859 ], [ -73.5933777, 45.6074745 ], [ -73.5935909, 45.6075342 ], [ -73.5937127, 45.6075628 ], [ -73.5938336, 45.6075979 ], [ -73.5939387, 45.6076346 ], [ -73.5940321, 45.6076795 ], [ -73.5941103, 45.6077247 ], [ -73.5941823, 45.607779 ], [ -73.5942887, 45.6078645 ], [ -73.5944154, 45.6080242 ] ] } },
{ "type": "Feature", "properties": { "u": 246659352, "v": 596687296, "key": 0, "highway": "tertiary", "length_km": 0.21228528708512637, "h_neige": 0.96, "is_crit_security_social": true, "is_crit_economique": true, "quartier": "anjou", "scenario_1": true, "scenario_2": true, "scenario_3": true }, "geometry": { "type": "LineString", "coordinates": [ [ -73.5886029, 45.6054077 ], [ -73.5884756, 45.6055067 ], [ -73.5882913, 45.6056306 ], [ -73.588123, 45.6057388 ], [ -73.5880859, 45.6057607 ], [ -73.5877725, 45.605944 ], [ -73.5877533, 45.6059564 ], [ -73.5875672, 45.6060658 ], [ -73.5875193, 45.606094 ], [ -73.5874612, 45.606128 ], [ -73.5869736, 45.6064136 ], [ -73.586666, 45.6065937 ], [ -73.5866252, 45.6066177 ], [ -73.5865458, 45.6066596 ] ] } },
{ "type": "Feature", "properties": { "u": 246660899, "v": 12596350195, "key": 0, "highway": "secondary", "length_km": 0.22096406701017057, "h_neige": 10.46, "is_crit_security_social": true, "is_crit_economique": true, "quartier": "anjou", "scenario_1": true, "scenario_2": true, "scenario_3": true }, "geometry": { "type": "LineString", "coordinates": [ [ -73.5704602, 45.6006079 ], [ -73.5705695, 45.6004642 ], [ -73.570661, 45.6003437 ], [ -73.570737, 45.6002492 ], [ -73.5708118, 45.6001645 ], [ -73.570926, 45.6000326 ], [ -73.5710294, 45.5999127 ], [ -73.5710517, 45.5998869 ], [ -73.5711484, 45.599777 ], [ -73.571469, 45.599408 ], [ -73.5715344, 45.5993328 ], [ -73.571831, 45.5989869 ], [ -73.5719082, 45.5988989 ] ] } },
{ "type": "Feature", "properties": { "u": 246660901, "v": 246660899, "key": 0, "highway": "secondary", "length_km": 0.24467203457081002, "h_neige": 17.87, "is_crit_security_social": true, "is_crit_economique": true, "quartier": "anjou", "scenario_1": true, "scenario_2": true, "scenario_3": true }, "geometry": { "type": "LineString", "coordinates": [ [ -73.569029, 45.6025601 ], [ -73.5690592, 45.602496 ], [ -73.5690963, 45.6024161 ], [ -73.5691376, 45.6023321 ], [ -73.569174, 45.6022643 ], [ -73.5692139, 45.6021907 ], [ -73.569266, 45.6021023 ], [ -73.5693322, 45.6019993 ], [ -73.5693955, 45.6019088 ], [ -73.5694565, 45.6018231 ], [ -73.5695275, 45.6017312 ], [ -73.5696091, 45.6016257 ], [ -73.5696883, 45.6015313 ], [ -73.5697709, 45.6014322 ], [ -73.5698789, 45.6013093 ], [ -73.5700459, 45.6011163 ], [ -73.5701516, 45.6009941 ], [ -73.5702561, 45.6008709 ], [ -73.5703482, 45.6007541 ], [ -73.5704121, 45.6006722 ], [ -73.5704602, 45.6006079 ] ] } },
{ "type": "Feature", "properties": { "u": 246713686, "v": 5051434320, "key": 0, "highway": "residential", "length_km": 0.098359118343291752, "h_neige": 3.48, "is_crit_security_social": true, "is_crit_economique": false, "quartier": "anjou", "scenario_1": true, "scenario_2": false, "scenario_3": true }, "geometry": { "type": "LineString", "coordinates": [ [ -73.5892074, 45.6078695 ], [ -73.5894335, 45.6076069 ], [ -73.589477, 45.6075749 ], [ -73.5895174, 45.6075561 ], [ -73.5895565, 45.6075399 ], [ -73.5895842, 45.607526 ], [ -73.5896117, 45.6075021 ], [ -73.5896841, 45.6074095 ], [ -73.5896951, 45.6073756 ], [ -73.5896932, 45.6073514 ], [ -73.5896796, 45.6072747 ], [ -73.5896176, 45.6072058 ], [ -73.5895478, 45.6071298 ] ] } },
{ "type": "Feature", "properties": { "u": 246713701, "v": 246659352, "key": 0, "highway": "residential", "length_km": 0.54613132652591256, "h_neige": 3.64, "is_crit_security_social": true, "is_crit_economique": false, "quartier": "anjou", "scenario_1": true, "scenario_2": false, "scenario_3": true }, "geometry": { "type": "LineString", "coordinates": [ [ -73.5944154, 45.6080242 ], [ -73.5942887, 45.6078645 ], [ -73.5941823, 45.607779 ], [ -73.5941103, 45.6077247 ], [ -73.5940321, 45.6076795 ], [ -73.5939387, 45.6076346 ], [ -73.5938336, 45.6075979 ], [ -73.5937127, 45.6075628 ], [ -73.5935909, 45.6075342 ], [ -73.5933777, 45.6074745 ], [ -73.5931464, 45.6073859 ], [ -73.5930099, 45.6073212 ], [ -73.5928881, 45.6072531 ], [ -73.5927089, 45.607127 ], [ -73.592621, 45.6070646 ], [ -73.59252, 45.6070092 ], [ -73.5920292, 45.6067821 ], [ -73.5902796, 45.6060094 ], [ -73.5899163, 45.6058489 ], [ -73.589462, 45.6056483 ], [ -73.5893903, 45.6056235 ], [ -73.5893152, 45.6056054 ], [ -73.5892726, 45.6056012 ], [ -73.5892528, 45.6055992 ], [ -73.5891935, 45.6056044 ], [ -73.5891201, 45.605609 ], [ -73.5890457, 45.6056002 ], [ -73.5889893, 45.6055841 ], [ -73.5889786, 45.6055794 ], [ -73.5889417, 45.6055631 ], [ -73.588736, 45.6054693 ], [ -73.5886029, 45.6054077 ] ] } },
{ "type": "Feature", "properties": { "u": 246713925, "v": 224957054, "key": 0, "highway": "secondary", "length_km": 0.013500273925710493, "h_neige": 16.9, "is_crit_security_social": true, "is_crit_economique": true, "quartier": "anjou", "scenario_1": true, "scenario_2": true, "scenario_3": true }, "geometry": { "type": "LineString", "coordinates": [ [ -73.5815938, 45.6107746 ], [ -73.5814371, 45.6107224 ] ] } },
{ "type": "Feature", "properties": { "u": 246713926, "v": 246713929, "key": 0, "highway": "secondary", "length_km": 0.013834034199207023, "h_neige": 4.87, "is_crit_security_social": true, "is_crit_economique": true, "quartier": "anjou", "scenario_1": true, "scenario_2": true, "scenario_3": true }, "geometry": { "type": "LineString", "coordinates": [ [ -73.5809465, 45.6112814 ], [ -73.5811084, 45.6113329 ] ] } },
{ "type": "Feature", "properties": { "u": 246713929, "v": 596642992, "key": 0, "highway": "secondary", "length_km": 0.11276178820786606, "h_neige": 8.32, "is_crit_security_social": true, "is_crit_economique": true, "quartier": "anjou", "scenario_1": true, "scenario_2": true, "scenario_3": true }, "geometry": { "type": "LineString", "coordinates": [ [ -73.5811084, 45.6113329 ], [ -73.5812486, 45.6113772 ], [ -73.5812789, 45.6113867 ], [ -73.5816495, 45.6115071 ], [ -73.5821423, 45.6116672 ], [ -73.5824241, 45.6117587 ] ] } },
{ "type": "Feature", "properties": { "u": 246713984, "v": 3803517638, "key": 0, "highway": "tertiary", "length_km": 0.30563559145672031, "h_neige": 2.16, "is_crit_security_social": true, "is_crit_economique": true, "quartier": "anjou", "scenario_1": true, "scenario_2": true, "scenario_3": true }, "geometry": { "type": "LineString", "coordinates": [ [ -73.5834631, 45.6085509 ], [ -73.5835688, 45.6084568 ], [ -73.5837201, 45.6083293 ], [ -73.583812, 45.6082566 ], [ -73.583915, 45.6081867 ], [ -73.5844171, 45.6078916 ], [ -73.5845458, 45.6078228 ], [ -73.5846612, 45.6077536 ], [ -73.5847808, 45.6076818 ], [ -73.584885, 45.6076196 ], [ -73.5852643, 45.6073999 ], [ -73.5855782, 45.607218 ], [ -73.5862803, 45.6068111 ], [ -73.5863127, 45.606795 ], [ -73.5864065, 45.6067393 ] ] } },
{ "type": "Feature", "properties": { "u": 246713985, "v": 9201323748, "key": 0, "highway": "residential", "length_km": 0.014749211780318012, "h_neige": 18.21, "is_crit_security_social": true, "is_crit_economique": false, "quartier": "anjou", "scenario_1": true, "scenario_2": false, "scenario_3": true }, "geometry": { "type": "LineString", "coordinates": [ [ -73.5841147, 45.6057647 ], [ -73.5842156, 45.6056524 ] ] } },
{ "type": "Feature", "properties": { "u": 246713985, "v": 2887201480, "key": 0, "highway": "residential", "length_km": 0.1086045278397624, "h_neige": 17.67, "is_crit_security_social": true, "is_crit_economique": false, "quartier": "anjou", "scenario_1": true, "scenario_2": false, "scenario_3": true }, "geometry": { "type": "LineString", "coordinates": [ [ -73.5841147, 45.6057647 ], [ -73.5840677, 45.605817 ], [ -73.5840499, 45.6058368 ], [ -73.5833717, 45.6065916 ] ] } },
{ "type": "Feature", "properties": { "u": 246713985, "v": 4305375662, "key": 0, "highway": "tertiary", "length_km": 0.050286903833116077, "h_neige": 0.2, "is_crit_security_social": true, "is_crit_economique": true, "quartier": "anjou", "scenario_1": true, "scenario_2": true, "scenario_3": true }, "geometry": { "type": "LineString", "coordinates": [ [ -73.5841147, 45.6057647 ], [ -73.5842017, 45.6058 ], [ -73.5846653, 45.6060016 ] ] } },
{ "type": "Feature", "properties": { "u": 292453994, "v": 344878552, "key": 0, "highway": "secondary", "length_km": 0.26490477235737575, "h_neige": 17.05, "is_crit_security_social": true, "is_crit_economique": true, "quartier": "anjou", "scenario_1": true, "scenario_2": true, "scenario_3": true }, "geometry": { "type": "LineString", "coordinates": [ [ -73.5497752, 45.6241996 ], [ -73.5498814, 45.6240845 ], [ -73.5500011, 45.6239552 ], [ -73.5501422, 45.6238139 ], [ -73.55027, 45.623687 ], [ -73.5503954, 45.6235643 ], [ -73.5506136, 45.6233478 ], [ -73.551173, 45.6227211 ], [ -73.5513148, 45.622558 ], [ -73.5513734, 45.622491 ], [ -73.5515943, 45.6221883 ] ] } },
{ "type": "Feature", "properties": { "u": 344873773, "v": 344874383, "key": 0, "highway": "secondary", "length_km": 0.41561307331320291, "h_neige": 16.07, "is_crit_security_social": true, "is_crit_economique": true, "quartier": "anjou", "scenario_1": true, "scenario_2": true, "scenario_3": true }, "geometry": { "type": "LineString", "coordinates": [ [ -73.5552019, 45.600248 ], [ -73.5563275, 45.6007371 ], [ -73.5574532, 45.6012304 ], [ -73.5578048, 45.6013859 ], [ -73.5588951, 45.6018584 ], [ -73.5597343, 45.6022265 ] ] } },
{ "type": "Feature", "properties": { "u": 344874320, "v": 596688626, "key": 0, "highway": "secondary", "length_km": 0.68201572090806517, "h_neige": 13.01, "is_crit_security_social": true, "is_crit_economique": true, "quartier": "anjou", "scenario_1": true, "scenario_2": true, "scenario_3": true }, "geometry": { "type": "LineString", "coordinates": [ [ -73.5641707, 45.6058916 ], [ -73.5641973, 45.6060299 ], [ -73.5642089, 45.6061242 ], [ -73.5642139, 45.6062119 ], [ -73.5642164, 45.6062905 ], [ -73.5642124, 45.6063612 ], [ -73.5642061, 45.6064353 ], [ -73.5642031, 45.6064698 ], [ -73.5641887, 45.6065543 ], [ -73.5641702, 45.6066389 ], [ -73.5641389, 45.6067471 ], [ -73.5641126, 45.6068228 ], [ -73.5640799, 45.6068976 ], [ -73.5640268, 45.607012 ], [ -73.5640132, 45.6070358 ], [ -73.5639725, 45.6071069 ], [ -73.5639152, 45.6071989 ], [ -73.5638619, 45.6072709 ], [ -73.5638034, 45.6073445 ], [ -73.5637924, 45.6073584 ], [ -73.5636919, 45.607476 ], [ -73.563566, 45.6076196 ], [ -73.563094, 45.6081601 ], [ -73.5628994, 45.6083829 ], [ -73.5625175, 45.608821 ], [ -73.5624769, 45.6088676 ], [ -73.5623649, 45.6089965 ], [ -73.5622403, 45.609145 ], [ -73.5621311, 45.6092751 ], [ -73.5620428, 45.6093834 ], [ -73.562001, 45.6094361 ], [ -73.561909, 45.6095534 ], [ -73.5617605, 45.6097471 ], [ -73.5616684, 45.6098587 ], [ -73.5615988, 45.6099463 ], [ -73.5614905, 45.6100737 ], [ -73.5614493, 45.6101222 ], [ -73.5613441, 45.6102428 ], [ -73.5610024, 45.6106344 ], [ -73.5608788, 45.610776 ], [ -73.5608035, 45.6108611 ], [ -73.5607031, 45.6109746 ], [ -73.5605462, 45.6111494 ], [ -73.5604745, 45.6112292 ], [ -73.5604006, 45.6113126 ] ] } },
{ "type": "Feature", "properties": { "u": 344874383, "v": 8883654944, "key": 0, "highway": "secondary", "length_km": 0.24324307890602753, "h_neige": 10.11, "is_crit_security_social": true, "is_crit_economique": true, "quartier": "anjou", "scenario_1": true, "scenario_2": true, "scenario_3": true }, "geometry": { "type": "LineString", "coordinates": [ [ -73.5597343, 45.6022265 ], [ -73.5598857, 45.6022901 ], [ -73.560123, 45.6023941 ], [ -73.5601318, 45.602398 ], [ -73.5604724, 45.6025477 ], [ -73.5606427, 45.602624 ], [ -73.5606913, 45.6026474 ], [ -73.5607875, 45.6026936 ], [ -73.5609103, 45.6027523 ], [ -73.5610553, 45.6028273 ], [ -73.5611609, 45.602884 ], [ -73.5611888, 45.602899 ], [ -73.5613387, 45.6029808 ], [ -73.5614512, 45.603048 ], [ -73.5615503, 45.6031088 ], [ -73.5616642, 45.60318 ], [ -73.5617516, 45.6032349 ], [ -73.5618523, 45.6033028 ], [ -73.5619447, 45.603368 ], [ -73.5620289, 45.6034291 ], [ -73.5621034, 45.6034842 ], [ -73.5621447, 45.6035158 ], [ -73.5621989, 45.6035571 ] ] } },
{ "type": "Feature", "properties": { "u": 344874431, "v": 344874849, "key": 0, "highway": "tertiary", "length_km": 0.34243807689803091, "h_neige": 3.73, "is_crit_security_social": true, "is_crit_economique": true, "quartier": "anjou", "scenario_1": true, "scenario_2": true, "scenario_3": true }, "geometry": { "type": "LineString", "coordinates": [ [ -73.5587709, 45.605307 ], [ -73.5586674, 45.6053093 ], [ -73.5562845, 45.6053628 ], [ -73.5543705, 45.6053388 ] ] } },
{ "type": "Feature", "properties": { "u": 344874462, "v": 344874745, "key": 0, "highway": "residential", "length_km": 0.19495537476541197, "h_neige": 12.09, "is_crit_security_social": true, "is_crit_economique": false, "quartier": "anjou", "scenario_1": true, "scenario_2": false, "scenario_3": true }, "geometry": { "type": "LineString", "coordinates": [ [ -73.553883, 45.6025729 ], [ -73.5536975, 45.6032158 ], [ -73.5535296, 45.6043069 ] ] } },
{ "type": "Feature", "properties": { "u": 344874745, "v": 344874747, "key": 0, "highway": "residential", "length_km": 0.11049822011170762, "h_neige": 11.83, "is_crit_security_social": true, "is_crit_economique": false, "quartier": "anjou", "scenario_1": true, "scenario_2": false, "scenario_3": true }, "geometry": { "type": "LineString", "coordinates": [ [ -73.5535296, 45.6043069 ], [ -73.5534077, 45.605187 ], [ -73.5533926, 45.605296 ] ] } },
{ "type": "Feature", "properties": { "u": 344874745, "v": 344874462, "key": 0, "highway": "residential", "length_km": 0.19495537476541197, "h_neige": 12.46, "is_crit_security_social": true, "is_crit_economique": false, "quartier": "anjou", "scenario_1": true, "scenario_2": false, "scenario_3": true }, "geometry": { "type": "LineString", "coordinates": [ [ -73.5535296, 45.6043069 ], [ -73.5536975, 45.6032158 ], [ -73.553883, 45.6025729 ] ] } },
{ "type": "Feature", "properties": { "u": 344874747, "v": 596688756, "key": 0, "highway": "tertiary", "length_km": 0.057673975912517467, "h_neige": 1.42, "is_crit_security_social": true, "is_crit_economique": true, "quartier": "anjou", "scenario_1": true, "scenario_2": true, "scenario_3": true }, "geometry": { "type": "LineString", "coordinates": [ [ -73.5533926, 45.605296 ], [ -73.5526545, 45.6052472 ] ] } },
{ "type": "Feature", "properties": { "u": 344874747, "v": 344874748, "key": 0, "highway": "residential", "length_km": 0.012546529145009245, "h_neige": 15.58, "is_crit_security_social": true, "is_crit_economique": false, "quartier": "anjou", "scenario_1": true, "scenario_2": false, "scenario_3": true }, "geometry": { "type": "LineString", "coordinates": [ [ -73.5533926, 45.605296 ], [ -73.5533661, 45.6054073 ] ] } },
{ "type": "Feature", "properties": { "u": 344874747, "v": 344874745, "key": 0, "highway": "residential", "length_km": 0.11049822011170762, "h_neige": 18.36, "is_crit_security_social": true, "is_crit_economique": false, "quartier": "anjou", "scenario_1": true, "scenario_2": false, "scenario_3": true }, "geometry": { "type": "LineString", "coordinates": [ [ -73.5533926, 45.605296 ], [ -73.5534077, 45.605187 ], [ -73.5535296, 45.6043069 ] ] } },
{ "type": "Feature", "properties": { "u": 344874748, "v": 344874776, "key": 0, "highway": "tertiary", "length_km": 0.078965844361030421, "h_neige": 11.67, "is_crit_security_social": true, "is_crit_economique": true, "quartier": "anjou", "scenario_1": true, "scenario_2": true, "scenario_3": true }, "geometry": { "type": "LineString", "coordinates": [ [ -73.5533661, 45.6054073 ], [ -73.5543791, 45.6054529 ] ] } },
{ "type": "Feature", "properties": { "u": 344874748, "v": 344874747, "key": 0, "highway": "residential", "length_km": 0.012546529145009245, "h_neige": 2.29, "is_crit_security_social": true, "is_crit_economique": false, "quartier": "anjou", "scenario_1": true, "scenario_2": false, "scenario_3": true }, "geometry": { "type": "LineString", "coordinates": [ [ -73.5533661, 45.6054073 ], [ -73.5533926, 45.605296 ] ] } },
{ "type": "Feature", "properties": { "u": 344874748, "v": 344874749, "key": 0, "highway": "residential", "length_km": 0.087300210640433196, "h_neige": 6.63, "is_crit_security_social": true, "is_crit_economique": false, "quartier": "anjou", "scenario_1": true, "scenario_2": false, "scenario_3": true }, "geometry": { "type": "LineString", "coordinates": [ [ -73.5533661, 45.6054073 ], [ -73.5533478, 45.6054895 ], [ -73.5531938, 45.6061831 ] ] } },
{ "type": "Feature", "properties": { "u": 344874749, "v": 596688821, "key": 0, "highway": "residential", "length_km": 0.27621349677940299, "h_neige": 7.0, "is_crit_security_social": true, "is_crit_economique": false, "quartier": "anjou", "scenario_1": true, "scenario_2": false, "scenario_3": true }, "geometry": { "type": "LineString", "coordinates": [ [ -73.5531938, 45.6061831 ], [ -73.5530184, 45.6061687 ], [ -73.5497604, 45.6059055 ], [ -73.5496675, 45.6058935 ] ] } },
{ "type": "Feature", "properties": { "u": 344874749, "v": 344874750, "key": 0, "highway": "residential", "length_km": 0.069820992215866462, "h_neige": 1.15, "is_crit_security_social": true, "is_crit_economique": false, "quartier": "anjou", "scenario_1": true, "scenario_2": false, "scenario_3": true }, "geometry": { "type": "LineString", "coordinates": [ [ -73.5531938, 45.6061831 ], [ -73.5530341, 45.6067253 ], [ -73.5530127, 45.6067981 ] ] } },
{ "type": "Feature", "properties": { "u": 344874749, "v": 344874748, "key": 0, "highway": "residential", "length_km": 0.087300210640433196, "h_neige": 15.36, "is_crit_security_social": true, "is_crit_economique": false, "quartier": "anjou", "scenario_1": true, "scenario_2": false, "scenario_3": true }, "geometry": { "type": "LineString", "coordinates": [ [ -73.5531938, 45.6061831 ], [ -73.5533478, 45.6054895 ], [ -73.5533661, 45.6054073 ] ] } },
{ "type": "Feature", "properties": { "u": 344874750, "v": 344874749, "key": 0, "highway": "residential", "length_km": 0.069820992215866462, "h_neige": 10.54, "is_crit_security_social": true, "is_crit_economique": false, "quartier": "anjou", "scenario_1": true, "scenario_2": false, "scenario_3": true }, "geometry": { "type": "LineString", "coordinates": [ [ -73.5530127, 45.6067981 ], [ -73.5530341, 45.6067253 ], [ -73.5531938, 45.6061831 ] ] } },
{ "type": "Feature", "properties": { "u": 344874776, "v": 622788593, "key": 0, "highway": "residential", "length_km": 0.29499245002810986, "h_neige": 10.86, "is_crit_security_social": true, "is_crit_economique": false, "quartier": "anjou", "scenario_1": true, "scenario_2": false, "scenario_3": true }, "geometry": { "type": "LineString", "coordinates": [ [ -73.5543791, 45.6054529 ], [ -73.5543276, 45.6062575 ], [ -73.5569683, 45.6062791 ] ] } },
{ "type": "Feature", "properties": { "u": 344874776, "v": 344874778, "key": 0, "highway": "tertiary", "length_km": 0.34067791612622222, "h_neige": 12.7, "is_crit_security_social": true, "is_crit_economique": true, "quartier": "anjou", "scenario_1": true, "scenario_2": true, "scenario_3": true }, "geometry": { "type": "LineString", "coordinates": [ [ -73.5543791, 45.6054529 ], [ -73.5563017, 45.6054649 ], [ -73.5585712, 45.605424 ], [ -73.5586479, 45.6054213 ], [ -73.5587574, 45.6054174 ] ] } },
{ "type": "Feature", "properties": { "u": 344874849, "v": 344874776, "key": 0, "highway": "residential", "length_km": 0.012704985305995906, "h_neige": 5.71, "is_crit_security_social": true, "is_crit_economique": false, "quartier": "anjou", "scenario_1": true, "scenario_2": false, "scenario_3": true }, "geometry": { "type": "LineString", "coordinates": [ [ -73.5543705, 45.6053388 ], [ -73.5543791, 45.6054529 ] ] } },
{ "type": "Feature", "properties": { "u": 344874849, "v": 344874747, "key": 0, "highway": "tertiary", "length_km": 0.07622127600868038, "h_neige": 11.28, "is_crit_security_social": true, "is_crit_economique": true, "quartier": "anjou", "scenario_1": true, "scenario_2": true, "scenario_3": true }, "geometry": { "type": "LineString", "coordinates": [ [ -73.5543705, 45.6053388 ], [ -73.5541502, 45.6053292 ], [ -73.5535132, 45.6053013 ], [ -73.5533926, 45.605296 ] ] } },
{ "type": "Feature", "properties": { "u": 344875231, "v": 622793742, "key": 0, "highway": "tertiary", "length_km": 0.090794273549163113, "h_neige": 8.19, "is_crit_security_social": true, "is_crit_economique": true, "quartier": "anjou", "scenario_1": true, "scenario_2": true, "scenario_3": true }, "geometry": { "type": "LineString", "coordinates": [ [ -73.5458044, 45.60621 ], [ -73.5461706, 45.6054347 ] ] } },
{ "type": "Feature", "properties": { "u": 344875264, "v": 4659484168, "key": 0, "highway": "tertiary", "length_km": 0.11475076455760892, "h_neige": 13.73, "is_crit_security_social": true, "is_crit_economique": true, "quartier": "anjou", "scenario_1": true, "scenario_2": true, "scenario_3": true }, "geometry": { "type": "LineString", "coordinates": [ [ -73.5465599, 45.6024325 ], [ -73.546378, 45.6034566 ] ] } },
{ "type": "Feature", "properties": { "u": 344875266, "v": 596688901, "key": 0, "highway": "tertiary", "length_km": 0.015112745779713551, "h_neige": 17.21, "is_crit_security_social": true, "is_crit_economique": true, "quartier": "anjou", "scenario_1": true, "scenario_2": true, "scenario_3": true }, "geometry": { "type": "LineString", "coordinates": [ [ -73.5462764, 45.6045092 ], [ -73.5462516, 45.604644 ] ] } },
{ "type": "Feature", "properties": { "u": 344875266, "v": 596688910, "key": 0, "highway": "residential", "length_km": 0.070215218507948512, "h_neige": 8.6, "is_crit_security_social": true, "is_crit_economique": false, "quartier": "anjou", "scenario_1": true, "scenario_2": false, "scenario_3": true }, "geometry": { "type": "LineString", "coordinates": [ [ -73.5462764, 45.6045092 ], [ -73.5462139, 45.6044988 ], [ -73.5453983, 45.6043631 ] ] } },
{ "type": "Feature", "properties": { "u": 344875268, "v": 622793742, "key": 0, "highway": "residential", "length_km": 0.010647145340402901, "h_neige": 6.69, "is_crit_security_social": true, "is_crit_economique": false, "quartier": "anjou", "scenario_1": true, "scenario_2": false, "scenario_3": true }, "geometry": { "type": "LineString", "coordinates": [ [ -73.5460362, 45.6054166 ], [ -73.5461706, 45.6054347 ] ] } },
{ "type": "Feature", "properties": { "u": 344878150, "v": 4666695373, "key": 0, "highway": "secondary", "length_km": 0.27854330456081744, "h_neige": 1.57, "is_crit_security_social": true, "is_crit_economique": true, "quartier": "anjou", "scenario_1": true, "scenario_2": true, "scenario_3": true }, "geometry": { "type": "LineString", "coordinates": [ [ -73.5691855, 45.6051134 ], [ -73.5689599, 45.6044624 ], [ -73.5689239, 45.6043492 ], [ -73.5688958, 45.6042581 ], [ -73.5688725, 45.6041733 ], [ -73.5688549, 45.6040885 ], [ -73.5688377, 45.6040123 ], [ -73.5688226, 45.6039328 ], [ -73.5688125, 45.6038532 ], [ -73.5688015, 45.603761 ], [ -73.5687981, 45.6036681 ], [ -73.5687988, 45.6035874 ], [ -73.5687998, 45.6035149 ], [ -73.5688039, 45.603448 ], [ -73.5688127, 45.6033684 ], [ -73.5688234, 45.6032809 ], [ -73.5688411, 45.6031849 ], [ -73.5688582, 45.6031039 ], [ -73.5688759, 45.6030231 ], [ -73.5688967, 45.6029435 ], [ -73.5689236, 45.6028546 ], [ -73.568948, 45.6027756 ], [ -73.5689804, 45.6026902 ], [ -73.5689935, 45.6026492 ] ] } },
{ "type": "Feature", "properties": { "u": 344878552, "v": 596644709, "key": 0, "highway": "secondary", "length_km": 0.27691582247842206, "h_neige": 6.96, "is_crit_security_social": true, "is_crit_economique": true, "quartier": "anjou", "scenario_1": true, "scenario_2": true, "scenario_3": true }, "geometry": { "type": "LineString", "coordinates": [ [ -73.5515943, 45.6221883 ], [ -73.5517354, 45.622023 ], [ -73.5518693, 45.6218672 ], [ -73.55206, 45.6216254 ], [ -73.5522569, 45.6213781 ], [ -73.5524222, 45.6211868 ], [ -73.5526562, 45.620921 ], [ -73.553292, 45.6201988 ], [ -73.5534233, 45.6200521 ] ] } },
{ "type": "Feature", "properties": { "u": 344878857, "v": 596688660, "key": 0, "highway": "residential", "length_km": 0.12518775686702932, "h_neige": 7.94, "is_crit_security_social": true, "is_crit_economique": false, "quartier": "anjou", "scenario_1": true, "scenario_2": false, "scenario_3": true }, "geometry": { "type": "LineString", "coordinates": [ [ -73.5596015, 45.6121509 ], [ -73.5595328, 45.6121225 ], [ -73.5594829, 45.6121019 ], [ -73.5593859, 45.6120607 ], [ -73.5583208, 45.6115962 ], [ -73.5582339, 45.6115574 ] ] } },
{ "type": "Feature", "properties": { "u": 344878857, "v": 3214535666, "key": 0, "highway": "secondary", "length_km": 0.10684049332217394, "h_neige": 5.54, "is_crit_security_social": true, "is_crit_economique": true, "quartier": "anjou", "scenario_1": true, "scenario_2": true, "scenario_3": true }, "geometry": { "type": "LineString", "coordinates": [ [ -73.5596015, 45.6121509 ], [ -73.5594175, 45.6123522 ], [ -73.5593513, 45.6124247 ], [ -73.559121, 45.6126835 ], [ -73.5589857, 45.612838 ], [ -73.5588542, 45.6129563 ] ] } },
{ "type": "Feature", "properties": { "u": 344878916, "v": 596644549, "key": 0, "highway": "secondary", "length_km": 0.078899413055803724, "h_neige": 6.85, "is_crit_security_social": true, "is_crit_economique": true, "quartier": "anjou", "scenario_1": true, "scenario_2": true, "scenario_3": true }, "geometry": { "type": "LineString", "coordinates": [ [ -73.5569455, 45.6152535 ], [ -73.5566836, 45.6155182 ], [ -73.5563683, 45.615837 ] ] } },
{ "type": "Feature", "properties": { "u": 499452851, "v": 653993473, "key": 0, "highway": "residential", "length_km": 0.071123182798983942, "h_neige": 9.66, "is_crit_security_social": true, "is_crit_economique": false, "quartier": "anjou", "scenario_1": true, "scenario_2": false, "scenario_3": true }, "geometry": { "type": "LineString", "coordinates": [ [ -73.5500321, 45.6040289 ], [ -73.5509401, 45.6041036 ] ] } },
{ "type": "Feature", "properties": { "u": 499452851, "v": 596688242, "key": 0, "highway": "residential", "length_km": 0.14786579272587647, "h_neige": 1.56, "is_crit_security_social": true, "is_crit_economique": false, "quartier": "anjou", "scenario_1": true, "scenario_2": false, "scenario_3": true }, "geometry": { "type": "LineString", "coordinates": [ [ -73.5500321, 45.6040289 ], [ -73.549714, 45.6041524 ], [ -73.5488733, 45.6040814 ], [ -73.5481974, 45.6039838 ] ] } },
{ "type": "Feature", "properties": { "u": 596642939, "v": 224911467, "key": 0, "highway": "primary", "length_km": 0.010698653609012407, "h_neige": 12.26, "is_crit_security_social": true, "is_crit_economique": true, "quartier": "anjou", "scenario_1": true, "scenario_2": true, "scenario_3": true }, "geometry": { "type": "LineString", "coordinates": [ [ -73.5991118, 45.6137192 ], [ -73.598997, 45.6137722 ] ] } },
{ "type": "Feature", "properties": { "u": 596642960, "v": 596642967, "key": 0, "highway": "secondary", "length_km": 0.15766428419396702, "h_neige": 6.72, "is_crit_security_social": true, "is_crit_economique": true, "quartier": "anjou", "scenario_1": true, "scenario_2": true, "scenario_3": true }, "geometry": { "type": "LineString", "coordinates": [ [ -73.5901891, 45.6135721 ], [ -73.5890108, 45.613188 ], [ -73.5888525, 45.6131364 ], [ -73.5884958, 45.6130201 ], [ -73.5884626, 45.6130099 ], [ -73.5883504, 45.6129753 ] ] } },
{ "type": "Feature", "properties": { "u": 596642963, "v": 8875463943, "key": 0, "highway": "secondary", "length_km": 0.22770665106770271, "h_neige": 19.06, "is_crit_security_social": true, "is_crit_economique": true, "quartier": "anjou", "scenario_1": true, "scenario_2": true, "scenario_3": true }, "geometry": { "type": "LineString", "coordinates": [ [ -73.587957, 45.6135567 ], [ -73.5880636, 45.6135897 ], [ -73.5882338, 45.613645 ], [ -73.5889068, 45.6138636 ], [ -73.5897009, 45.6141265 ], [ -73.5903108, 45.6143208 ], [ -73.5906135, 45.6144172 ] ] } },
{ "type": "Feature", "properties": { "u": 596642967, "v": 8878542047, "key": 0, "highway": "secondary", "length_km": 0.3097833671539913, "h_neige": 7.45, "is_crit_security_social": true, "is_crit_economique": true, "quartier": "anjou", "scenario_1": true, "scenario_2": true, "scenario_3": true }, "geometry": { "type": "LineString", "coordinates": [ [ -73.5883504, 45.6129753 ], [ -73.5882255, 45.6129335 ], [ -73.587308, 45.6126348 ], [ -73.5857573, 45.6121275 ], [ -73.5851944, 45.6119464 ], [ -73.5847394, 45.6118001 ] ] } },
{ "type": "Feature", "properties": { "u": 596642992, "v": 8875463955, "key": 0, "highway": "secondary", "length_km": 0.13113643505815181, "h_neige": 0.21, "is_crit_security_social": true, "is_crit_economique": true, "quartier": "anjou", "scenario_1": true, "scenario_2": true, "scenario_3": true }, "geometry": { "type": "LineString", "coordinates": [ [ -73.5824241, 45.6117587 ], [ -73.5839552, 45.6122524 ] ] } },
{ "type": "Feature", "properties": { "u": 596642995, "v": 246713925, "key": 0, "highway": "secondary", "length_km": 0.11494781812223982, "h_neige": 4.14, "is_crit_security_social": true, "is_crit_economique": true, "quartier": "anjou", "scenario_1": true, "scenario_2": true, "scenario_3": true }, "geometry": { "type": "LineString", "coordinates": [ [ -73.5829331, 45.6112114 ], [ -73.5826519, 45.6111199 ], [ -73.5822738, 45.6110007 ], [ -73.5821403, 45.6109576 ], [ -73.5817939, 45.6108405 ], [ -73.5817494, 45.6108259 ], [ -73.5815938, 45.6107746 ] ] } },
{ "type": "Feature", "properties": { "u": 596643010, "v": 8878372078, "key": 0, "highway": "secondary", "length_km": 0.14101778786965985, "h_neige": 12.28, "is_crit_security_social": true, "is_crit_economique": true, "quartier": "anjou", "scenario_1": true, "scenario_2": true, "scenario_3": true }, "geometry": { "type": "LineString", "coordinates": [ [ -73.5801402, 45.6103054 ], [ -73.5784967, 45.6097701 ] ] } },
{ "type": "Feature", "properties": { "u": 596643018, "v": 246713926, "key": 0, "highway": "secondary", "length_km": 0.11239062399330144, "h_neige": 18.55, "is_crit_security_social": true, "is_crit_economique": true, "quartier": "anjou", "scenario_1": true, "scenario_2": true, "scenario_3": true }, "geometry": { "type": "LineString", "coordinates": [ [ -73.5796389, 45.6108514 ], [ -73.579998, 45.6109688 ], [ -73.5802241, 45.6110438 ], [ -73.5803606, 45.6110876 ], [ -73.5807894, 45.6112305 ], [ -73.580828, 45.6112423 ], [ -73.5809465, 45.6112814 ] ] } },
{ "type": "Feature", "properties": { "u": 596643026, "v": 596643018, "key": 0, "highway": "secondary", "length_km": 0.12768267985540258, "h_neige": 8.09, "is_crit_security_social": true, "is_crit_economique": true, "quartier": "anjou", "scenario_1": true, "scenario_2": true, "scenario_3": true }, "geometry": { "type": "LineString", "coordinates": [ [ -73.5781649, 45.6103465 ], [ -73.5783031, 45.6103948 ], [ -73.578337, 45.6104066 ], [ -73.5785749, 45.6104908 ], [ -73.5788622, 45.6105955 ], [ -73.5790198, 45.6106496 ], [ -73.5792871, 45.6107382 ], [ -73.5796389, 45.6108514 ] ] } },
{ "type": "Feature", "properties": { "u": 596643082, "v": 596643026, "key": 0, "highway": "secondary", "length_km": 0.26528000873270358, "h_neige": 19.66, "is_crit_security_social": true, "is_crit_economique": true, "quartier": "anjou", "scenario_1": true, "scenario_2": true, "scenario_3": true }, "geometry": { "type": "LineString", "coordinates": [ [ -73.5750706, 45.6093455 ], [ -73.5756828, 45.6095616 ], [ -73.5760764, 45.6096938 ], [ -73.5764979, 45.6098327 ], [ -73.5772398, 45.6100739 ], [ -73.5773108, 45.610097 ], [ -73.5777183, 45.6102223 ], [ -73.5781649, 45.6103465 ] ] } },
{ "type": "Feature", "properties": { "u": 596643089, "v": 596643082, "key": 0, "highway": "secondary", "length_km": 0.28287596043153779, "h_neige": 3.61, "is_crit_security_social": true, "is_crit_economique": true, "quartier": "anjou", "scenario_1": true, "scenario_2": true, "scenario_3": true }, "geometry": { "type": "LineString", "coordinates": [ [ -73.5719002, 45.6081011 ], [ -73.5724831, 45.6083521 ], [ -73.5726964, 45.6084398 ], [ -73.5728173, 45.608488 ], [ -73.5733444, 45.6086989 ], [ -73.5737382, 45.6088525 ], [ -73.5741016, 45.6089909 ], [ -73.5743986, 45.6091038 ], [ -73.574713, 45.6092167 ], [ -73.5750706, 45.6093455 ] ] } },
{ "type": "Feature", "properties": { "u": 596643287, "v": 596643289, "key": 0, "highway": "secondary", "length_km": 0.21259422865936242, "h_neige": 16.76, "is_crit_security_social": true, "is_crit_economique": true, "quartier": "anjou", "scenario_1": true, "scenario_2": true, "scenario_3": true }, "geometry": { "type": "LineString", "coordinates": [ [ -73.5625743, 45.6096679 ], [ -73.5627531, 45.6094762 ], [ -73.5633912, 45.6087534 ], [ -73.5637302, 45.608366 ], [ -73.5638064, 45.6082833 ], [ -73.5638851, 45.6082032 ], [ -73.5639641, 45.6081298 ], [ -73.5640442, 45.6080571 ] ] } },
{ "type": "Feature", "properties": { "u": 596643289, "v": 8880694969, "key": 0, "highway": "secondary", "length_km": 0.29619431616744657, "h_neige": 5.52, "is_crit_security_social": true, "is_crit_economique": true, "quartier": "anjou", "scenario_1": true, "scenario_2": true, "scenario_3": true }, "geometry": { "type": "LineString", "coordinates": [ [ -73.5640442, 45.6080571 ], [ -73.5641063, 45.6080047 ], [ -73.5641947, 45.6079315 ], [ -73.5642933, 45.6078563 ], [ -73.5643954, 45.6077818 ], [ -73.564494, 45.6077135 ], [ -73.564612, 45.6076388 ], [ -73.5647131, 45.6075782 ], [ -73.564829, 45.6075119 ], [ -73.5649461, 45.6074503 ], [ -73.5650546, 45.607397 ], [ -73.5651734, 45.607342 ], [ -73.5652848, 45.6072948 ], [ -73.5653082, 45.6072849 ], [ -73.5654339, 45.6072326 ], [ -73.5654766, 45.6072171 ], [ -73.5655607, 45.6071864 ], [ -73.5656773, 45.6071449 ], [ -73.5658031, 45.6071038 ], [ -73.5659278, 45.607065 ], [ -73.5660419, 45.6070342 ], [ -73.566156, 45.607005 ], [ -73.5662702, 45.6069784 ], [ -73.566394, 45.6069512 ], [ -73.5665378, 45.606925 ], [ -73.5666669, 45.6069026 ], [ -73.5667828, 45.6068842 ], [ -73.5669166, 45.6068638 ], [ -73.5669893, 45.6068527 ], [ -73.5671767, 45.6068228 ], [ -73.5673003, 45.606803 ] ] } },
{ "type": "Feature", "properties": { "u": 596643297, "v": 596643304, "key": 0, "highway": "residential", "length_km": 0.2544687426206389, "h_neige": 4.83, "is_crit_security_social": true, "is_crit_economique": false, "quartier": "anjou", "scenario_1": true, "scenario_2": false, "scenario_3": true }, "geometry": { "type": "LineString", "coordinates": [ [ -73.5603219, 45.6121908 ], [ -73.5604005, 45.6122242 ], [ -73.5604256, 45.6122349 ], [ -73.5608886, 45.6124337 ], [ -73.5631101, 45.613388 ] ] } },
{ "type": "Feature", "properties": { "u": 596643297, "v": 596643299, "key": 0, "highway": "secondary", "length_km": 0.14708394419959314, "h_neige": 10.94, "is_crit_security_social": true, "is_crit_economique": true, "quartier": "anjou", "scenario_1": true, "scenario_2": true, "scenario_3": true }, "geometry": { "type": "LineString", "coordinates": [ [ -73.5603219, 45.6121908 ], [ -73.560613, 45.6118579 ], [ -73.5613086, 45.6110624 ] ] } },
{ "type": "Feature", "properties": { "u": 596643299, "v": 596643287, "key": 0, "highway": "secondary", "length_km": 0.18371065695619787, "h_neige": 15.73, "is_crit_security_social": true, "is_crit_economique": true, "quartier": "anjou", "scenario_1": true, "scenario_2": true, "scenario_3": true }, "geometry": { "type": "LineString", "coordinates": [ [ -73.5613086, 45.6110624 ], [ -73.5618316, 45.6104628 ], [ -73.5619838, 45.6102898 ], [ -73.5621264, 45.6101354 ], [ -73.5622791, 45.6099768 ], [ -73.5624287, 45.6098202 ], [ -73.5625743, 45.6096679 ] ] } },
{ "type": "Feature", "properties": { "u": 596643304, "v": 596643297, "key": 0, "highway": "residential", "length_km": 0.25446874262063895, "h_neige": 9.91, "is_crit_security_social": true, "is_crit_economique": false, "quartier": "anjou", "scenario_1": true, "scenario_2": false, "scenario_3": true }, "geometry": { "type": "LineString", "coordinates": [ [ -73.5631101, 45.613388 ], [ -73.5608886, 45.6124337 ], [ -73.5604256, 45.6122349 ], [ -73.5604005, 45.6122242 ], [ -73.5603219, 45.6121908 ] ] } },
{ "type": "Feature", "properties": { "u": 596643337, "v": 344878916, "key": 0, "highway": "secondary", "length_km": 0.068736089028855363, "h_neige": 9.45, "is_crit_security_social": true, "is_crit_economique": true, "quartier": "anjou", "scenario_1": true, "scenario_2": true, "scenario_3": true }, "geometry": { "type": "LineString", "coordinates": [ [ -73.5574125, 45.6147287 ], [ -73.5572882, 45.6148683 ], [ -73.5571395, 45.6150355 ], [ -73.5569455, 45.6152535 ] ] } },
{ "type": "Feature", "properties": { "u": 596643346, "v": 596643347, "key": 0, "highway": "residential", "length_km": 0.05878526647883299, "h_neige": 12.96, "is_crit_security_social": true, "is_crit_economique": false, "quartier": "anjou", "scenario_1": true, "scenario_2": false, "scenario_3": true }, "geometry": { "type": "LineString", "coordinates": [ [ -73.5544662, 45.6134358 ], [ -73.5548014, 45.6130277 ], [ -73.5548427, 45.6129774 ] ] } },
{ "type": "Feature", "properties": { "u": 596643347, "v": 596643346, "key": 0, "highway": "residential", "length_km": 0.05878526647883299, "h_neige": 14.07, "is_crit_security_social": true, "is_crit_economique": false, "quartier": "anjou", "scenario_1": true, "scenario_2": false, "scenario_3": true }, "geometry": { "type": "LineString", "coordinates": [ [ -73.5548427, 45.6129774 ], [ -73.5548014, 45.6130277 ], [ -73.5544662, 45.6134358 ] ] } },
{ "type": "Feature", "properties": { "u": 596643347, "v": 1957011776, "key": 0, "highway": "residential", "length_km": 0.069157564453609793, "h_neige": 18.83, "is_crit_security_social": true, "is_crit_economique": false, "quartier": "anjou", "scenario_1": true, "scenario_2": false, "scenario_3": true }, "geometry": { "type": "LineString", "coordinates": [ [ -73.5548427, 45.6129774 ], [ -73.5548822, 45.6129316 ], [ -73.5551078, 45.6126742 ], [ -73.5552335, 45.612535 ], [ -73.555249, 45.6125061 ], [ -73.5552541, 45.6124771 ], [ -73.5552613, 45.6124356 ] ] } },
{ "type": "Feature", "properties": { "u": 596643347, "v": 596688743, "key": 0, "highway": "residential", "length_km": 0.19412873932848757, "h_neige": 6.06, "is_crit_security_social": true, "is_crit_economique": false, "quartier": "anjou", "scenario_1": true, "scenario_2": false, "scenario_3": true }, "geometry": { "type": "LineString", "coordinates": [ [ -73.5548427, 45.6129774 ], [ -73.5549375, 45.6130192 ], [ -73.555876, 45.6134288 ], [ -73.556237, 45.6135848 ], [ -73.5564508, 45.6136846 ], [ -73.556757, 45.6138213 ], [ -73.5567797, 45.6138311 ], [ -73.5569549, 45.6139073 ] ] } },
{ "type": "Feature", "properties": { "u": 596643364, "v": 596643347, "key": 0, "highway": "residential", "length_km": 0.32368700204922235, "h_neige": 18.74, "is_crit_security_social": true, "is_crit_economique": false, "quartier": "anjou", "scenario_1": true, "scenario_2": false, "scenario_3": true }, "geometry": { "type": "LineString", "coordinates": [ [ -73.5513103, 45.6114385 ], [ -73.5547139, 45.6129213 ], [ -73.5547521, 45.612938 ], [ -73.5548427, 45.6129774 ] ] } },
{ "type": "Feature", "properties": { "u": 596643866, "v": 596643894, "key": 0, "highway": "primary", "length_km": 0.2137462946442158, "h_neige": 11.36, "is_crit_security_social": true, "is_crit_economique": true, "quartier": "anjou", "scenario_1": true, "scenario_2": true, "scenario_3": true }, "geometry": { "type": "LineString", "coordinates": [ [ -73.5920757, 45.6180448 ], [ -73.5918153, 45.6182291 ], [ -73.5912249, 45.618634 ], [ -73.5906968, 45.6189978 ], [ -73.5901166, 45.6193929 ] ] } },
{ "type": "Feature", "properties": { "u": 596643894, "v": 596643906, "key": 0, "highway": "primary", "length_km": 0.20559956407655638, "h_neige": 17.34, "is_crit_security_social": true, "is_crit_economique": true, "quartier": "anjou", "scenario_1": true, "scenario_2": true, "scenario_3": true }, "geometry": { "type": "LineString", "coordinates": [ [ -73.5901166, 45.6193929 ], [ -73.589349, 45.619917 ], [ -73.5885644, 45.6204496 ], [ -73.5883374, 45.6206082 ], [ -73.5882291, 45.6206874 ] ] } },
{ "type": "Feature", "properties": { "u": 596643906, "v": 4502353385, "key": 0, "highway": "primary", "length_km": 0.1826418315828682, "h_neige": 11.15, "is_crit_security_social": true, "is_crit_economique": true, "quartier": "anjou", "scenario_1": true, "scenario_2": true, "scenario_3": true }, "geometry": { "type": "LineString", "coordinates": [ [ -73.5882291, 45.6206874 ], [ -73.5873002, 45.621312 ], [ -73.5870034, 45.6215219 ], [ -73.5865549, 45.6218391 ] ] } },
{ "type": "Feature", "properties": { "u": 596644168, "v": 5305607394, "key": 0, "highway": "primary", "length_km": 0.25597362760341247, "h_neige": 13.95, "is_crit_security_social": true, "is_crit_economique": true, "quartier": "anjou", "scenario_1": true, "scenario_2": true, "scenario_3": true }, "geometry": { "type": "LineString", "coordinates": [ [ -73.5814243, 45.6253276 ], [ -73.5813409, 45.6253849 ], [ -73.5809463, 45.6256562 ], [ -73.5806593, 45.6258535 ], [ -73.5799002, 45.6263753 ], [ -73.579193, 45.6268614 ], [ -73.5791428, 45.6269002 ], [ -73.5790836, 45.6269459 ] ] } },
{ "type": "Feature", "properties": { "u": 596644170, "v": 596644168, "key": 0, "highway": "primary", "length_km": 0.015442424277773986, "h_neige": 11.13, "is_crit_security_social": true, "is_crit_economique": true, "quartier": "anjou", "scenario_1": true, "scenario_2": true, "scenario_3": true }, "geometry": { "type": "LineString", "coordinates": [ [ -73.5815792, 45.6252407 ], [ -73.5814243, 45.6253276 ] ] } },
{ "type": "Feature", "properties": { "u": 596644549, "v": 596644580, "key": 0, "highway": "secondary", "length_km": 0.059473544323196514, "h_neige": 6.77, "is_crit_security_social": true, "is_crit_economique": true, "quartier": "anjou", "scenario_1": true, "scenario_2": true, "scenario_3": true }, "geometry": { "type": "LineString", "coordinates": [ [ -73.5563683, 45.615837 ], [ -73.5561974, 45.6160319 ], [ -73.5560859, 45.6161591 ], [ -73.5559682, 45.6162928 ] ] } },
{ "type": "Feature", "properties": { "u": 596644580, "v": 596644588, "key": 0, "highway": "secondary", "length_km": 0.053752171123670256, "h_neige": 6.67, "is_crit_security_social": true, "is_crit_economique": true, "quartier": "anjou", "scenario_1": true, "scenario_2": true, "scenario_3": true }, "geometry": { "type": "LineString", "coordinates": [ [ -73.5559682, 45.6162928 ], [ -73.5558584, 45.6164185 ], [ -73.5556965, 45.6166041 ], [ -73.5556081, 45.6167054 ] ] } },
{ "type": "Feature", "properties": { "u": 596644582, "v": 596644706, "key": 0, "highway": "secondary", "length_km": 0.30248301361483987, "h_neige": 12.2, "is_crit_security_social": true, "is_crit_economique": true, "quartier": "anjou", "scenario_1": true, "scenario_2": true, "scenario_3": true }, "geometry": { "type": "LineString", "coordinates": [ [ -73.5548975, 45.6175489 ], [ -73.554767, 45.6177104 ], [ -73.5546773, 45.6178214 ], [ -73.5546477, 45.6178584 ], [ -73.5545495, 45.6179806 ], [ -73.554365, 45.6181943 ], [ -73.5543225, 45.618243 ], [ -73.5537928, 45.6188514 ], [ -73.5534793, 45.6192081 ], [ -73.5528928, 45.6198797 ] ] } },
{ "type": "Feature", "properties": { "u": 596644584, "v": 596644582, "key": 0, "highway": "secondary", "length_km": 0.054934657840522455, "h_neige": 9.0, "is_crit_security_social": true, "is_crit_economique": true, "quartier": "anjou", "scenario_1": true, "scenario_2": true, "scenario_3": true }, "geometry": { "type": "LineString", "coordinates": [ [ -73.5552478, 45.6171199 ], [ -73.5550209, 45.6173975 ], [ -73.5548975, 45.6175489 ] ] } },
{ "type": "Feature", "properties": { "u": 596644588, "v": 596644584, "key": 0, "highway": "secondary", "length_km": 0.05394065253314502, "h_neige": 0.88, "is_crit_security_social": true, "is_crit_economique": true, "quartier": "anjou", "scenario_1": true, "scenario_2": true, "scenario_3": true }, "geometry": { "type": "LineString", "coordinates": [ [ -73.5556081, 45.6167054 ], [ -73.5554911, 45.6168398 ], [ -73.5553365, 45.6170172 ], [ -73.5552478, 45.6171199 ] ] } },
{ "type": "Feature", "properties": { "u": 596644607, "v": 8894922063, "key": 0, "highway": "secondary", "length_km": 0.38754088533871162, "h_neige": 13.39, "is_crit_security_social": true, "is_crit_economique": true, "quartier": "anjou", "scenario_1": true, "scenario_2": true, "scenario_3": true }, "geometry": { "type": "LineString", "coordinates": [ [ -73.553504, 45.6199591 ], [ -73.5538033, 45.619615 ], [ -73.5539248, 45.6194752 ], [ -73.5544343, 45.6188893 ], [ -73.5544907, 45.618826 ], [ -73.5546173, 45.6186841 ], [ -73.5549959, 45.6182555 ], [ -73.5553331, 45.6178863 ], [ -73.5555925, 45.6176239 ], [ -73.5558129, 45.6173954 ], [ -73.5560159, 45.6171702 ], [ -73.5561601, 45.617011 ] ] } },
{ "type": "Feature", "properties": { "u": 596644631, "v": 598409708, "key": 0, "highway": "tertiary", "length_km": 0.50482243473036248, "h_neige": 10.73, "is_crit_security_social": true, "is_crit_economique": true, "quartier": "anjou", "scenario_1": true, "scenario_2": true, "scenario_3": true }, "geometry": { "type": "LineString", "coordinates": [ [ -73.563523, 45.6243106 ], [ -73.5622384, 45.6237469 ], [ -73.5610745, 45.6232362 ], [ -73.5609537, 45.6231847 ], [ -73.5604593, 45.622974 ], [ -73.5602933, 45.6229032 ], [ -73.5592136, 45.6224431 ], [ -73.5587947, 45.6222654 ], [ -73.5586719, 45.6222122 ], [ -73.5579996, 45.6219256 ] ] } },
{ "type": "Feature", "properties": { "u": 596644694, "v": 620532045, "key": 0, "highway": "residential", "length_km": 0.47864487144891354, "h_neige": 3.01, "is_crit_security_social": true, "is_crit_economique": false, "quartier": "anjou", "scenario_1": true, "scenario_2": false, "scenario_3": true }, "geometry": { "type": "LineString", "coordinates": [ [ -73.551787, 45.619081 ], [ -73.5518341, 45.619028 ], [ -73.5525074, 45.6182715 ], [ -73.5531888, 45.6176003 ], [ -73.5531955, 45.617569 ], [ -73.5531914, 45.6175428 ], [ -73.553176, 45.61752 ], [ -73.5531535, 45.6175045 ], [ -73.5525438, 45.617231 ], [ -73.5524881, 45.6172117 ], [ -73.5524335, 45.6172117 ], [ -73.5523741, 45.6172276 ], [ -73.5523273, 45.6172603 ], [ -73.5516204, 45.6180576 ], [ -73.5515866, 45.6180856 ], [ -73.551541, 45.6181015 ], [ -73.5514927, 45.6181034 ], [ -73.5514459, 45.6180916 ], [ -73.550639, 45.617741 ] ] } },
{ "type": "Feature", "properties": { "u": 596644694, "v": 4550018480, "key": 0, "highway": "residential", "length_km": 0.15576640844250231, "h_neige": 7.32, "is_crit_security_social": true, "is_crit_economique": false, "quartier": "anjou", "scenario_1": true, "scenario_2": false, "scenario_3": true }, "geometry": { "type": "LineString", "coordinates": [ [ -73.551787, 45.619081 ], [ -73.5517005, 45.619044 ], [ -73.5516676, 45.6190299 ], [ -73.5500791, 45.6183493 ] ] } },
{ "type": "Feature", "properties": { "u": 596644694, "v": 596644706, "key": 0, "highway": "residential", "length_km": 0.14849733015775135, "h_neige": 0.41, "is_crit_security_social": true, "is_crit_economique": false, "quartier": "anjou", "scenario_1": true, "scenario_2": false, "scenario_3": true }, "geometry": { "type": "LineString", "coordinates": [ [ -73.551787, 45.619081 ], [ -73.5517398, 45.6191355 ], [ -73.5516509, 45.6192381 ], [ -73.5516188, 45.6192752 ], [ -73.5516103, 45.6192892 ], [ -73.5516075, 45.6193033 ], [ -73.5516077, 45.619317 ], [ -73.5516134, 45.6193294 ], [ -73.5516267, 45.6193427 ], [ -73.5516439, 45.6193537 ], [ -73.5516629, 45.6193633 ], [ -73.5519919, 45.6195012 ], [ -73.5521496, 45.6195676 ], [ -73.5522642, 45.6196159 ], [ -73.5527688, 45.619827 ], [ -73.5528144, 45.6198463 ], [ -73.5528928, 45.6198797 ] ] } },
{ "type": "Feature", "properties": { "u": 596644706, "v": 596644694, "key": 0, "highway": "residential", "length_km": 0.14849733015775138, "h_neige": 10.12, "is_crit_security_social": true, "is_crit_economique": false, "quartier": "anjou", "scenario_1": true, "scenario_2": false, "scenario_3": true }, "geometry": { "type": "LineString", "coordinates": [ [ -73.5528928, 45.6198797 ], [ -73.5528144, 45.6198463 ], [ -73.5527688, 45.619827 ], [ -73.5522642, 45.6196159 ], [ -73.5521496, 45.6195676 ], [ -73.5519919, 45.6195012 ], [ -73.5516629, 45.6193633 ], [ -73.5516439, 45.6193537 ], [ -73.5516267, 45.6193427 ], [ -73.5516134, 45.6193294 ], [ -73.5516077, 45.619317 ], [ -73.5516075, 45.6193033 ], [ -73.5516103, 45.6192892 ], [ -73.5516188, 45.6192752 ], [ -73.5516509, 45.6192381 ], [ -73.5517398, 45.6191355 ], [ -73.551787, 45.619081 ] ] } },
{ "type": "Feature", "properties": { "u": 596644706, "v": 344878921, "key": 0, "highway": "secondary", "length_km": 0.33128722511471709, "h_neige": 10.7, "is_crit_security_social": true, "is_crit_economique": true, "quartier": "anjou", "scenario_1": true, "scenario_2": true, "scenario_3": true }, "geometry": { "type": "LineString", "coordinates": [ [ -73.5528928, 45.6198797 ], [ -73.5527081, 45.6200867 ], [ -73.5525099, 45.6203091 ], [ -73.5523525, 45.620481 ], [ -73.5521926, 45.6206491 ], [ -73.5520399, 45.6208087 ], [ -73.5519024, 45.6209493 ], [ -73.5518895, 45.6209625 ], [ -73.5518238, 45.621029 ], [ -73.5517798, 45.6210736 ], [ -73.5516316, 45.621227 ], [ -73.5515081, 45.6213608 ], [ -73.5513695, 45.6215098 ], [ -73.5512424, 45.6216511 ], [ -73.5510923, 45.6218195 ], [ -73.5506482, 45.622409 ] ] } },
{ "type": "Feature", "properties": { "u": 596644709, "v": 596644607, "key": 0, "highway": "secondary", "length_km": 0.012096664702781958, "h_neige": 14.58, "is_crit_security_social": true, "is_crit_economique": true, "quartier": "anjou", "scenario_1": true, "scenario_2": true, "scenario_3": true }, "geometry": { "type": "LineString", "coordinates": [ [ -73.5534233, 45.6200521 ], [ -73.553504, 45.6199591 ] ] } },
{ "type": "Feature", "properties": { "u": 596687296, "v": 3803517638, "key": 0, "highway": "tertiary", "length_km": 0.013998607885295377, "h_neige": 16.31, "is_crit_security_social": true, "is_crit_economique": true, "quartier": "anjou", "scenario_1": true, "scenario_2": true, "scenario_3": true }, "geometry": { "type": "LineString", "coordinates": [ [ -73.5865458, 45.6066596 ], [ -73.5864065, 45.6067393 ] ] } },
{ "type": "Feature", "properties": { "u": 596687296, "v": 246659352, "key": 0, "highway": "tertiary", "length_km": 0.21228528708512637, "h_neige": 17.93, "is_crit_security_social": true, "is_crit_economique": true, "quartier": "anjou", "scenario_1": true, "scenario_2": true, "scenario_3": true }, "geometry": { "type": "LineString", "coordinates": [ [ -73.5865458, 45.6066596 ], [ -73.5866252, 45.6066177 ], [ -73.586666, 45.6065937 ], [ -73.5869736, 45.6064136 ], [ -73.5874612, 45.606128 ], [ -73.5875193, 45.606094 ], [ -73.5875672, 45.6060658 ], [ -73.5877533, 45.6059564 ], [ -73.5877725, 45.605944 ], [ -73.5880859, 45.6057607 ], [ -73.588123, 45.6057388 ], [ -73.5882913, 45.6056306 ], [ -73.5884756, 45.6055067 ], [ -73.5886029, 45.6054077 ] ] } },
{ "type": "Feature", "properties": { "u": 596687296, "v": 4305375682, "key": 0, "highway": "tertiary", "length_km": 0.074128889902502659, "h_neige": 4.98, "is_crit_security_social": true, "is_crit_economique": true, "quartier": "anjou", "scenario_1": true, "scenario_2": true, "scenario_3": true }, "geometry": { "type": "LineString", "coordinates": [ [ -73.5865458, 45.6066596 ], [ -73.5864489, 45.6066113 ], [ -73.5863708, 45.6065704 ], [ -73.586181, 45.6064905 ], [ -73.5857412, 45.6063032 ] ] } },
{ "type": "Feature", "properties": { "u": 596687302, "v": 596687296, "key": 0, "highway": "tertiary", "length_km": 0.15632459188218967, "h_neige": 11.58, "is_crit_security_social": true, "is_crit_economique": true, "quartier": "anjou", "scenario_1": true, "scenario_2": true, "scenario_3": true }, "geometry": { "type": "LineString", "coordinates": [ [ -73.5882084, 45.6074394 ], [ -73.5880309, 45.60731 ], [ -73.5876656, 45.607143 ], [ -73.5870702, 45.6068864 ], [ -73.5867066, 45.6067427 ], [ -73.5866822, 45.6067296 ], [ -73.5865458, 45.6066596 ] ] } },
{ "type": "Feature", "properties": { "u": 596687378, "v": 8553307646, "key": 0, "highway": "secondary", "length_km": 0.08493957006310765, "h_neige": 15.99, "is_crit_security_social": true, "is_crit_economique": true, "quartier": "anjou", "scenario_1": true, "scenario_2": true, "scenario_3": true }, "geometry": { "type": "LineString", "coordinates": [ [ -73.5691286, 45.6002227 ], [ -73.5690436, 45.6001315 ], [ -73.5690213, 45.6001011 ], [ -73.5689896, 45.600056 ], [ -73.5689607, 45.6000049 ], [ -73.5689292, 45.5999365 ], [ -73.5689068, 45.5998806 ], [ -73.5688911, 45.5998263 ], [ -73.5688659, 45.5997372 ], [ -73.5688463, 45.5996442 ], [ -73.568838, 45.5995949 ], [ -73.568833, 45.5995459 ], [ -73.5688332, 45.5994992 ] ] } },
{ "type": "Feature", "properties": { "u": 596687383, "v": 639341773, "key": 0, "highway": "secondary", "length_km": 0.066443871268341573, "h_neige": 3.5, "is_crit_security_social": true, "is_crit_economique": true, "quartier": "anjou", "scenario_1": true, "scenario_2": true, "scenario_3": true }, "geometry": { "type": "LineString", "coordinates": [ [ -73.5690428, 45.6003997 ], [ -73.5692622, 45.6005447 ], [ -73.5693191, 45.6005888 ], [ -73.5693606, 45.6006251 ], [ -73.5693886, 45.600654 ], [ -73.56941, 45.600689 ], [ -73.5694252, 45.6007242 ], [ -73.5694283, 45.6007449 ], [ -73.5694296, 45.6007693 ], [ -73.569431, 45.6008948 ] ] } },
{ "type": "Feature", "properties": { "u": 596687431, "v": 596687453, "key": 0, "highway": "residential", "length_km": 0.18091163607102587, "h_neige": 5.01, "is_crit_security_social": true, "is_crit_economique": false, "quartier": "anjou", "scenario_1": true, "scenario_2": false, "scenario_3": true }, "geometry": { "type": "LineString", "coordinates": [ [ -73.5863558, 45.6049182 ], [ -73.5862505, 45.6049065 ], [ -73.5857391, 45.6049401 ], [ -73.5856878, 45.604947 ], [ -73.5856466, 45.6049561 ], [ -73.5856031, 45.6049722 ], [ -73.5855587, 45.6049946 ], [ -73.5855164, 45.6050281 ], [ -73.5854775, 45.6050721 ], [ -73.5853165, 45.6052555 ], [ -73.585185, 45.6054124 ], [ -73.5849888, 45.6056311 ], [ -73.5848224, 45.6058181 ], [ -73.5848104, 45.6058328 ], [ -73.5848032, 45.6058417 ], [ -73.5847632, 45.6058883 ] ] } },
{ "type": "Feature", "properties": { "u": 596687453, "v": 4305375662, "key": 0, "highway": "residential", "length_km": 0.014721380981355517, "h_neige": 11.01, "is_crit_security_social": true, "is_crit_economique": false, "quartier": "anjou", "scenario_1": true, "scenario_2": false, "scenario_3": true }, "geometry": { "type": "LineString", "coordinates": [ [ -73.5847632, 45.6058883 ], [ -73.5846653, 45.6060016 ] ] } },
{ "type": "Feature", "properties": { "u": 596687453, "v": 596687431, "key": 0, "highway": "residential", "length_km": 0.18091163607102587, "h_neige": 10.48, "is_crit_security_social": true, "is_crit_economique": false, "quartier": "anjou", "scenario_1": true, "scenario_2": false, "scenario_3": true }, "geometry": { "type": "LineString", "coordinates": [ [ -73.5847632, 45.6058883 ], [ -73.5848032, 45.6058417 ], [ -73.5848104, 45.6058328 ], [ -73.5848224, 45.6058181 ], [ -73.5849888, 45.6056311 ], [ -73.585185, 45.6054124 ], [ -73.5853165, 45.6052555 ], [ -73.5854775, 45.6050721 ], [ -73.5855164, 45.6050281 ], [ -73.5855587, 45.6049946 ], [ -73.5856031, 45.6049722 ], [ -73.5856466, 45.6049561 ], [ -73.5856878, 45.604947 ], [ -73.5857391, 45.6049401 ], [ -73.5862505, 45.6049065 ], [ -73.5863558, 45.6049182 ] ] } },
{ "type": "Feature", "properties": { "u": 596687453, "v": 9201323748, "key": 0, "highway": "tertiary", "length_km": 0.050026913806825536, "h_neige": 16.32, "is_crit_security_social": true, "is_crit_economique": true, "quartier": "anjou", "scenario_1": true, "scenario_2": true, "scenario_3": true }, "geometry": { "type": "LineString", "coordinates": [ [ -73.5847632, 45.6058883 ], [ -73.5843425, 45.6057068 ], [ -73.5842989, 45.605688 ], [ -73.5842156, 45.6056524 ] ] } },
{ "type": "Feature", "properties": { "u": 596687642, "v": 246653440, "key": 0, "highway": "secondary", "length_km": 0.2387957747557603, "h_neige": 7.76, "is_crit_security_social": true, "is_crit_economique": true, "quartier": "anjou", "scenario_1": true, "scenario_2": true, "scenario_3": true }, "geometry": { "type": "LineString", "coordinates": [ [ -73.5595141, 45.6015009 ], [ -73.5587229, 45.6011575 ], [ -73.5579281, 45.6008063 ], [ -73.5569108, 45.6003632 ] ] } },
{ "type": "Feature", "properties": { "u": 596687756, "v": 246653442, "key": 0, "highway": "secondary", "length_km": 0.010321922317289978, "h_neige": 12.84, "is_crit_security_social": true, "is_crit_economique": true, "quartier": "anjou", "scenario_1": true, "scenario_2": true, "scenario_3": true }, "geometry": { "type": "LineString", "coordinates": [ [ -73.5496339, 45.597125 ], [ -73.5495214, 45.5970758 ] ] } },
{ "type": "Feature", "properties": { "u": 596687780, "v": 596687800, "key": 0, "highway": "secondary", "length_km": 0.069456361096699878, "h_neige": 17.16, "is_crit_security_social": true, "is_crit_economique": true, "quartier": "anjou", "scenario_1": true, "scenario_2": true, "scenario_3": true }, "geometry": { "type": "LineString", "coordinates": [ [ -73.5483648, 45.5972074 ], [ -73.5485795, 45.597299 ], [ -73.5487094, 45.5973544 ], [ -73.5490204, 45.597487 ], [ -73.5490528, 45.5975006 ], [ -73.5491009, 45.5975207 ], [ -73.5491276, 45.5975319 ] ] } },
{ "type": "Feature", "properties": { "u": 596687800, "v": 596687809, "key": 0, "highway": "secondary", "length_km": 0.0080432766535896479, "h_neige": 9.27, "is_crit_security_social": true, "is_crit_economique": true, "quartier": "anjou", "scenario_1": true, "scenario_2": true, "scenario_3": true }, "geometry": { "type": "LineString", "coordinates": [ [ -73.5491276, 45.5975319 ], [ -73.5492153, 45.5975702 ] ] } },
{ "type": "Feature", "properties": { "u": 596687809, "v": 653993891, "key": 0, "highway": "secondary", "length_km": 0.069985341230466139, "h_neige": 13.38, "is_crit_security_social": true, "is_crit_economique": true, "quartier": "anjou", "scenario_1": true, "scenario_2": true, "scenario_3": true }, "geometry": { "type": "LineString", "coordinates": [ [ -73.5492153, 45.5975702 ], [ -73.5492449, 45.5975833 ], [ -73.5492969, 45.5976063 ], [ -73.5499787, 45.5979031 ] ] } },
{ "type": "Feature", "properties": { "u": 596687819, "v": 596687849, "key": 0, "highway": "secondary", "length_km": 0.1417547575950564, "h_neige": 10.09, "is_crit_security_social": true, "is_crit_economique": true, "quartier": "anjou", "scenario_1": true, "scenario_2": true, "scenario_3": true }, "geometry": { "type": "LineString", "coordinates": [ [ -73.5453273, 45.5959141 ], [ -73.5458408, 45.5961326 ], [ -73.5460619, 45.5962267 ], [ -73.5462079, 45.596289 ], [ -73.5468832, 45.5965774 ] ] } },
{ "type": "Feature", "properties": { "u": 596687849, "v": 596687851, "key": 0, "highway": "secondary", "length_km": 0.065165780687152064, "h_neige": 13.79, "is_crit_security_social": true, "is_crit_economique": true, "quartier": "anjou", "scenario_1": true, "scenario_2": true, "scenario_3": true }, "geometry": { "type": "LineString", "coordinates": [ [ -73.5468832, 45.5965774 ], [ -73.5475984, 45.5968824 ] ] } },
{ "type": "Feature", "properties": { "u": 596687851, "v": 596687780, "key": 0, "highway": "secondary", "length_km": 0.069724664582796428, "h_neige": 17.21, "is_crit_security_social": true, "is_crit_economique": true, "quartier": "anjou", "scenario_1": true, "scenario_2": true, "scenario_3": true }, "geometry": { "type": "LineString", "coordinates": [ [ -73.5475984, 45.5968824 ], [ -73.5483648, 45.5972074 ] ] } },
{ "type": "Feature", "properties": { "u": 596688242, "v": 596688810, "key": 0, "highway": "residential", "length_km": 0.088195202100432565, "h_neige": 15.29, "is_crit_security_social": true, "is_crit_economique": false, "quartier": "anjou", "scenario_1": true, "scenario_2": false, "scenario_3": true }, "geometry": { "type": "LineString", "coordinates": [ [ -73.5481974, 45.6039838 ], [ -73.548149, 45.6047115 ], [ -73.5481447, 45.6047761 ] ] } },
{ "type": "Feature", "properties": { "u": 596688242, "v": 653993467, "key": 0, "highway": "residential", "length_km": 0.25833997007359111, "h_neige": 12.79, "is_crit_security_social": true, "is_crit_economique": false, "quartier": "anjou", "scenario_1": true, "scenario_2": false, "scenario_3": true }, "geometry": { "type": "LineString", "coordinates": [ [ -73.5481974, 45.6039838 ], [ -73.548328, 45.6031402 ], [ -73.5487494, 45.6016952 ] ] } },
{ "type": "Feature", "properties": { "u": 596688242, "v": 499452851, "key": 0, "highway": "residential", "length_km": 0.14786579272587644, "h_neige": 7.42, "is_crit_security_social": true, "is_crit_economique": false, "quartier": "anjou", "scenario_1": true, "scenario_2": false, "scenario_3": true }, "geometry": { "type": "LineString", "coordinates": [ [ -73.5481974, 45.6039838 ], [ -73.5488733, 45.6040814 ], [ -73.549714, 45.6041524 ], [ -73.5500321, 45.6040289 ] ] } },
{ "type": "Feature", "properties": { "u": 596688242, "v": 653993468, "key": 0, "highway": "residential", "length_km": 0.32528821078571646, "h_neige": 19.79, "is_crit_security_social": true, "is_crit_economique": false, "quartier": "anjou", "scenario_1": true, "scenario_2": false, "scenario_3": true }, "geometry": { "type": "LineString", "coordinates": [ [ -73.5481974, 45.6039838 ], [ -73.5476922, 45.6039242 ], [ -73.547488, 45.6038856 ], [ -73.5473615, 45.603821 ], [ -73.5473514, 45.6037129 ], [ -73.5474758, 45.6028683 ], [ -73.54784, 45.6016289 ], [ -73.5478649, 45.601544 ] ] } },
{ "type": "Feature", "properties": { "u": 596688553, "v": 640861833, "key": 0, "highway": "residential", "length_km": 0.26750496460344236, "h_neige": 9.03, "is_crit_security_social": true, "is_crit_economique": false, "quartier": "anjou", "scenario_1": true, "scenario_2": false, "scenario_3": true }, "geometry": { "type": "LineString", "coordinates": [ [ -73.5553967, 45.604517 ], [ -73.5545636, 45.6044974 ], [ -73.5544627, 45.6044332 ], [ -73.5544389, 45.6043608 ], [ -73.5545348, 45.603624 ], [ -73.5547825, 45.6027276 ] ] } },
{ "type": "Feature", "properties": { "u": 596688626, "v": 344878857, "key": 0, "highway": "secondary", "length_km": 0.1120388765824375, "h_neige": 13.53, "is_crit_security_social": true, "is_crit_economique": true, "quartier": "anjou", "scenario_1": true, "scenario_2": true, "scenario_3": true }, "geometry": { "type": "LineString", "coordinates": [ [ -73.5604006, 45.6113126 ], [ -73.5602483, 45.6114747 ], [ -73.5601108, 45.6116209 ], [ -73.5599608, 45.611777 ], [ -73.559729, 45.6120182 ], [ -73.5596015, 45.6121509 ] ] } },
{ "type": "Feature", "properties": { "u": 596688637, "v": 596688660, "key": 0, "highway": "residential", "length_km": 0.11304980852440621, "h_neige": 16.78, "is_crit_security_social": true, "is_crit_economique": false, "quartier": "anjou", "scenario_1": true, "scenario_2": false, "scenario_3": true }, "geometry": { "type": "LineString", "coordinates": [ [ -73.5588885, 45.6106507 ], [ -73.558736, 45.6108854 ], [ -73.5585813, 45.6111192 ], [ -73.5584222, 45.6113333 ], [ -73.5582339, 45.6115574 ] ] } },
{ "type": "Feature", "properties": { "u": 596688656, "v": 622793741, "key": 0, "highway": "residential", "length_km": 0.085256639513564464, "h_neige": 6.55, "is_crit_security_social": true, "is_crit_economique": false, "quartier": "anjou", "scenario_1": true, "scenario_2": false, "scenario_3": true }, "geometry": { "type": "LineString", "coordinates": [ [ -73.557718, 45.6121198 ], [ -73.5578097, 45.6121592 ], [ -73.5578265, 45.6121664 ], [ -73.5586479, 45.6125257 ] ] } },
{ "type": "Feature", "properties": { "u": 596688656, "v": 596688671, "key": 0, "highway": "residential", "length_km": 0.073690926396915782, "h_neige": 18.41, "is_crit_security_social": true, "is_crit_economique": false, "quartier": "anjou", "scenario_1": true, "scenario_2": false, "scenario_3": true }, "geometry": { "type": "LineString", "coordinates": [ [ -73.557718, 45.6121198 ], [ -73.5576345, 45.6120844 ], [ -73.5576151, 45.6120762 ], [ -73.5570104, 45.6118096 ], [ -73.5569956, 45.6118033 ], [ -73.5569146, 45.6117686 ] ] } },
{ "type": "Feature", "properties": { "u": 596688656, "v": 596688660, "key": 0, "highway": "residential", "length_km": 0.074307062700657719, "h_neige": 4.12, "is_crit_security_social": true, "is_crit_economique": false, "quartier": "anjou", "scenario_1": true, "scenario_2": false, "scenario_3": true }, "geometry": { "type": "LineString", "coordinates": [ [ -73.557718, 45.6121198 ], [ -73.5577667, 45.6120637 ], [ -73.5577824, 45.6120456 ], [ -73.5582339, 45.6115574 ] ] } },
{ "type": "Feature", "properties": { "u": 596688656, "v": 596688672, "key": 0, "highway": "residential", "length_km": 0.032813662455981427, "h_neige": 8.11, "is_crit_security_social": true, "is_crit_economique": false, "quartier": "anjou", "scenario_1": true, "scenario_2": false, "scenario_3": true }, "geometry": { "type": "LineString", "coordinates": [ [ -73.557718, 45.6121198 ], [ -73.5576721, 45.6121761 ], [ -73.5576601, 45.6121907 ], [ -73.5575089, 45.6123761 ] ] } },
{ "type": "Feature", "properties": { "u": 596688660, "v": 344878857, "key": 0, "highway": "residential", "length_km": 0.12518775686702929, "h_neige": 0.35, "is_crit_security_social": true, "is_crit_economique": false, "quartier": "anjou", "scenario_1": true, "scenario_2": false, "scenario_3": true }, "geometry": { "type": "LineString", "coordinates": [ [ -73.5582339, 45.6115574 ], [ -73.5583208, 45.6115962 ], [ -73.5593859, 45.6120607 ], [ -73.5594829, 45.6121019 ], [ -73.5595328, 45.6121225 ], [ -73.5596015, 45.6121509 ] ] } },
{ "type": "Feature", "properties": { "u": 596688660, "v": 596688656, "key": 0, "highway": "residential", "length_km": 0.074307062700657719, "h_neige": 4.17, "is_crit_security_social": true, "is_crit_economique": false, "quartier": "anjou", "scenario_1": true, "scenario_2": false, "scenario_3": true }, "geometry": { "type": "LineString", "coordinates": [ [ -73.5582339, 45.6115574 ], [ -73.5577824, 45.6120456 ], [ -73.5577667, 45.6120637 ], [ -73.557718, 45.6121198 ] ] } },
{ "type": "Feature", "properties": { "u": 596688660, "v": 596688637, "key": 0, "highway": "residential", "length_km": 0.11304980852440621, "h_neige": 0.87, "is_crit_security_social": true, "is_crit_economique": false, "quartier": "anjou", "scenario_1": true, "scenario_2": false, "scenario_3": true }, "geometry": { "type": "LineString", "coordinates": [ [ -73.5582339, 45.6115574 ], [ -73.5584222, 45.6113333 ], [ -73.5585813, 45.6111192 ], [ -73.558736, 45.6108854 ], [ -73.5588885, 45.6106507 ] ] } },
{ "type": "Feature", "properties": { "u": 596688671, "v": 596688656, "key": 0, "highway": "residential", "length_km": 0.073690926396915768, "h_neige": 4.37, "is_crit_security_social": true, "is_crit_economique": false, "quartier": "anjou", "scenario_1": true, "scenario_2": false, "scenario_3": true }, "geometry": { "type": "LineString", "coordinates": [ [ -73.5569146, 45.6117686 ], [ -73.5569956, 45.6118033 ], [ -73.5570104, 45.6118096 ], [ -73.5576151, 45.6120762 ], [ -73.5576345, 45.6120844 ], [ -73.557718, 45.6121198 ] ] } },
{ "type": "Feature", "properties": { "u": 596688671, "v": 622793744, "key": 0, "highway": "residential", "length_km": 0.099618871134461731, "h_neige": 17.4, "is_crit_security_social": true, "is_crit_economique": false, "quartier": "anjou", "scenario_1": true, "scenario_2": false, "scenario_3": true }, "geometry": { "type": "LineString", "coordinates": [ [ -73.5569146, 45.6117686 ], [ -73.5568664, 45.6118222 ], [ -73.5568372, 45.6118546 ], [ -73.556291, 45.6124743 ], [ -73.5562637, 45.6125049 ], [ -73.5562387, 45.6125295 ] ] } },
{ "type": "Feature", "properties": { "u": 596688672, "v": 596688656, "key": 0, "highway": "residential", "length_km": 0.032813662455981434, "h_neige": 15.98, "is_crit_security_social": true, "is_crit_economique": false, "quartier": "anjou", "scenario_1": true, "scenario_2": false, "scenario_3": true }, "geometry": { "type": "LineString", "coordinates": [ [ -73.5575089, 45.6123761 ], [ -73.5576601, 45.6121907 ], [ -73.5576721, 45.6121761 ], [ -73.557718, 45.6121198 ] ] } },
{ "type": "Feature", "properties": { "u": 596688676, "v": 596688684, "key": 0, "highway": "residential", "length_km": 0.075234762486824314, "h_neige": 0.93, "is_crit_security_social": true, "is_crit_economique": false, "quartier": "anjou", "scenario_1": true, "scenario_2": false, "scenario_3": true }, "geometry": { "type": "LineString", "coordinates": [ [ -73.5545915, 45.6103757 ], [ -73.5540866, 45.6109528 ] ] } },
{ "type": "Feature", "properties": { "u": 596688684, "v": 596688676, "key": 0, "highway": "residential", "length_km": 0.075234762486824314, "h_neige": 15.75, "is_crit_security_social": true, "is_crit_economique": false, "quartier": "anjou", "scenario_1": true, "scenario_2": false, "scenario_3": true }, "geometry": { "type": "LineString", "coordinates": [ [ -73.5540866, 45.6109528 ], [ -73.5545915, 45.6103757 ] ] } },
{ "type": "Feature", "properties": { "u": 596688684, "v": 3015640433, "key": 0, "highway": "residential", "length_km": 0.14925162631961233, "h_neige": 15.04, "is_crit_security_social": true, "is_crit_economique": false, "quartier": "anjou", "scenario_1": true, "scenario_2": false, "scenario_3": true }, "geometry": { "type": "LineString", "coordinates": [ [ -73.5540866, 45.6109528 ], [ -73.5545021, 45.6111314 ], [ -73.5547909, 45.6112555 ], [ -73.5556121, 45.6116085 ], [ -73.5557201, 45.611657 ] ] } },
{ "type": "Feature", "properties": { "u": 596688684, "v": 596688848, "key": 0, "highway": "residential", "length_km": 0.25271261028501246, "h_neige": 11.74, "is_crit_security_social": true, "is_crit_economique": false, "quartier": "anjou", "scenario_1": true, "scenario_2": false, "scenario_3": true }, "geometry": { "type": "LineString", "coordinates": [ [ -73.5540866, 45.6109528 ], [ -73.552201, 45.6101022 ], [ -73.552138, 45.6100564 ], [ -73.5525503, 45.6094855 ] ] } },
{ "type": "Feature", "properties": { "u": 596688689, "v": 3015640433, "key": 0, "highway": "residential", "length_km": 0.0095774552258783858, "h_neige": 8.85, "is_crit_security_social": true, "is_crit_economique": false, "quartier": "anjou", "scenario_1": true, "scenario_2": false, "scenario_3": true }, "geometry": { "type": "LineString", "coordinates": [ [ -73.5558242, 45.611703 ], [ -73.5557201, 45.611657 ] ] } },
{ "type": "Feature", "properties": { "u": 596688689, "v": 596688654, "key": 0, "highway": "tertiary", "length_km": 0.15117649017388879, "h_neige": 11.87, "is_crit_security_social": true, "is_crit_economique": true, "quartier": "anjou", "scenario_1": true, "scenario_2": true, "scenario_3": true }, "geometry": { "type": "LineString", "coordinates": [ [ -73.5558242, 45.611703 ], [ -73.5567646, 45.6106316 ], [ -73.5568342, 45.6105416 ] ] } },
{ "type": "Feature", "properties": { "u": 596688742, "v": 8894922101, "key": 0, "highway": "secondary", "length_km": 0.041648860518514755, "h_neige": 18.03, "is_crit_security_social": true, "is_crit_economique": true, "quartier": "anjou", "scenario_1": true, "scenario_2": true, "scenario_3": true }, "geometry": { "type": "LineString", "coordinates": [ [ -73.558321, 45.6136803 ], [ -73.5580446, 45.6140011 ] ] } },
{ "type": "Feature", "properties": { "u": 596688745, "v": 596643337, "key": 0, "highway": "secondary", "length_km": 0.058622344680291573, "h_neige": 18.09, "is_crit_security_social": true, "is_crit_economique": true, "quartier": "anjou", "scenario_1": true, "scenario_2": true, "scenario_3": true }, "geometry": { "type": "LineString", "coordinates": [ [ -73.557804, 45.6142782 ], [ -73.5576827, 45.6144178 ], [ -73.5575447, 45.6145765 ], [ -73.5574125, 45.6147287 ] ] } },
{ "type": "Feature", "properties": { "u": 596688756, "v": 596688779, "key": 0, "highway": "tertiary", "length_km": 0.069792879438671893, "h_neige": 12.21, "is_crit_security_social": true, "is_crit_economique": true, "quartier": "anjou", "scenario_1": true, "scenario_2": true, "scenario_3": true }, "geometry": { "type": "LineString", "coordinates": [ [ -73.5526545, 45.6052472 ], [ -73.5525297, 45.6052368 ], [ -73.5517636, 45.6051731 ] ] } },
{ "type": "Feature", "properties": { "u": 596688760, "v": 344874748, "key": 0, "highway": "tertiary", "length_km": 0.056930408299181418, "h_neige": 4.27, "is_crit_security_social": true, "is_crit_economique": true, "quartier": "anjou", "scenario_1": true, "scenario_2": true, "scenario_3": true }, "geometry": { "type": "LineString", "coordinates": [ [ -73.5526382, 45.6053543 ], [ -73.5532309, 45.6053975 ], [ -73.5533661, 45.6054073 ] ] } },
{ "type": "Feature", "properties": { "u": 596688777, "v": 653993473, "key": 0, "highway": "residential", "length_km": 0.11026430325124127, "h_neige": 8.61, "is_crit_security_social": true, "is_crit_economique": false, "quartier": "anjou", "scenario_1": true, "scenario_2": false, "scenario_3": true }, "geometry": { "type": "LineString", "coordinates": [ [ -73.5508033, 45.6050906 ], [ -73.550815, 45.6050065 ], [ -73.5508512, 45.604745 ], [ -73.5509401, 45.6041036 ] ] } },
{ "type": "Feature", "properties": { "u": 596688778, "v": 596688760, "key": 0, "highway": "tertiary", "length_km": 0.069380023448293124, "h_neige": 9.54, "is_crit_security_social": true, "is_crit_economique": true, "quartier": "anjou", "scenario_1": true, "scenario_2": true, "scenario_3": true }, "geometry": { "type": "LineString", "coordinates": [ [ -73.5517501, 45.605297 ], [ -73.5526382, 45.6053543 ] ] } },
{ "type": "Feature", "properties": { "u": 596688779, "v": 596688777, "key": 0, "highway": "tertiary", "length_km": 0.075264815187308681, "h_neige": 17.93, "is_crit_security_social": true, "is_crit_economique": true, "quartier": "anjou", "scenario_1": true, "scenario_2": true, "scenario_3": true }, "geometry": { "type": "LineString", "coordinates": [ [ -73.5517636, 45.6051731 ], [ -73.5515213, 45.6051523 ], [ -73.5509045, 45.6050993 ], [ -73.5508033, 45.6050906 ] ] } },
{ "type": "Feature", "properties": { "u": 596688804, "v": 596688778, "key": 0, "highway": "tertiary", "length_km": 0.075699793874299842, "h_neige": 5.52, "is_crit_security_social": true, "is_crit_economique": true, "quartier": "anjou", "scenario_1": true, "scenario_2": true, "scenario_3": true }, "geometry": { "type": "LineString", "coordinates": [ [ -73.5507845, 45.6052126 ], [ -73.5517501, 45.605297 ] ] } },
{ "type": "Feature", "properties": { "u": 596688810, "v": 596688812, "key": 0, "highway": "residential", "length_km": 0.014767485139443442, "h_neige": 18.07, "is_crit_security_social": true, "is_crit_economique": false, "quartier": "anjou", "scenario_1": true, "scenario_2": false, "scenario_3": true }, "geometry": { "type": "LineString", "coordinates": [ [ -73.5481447, 45.6047761 ], [ -73.5481318, 45.6049086 ] ] } },
{ "type": "Feature", "properties": { "u": 596688810, "v": 596688242, "key": 0, "highway": "residential", "length_km": 0.088195202100432565, "h_neige": 5.14, "is_crit_security_social": true, "is_crit_economique": false, "quartier": "anjou", "scenario_1": true, "scenario_2": false, "scenario_3": true }, "geometry": { "type": "LineString", "coordinates": [ [ -73.5481447, 45.6047761 ], [ -73.548149, 45.6047115 ], [ -73.5481974, 45.6039838 ] ] } },
{ "type": "Feature", "properties": { "u": 596688810, "v": 622793731, "key": 0, "highway": "tertiary", "length_km": 0.13812398122759362, "h_neige": 11.35, "is_crit_security_social": true, "is_crit_economique": true, "quartier": "anjou", "scenario_1": true, "scenario_2": true, "scenario_3": true }, "geometry": { "type": "LineString", "coordinates": [ [ -73.5481447, 45.6047761 ], [ -73.546505, 45.6045437 ], [ -73.5464555, 45.6045367 ], [ -73.5464045, 45.6045295 ] ] } },
{ "type": "Feature", "properties": { "u": 596688812, "v": 596688816, "key": 0, "highway": "tertiary", "length_km": 0.13902229802760951, "h_neige": 7.01, "is_crit_security_social": true, "is_crit_economique": true, "quartier": "anjou", "scenario_1": true, "scenario_2": true, "scenario_3": true }, "geometry": { "type": "LineString", "coordinates": [ [ -73.5481318, 45.6049086 ], [ -73.5498926, 45.6051223 ] ] } },
{ "type": "Feature", "properties": { "u": 596688812, "v": 596688810, "key": 0, "highway": "residential", "length_km": 0.014767485139443442, "h_neige": 1.21, "is_crit_security_social": true, "is_crit_economique": false, "quartier": "anjou", "scenario_1": true, "scenario_2": false, "scenario_3": true }, "geometry": { "type": "LineString", "coordinates": [ [ -73.5481318, 45.6049086 ], [ -73.5481447, 45.6047761 ] ] } },
{ "type": "Feature", "properties": { "u": 596688813, "v": 596688810, "key": 0, "highway": "tertiary", "length_km": 0.14038116176329254, "h_neige": 12.78, "is_crit_security_social": true, "is_crit_economique": true, "quartier": "anjou", "scenario_1": true, "scenario_2": true, "scenario_3": true }, "geometry": { "type": "LineString", "coordinates": [ [ -73.5499215, 45.6049967 ], [ -73.5481447, 45.6047761 ] ] } },
{ "type": "Feature", "properties": { "u": 596688821, "v": 344874749, "key": 0, "highway": "residential", "length_km": 0.27621349677940304, "h_neige": 11.02, "is_crit_security_social": true, "is_crit_economique": false, "quartier": "anjou", "scenario_1": true, "scenario_2": false, "scenario_3": true }, "geometry": { "type": "LineString", "coordinates": [ [ -73.5496675, 45.6058935 ], [ -73.5497604, 45.6059055 ], [ -73.5530184, 45.6061687 ], [ -73.5531938, 45.6061831 ] ] } },
{ "type": "Feature", "properties": { "u": 596688821, "v": 622793742, "key": 0, "highway": "residential", "length_km": 0.27681710460878933, "h_neige": 14.49, "is_crit_security_social": true, "is_crit_economique": false, "quartier": "anjou", "scenario_1": true, "scenario_2": false, "scenario_3": true }, "geometry": { "type": "LineString", "coordinates": [ [ -73.5496675, 45.6058935 ], [ -73.5482611, 45.6057317 ], [ -73.5462202, 45.6054417 ], [ -73.5461706, 45.6054347 ] ] } },
{ "type": "Feature", "properties": { "u": 596688848, "v": 596688684, "key": 0, "highway": "residential", "length_km": 0.25271261028501246, "h_neige": 16.77, "is_crit_security_social": true, "is_crit_economique": false, "quartier": "anjou", "scenario_1": true, "scenario_2": false, "scenario_3": true }, "geometry": { "type": "LineString", "coordinates": [ [ -73.5525503, 45.6094855 ], [ -73.552138, 45.6100564 ], [ -73.552201, 45.6101022 ], [ -73.5540866, 45.6109528 ] ] } },
{ "type": "Feature", "properties": { "u": 596688901, "v": 596688902, "key": 0, "highway": "residential", "length_km": 0.010680519469647145, "h_neige": 19.29, "is_crit_security_social": true, "is_crit_economique": false, "quartier": "anjou", "scenario_1": true, "scenario_2": false, "scenario_3": true }, "geometry": { "type": "LineString", "coordinates": [ [ -73.5462516, 45.604644 ], [ -73.5463857, 45.6046646 ] ] } },
{ "type": "Feature", "properties": { "u": 596688901, "v": 344875268, "key": 0, "highway": "tertiary", "length_km": 0.087528222138532522, "h_neige": 12.82, "is_crit_security_social": true, "is_crit_economique": true, "quartier": "anjou", "scenario_1": true, "scenario_2": true, "scenario_3": true }, "geometry": { "type": "LineString", "coordinates": [ [ -73.5462516, 45.604644 ], [ -73.5462369, 45.6046969 ], [ -73.5460362, 45.6054166 ] ] } },
{ "type": "Feature", "properties": { "u": 596688902, "v": 622793731, "key": 0, "highway": "tertiary", "length_km": 0.01509347857979375, "h_neige": 18.13, "is_crit_security_social": true, "is_crit_economique": true, "quartier": "anjou", "scenario_1": true, "scenario_2": true, "scenario_3": true }, "geometry": { "type": "LineString", "coordinates": [ [ -73.5463857, 45.6046646 ], [ -73.5464045, 45.6045295 ] ] } },
{ "type": "Feature", "properties": { "u": 596688902, "v": 596688812, "key": 0, "highway": "tertiary", "length_km": 0.13851661582277738, "h_neige": 10.26, "is_crit_security_social": true, "is_crit_economique": true, "quartier": "anjou", "scenario_1": true, "scenario_2": true, "scenario_3": true }, "geometry": { "type": "LineString", "coordinates": [ [ -73.5463857, 45.6046646 ], [ -73.5464266, 45.6046703 ], [ -73.5481318, 45.6049086 ] ] } },
{ "type": "Feature", "properties": { "u": 596688904, "v": 596688901, "key": 0, "highway": "residential", "length_km": 0.06959335897715152, "h_neige": 15.95, "is_crit_security_social": true, "is_crit_economique": false, "quartier": "anjou", "scenario_1": true, "scenario_2": false, "scenario_3": true }, "geometry": { "type": "LineString", "coordinates": [ [ -73.5453799, 45.6045033 ], [ -73.5461564, 45.6046286 ], [ -73.5461777, 45.6046321 ], [ -73.5462516, 45.604644 ] ] } },
{ "type": "Feature", "properties": { "u": 598409708, "v": 598410083, "key": 0, "highway": "tertiary", "length_km": 0.15614511681070833, "h_neige": 4.71, "is_crit_security_social": true, "is_crit_economique": true, "quartier": "anjou", "scenario_1": true, "scenario_2": true, "scenario_3": true }, "geometry": { "type": "LineString", "coordinates": [ [ -73.5579996, 45.6219256 ], [ -73.5574319, 45.6216444 ], [ -73.5569329, 45.6214505 ], [ -73.5564917, 45.6212598 ], [ -73.5564108, 45.6212162 ], [ -73.5563154, 45.6211647 ] ] } },
{ "type": "Feature", "properties": { "u": 598409708, "v": 596644631, "key": 0, "highway": "tertiary", "length_km": 0.50482243473036248, "h_neige": 10.53, "is_crit_security_social": true, "is_crit_economique": true, "quartier": "anjou", "scenario_1": true, "scenario_2": true, "scenario_3": true }, "geometry": { "type": "LineString", "coordinates": [ [ -73.5579996, 45.6219256 ], [ -73.5586719, 45.6222122 ], [ -73.5587947, 45.6222654 ], [ -73.5592136, 45.6224431 ], [ -73.5602933, 45.6229032 ], [ -73.5604593, 45.622974 ], [ -73.5609537, 45.6231847 ], [ -73.5610745, 45.6232362 ], [ -73.5622384, 45.6237469 ], [ -73.563523, 45.6243106 ] ] } },
{ "type": "Feature", "properties": { "u": 598409907, "v": 598409708, "key": 0, "highway": "tertiary", "length_km": 0.15666326913953865, "h_neige": 14.86, "is_crit_security_social": true, "is_crit_economique": true, "quartier": "anjou", "scenario_1": true, "scenario_2": true, "scenario_3": true }, "geometry": { "type": "LineString", "coordinates": [ [ -73.5562346, 45.621251 ], [ -73.5563334, 45.6212958 ], [ -73.5568222, 45.6215176 ], [ -73.5573883, 45.6217186 ], [ -73.5575734, 45.6217813 ], [ -73.5579996, 45.6219256 ] ] } },
{ "type": "Feature", "properties": { "u": 598413469, "v": 598413465, "key": 0, "highway": "primary", "length_km": 0.021401002162515344, "h_neige": 16.57, "is_crit_security_social": true, "is_crit_economique": true, "quartier": "anjou", "scenario_1": true, "scenario_2": true, "scenario_3": true }, "geometry": { "type": "LineString", "coordinates": [ [ -73.5772391, 45.6281988 ], [ -73.5770355, 45.6283283 ] ] } },
{ "type": "Feature", "properties": { "u": 622788591, "v": 1957011776, "key": 0, "highway": "tertiary", "length_km": 0.31996262673187376, "h_neige": 18.53, "is_crit_security_social": true, "is_crit_economique": true, "quartier": "anjou", "scenario_1": true, "scenario_2": true, "scenario_3": true }, "geometry": { "type": "LineString", "coordinates": [ [ -73.5517712, 45.6109126 ], [ -73.5549802, 45.612311 ], [ -73.5550032, 45.6123211 ], [ -73.5550744, 45.6123524 ], [ -73.5550992, 45.6123633 ], [ -73.5552613, 45.6124356 ] ] } },
{ "type": "Feature", "properties": { "u": 622793731, "v": 344875266, "key": 0, "highway": "tertiary", "length_km": 0.010217716463800881, "h_neige": 8.57, "is_crit_security_social": true, "is_crit_economique": true, "quartier": "anjou", "scenario_1": true, "scenario_2": true, "scenario_3": true }, "geometry": { "type": "LineString", "coordinates": [ [ -73.5464045, 45.6045295 ], [ -73.5462764, 45.6045092 ] ] } },
{ "type": "Feature", "properties": { "u": 622793731, "v": 4659484169, "key": 0, "highway": "tertiary", "length_km": 0.11872947294262291, "h_neige": 13.68, "is_crit_security_social": true, "is_crit_economique": true, "quartier": "anjou", "scenario_1": true, "scenario_2": true, "scenario_3": true }, "geometry": { "type": "LineString", "coordinates": [ [ -73.5464045, 45.6045295 ], [ -73.5464106, 45.6044809 ], [ -73.5464859, 45.6038802 ], [ -73.546517, 45.6034893 ], [ -73.546521, 45.603465 ] ] } },
{ "type": "Feature", "properties": { "u": 622793732, "v": 622793743, "key": 0, "highway": "tertiary", "length_km": 0.13809259034136898, "h_neige": 4.98, "is_crit_security_social": true, "is_crit_economique": true, "quartier": "anjou", "scenario_1": true, "scenario_2": true, "scenario_3": true }, "geometry": { "type": "LineString", "coordinates": [ [ -73.5574937, 45.6132749 ], [ -73.5573649, 45.6132171 ], [ -73.5559856, 45.6126196 ] ] } },
{ "type": "Feature", "properties": { "u": 622793741, "v": 596688656, "key": 0, "highway": "residential", "length_km": 0.085256639513564478, "h_neige": 0.51, "is_crit_security_social": true, "is_crit_economique": false, "quartier": "anjou", "scenario_1": true, "scenario_2": false, "scenario_3": true }, "geometry": { "type": "LineString", "coordinates": [ [ -73.5586479, 45.6125257 ], [ -73.5578265, 45.6121664 ], [ -73.5578097, 45.6121592 ], [ -73.557718, 45.6121198 ] ] } },
{ "type": "Feature", "properties": { "u": 622793741, "v": 622793741, "key": 0, "highway": "residential", "length_km": 0.080720658120423325, "h_neige": 10.74, "is_crit_security_social": true, "is_crit_economique": false, "quartier": "anjou", "scenario_1": true, "scenario_2": false, "scenario_3": true }, "geometry": { "type": "LineString", "coordinates": [ [ -73.5586479, 45.6125257 ], [ -73.5586741, 45.6126311 ], [ -73.5586909, 45.6127056 ], [ -73.558704, 45.612734 ], [ -73.558722, 45.6127541 ], [ -73.5587471, 45.6127717 ], [ -73.5587747, 45.6127801 ], [ -73.558807, 45.6127851 ], [ -73.5588296, 45.6127836 ], [ -73.5588441, 45.6127826 ], [ -73.5588713, 45.6127751 ], [ -73.5588955, 45.6127625 ], [ -73.5589159, 45.6127432 ], [ -73.5589302, 45.6127223 ], [ -73.5589398, 45.6126997 ], [ -73.5589398, 45.6126788 ], [ -73.558929, 45.6126579 ], [ -73.5589099, 45.6126369 ], [ -73.5588836, 45.6126227 ], [ -73.5586479, 45.6125257 ] ] } },
{ "type": "Feature", "properties": { "u": 622793742, "v": 344875268, "key": 0, "highway": "residential", "length_km": 0.010647145340402901, "h_neige": 2.92, "is_crit_security_social": true, "is_crit_economique": false, "quartier": "anjou", "scenario_1": true, "scenario_2": false, "scenario_3": true }, "geometry": { "type": "LineString", "coordinates": [ [ -73.5461706, 45.6054347 ], [ -73.5460362, 45.6054166 ] ] } },
{ "type": "Feature", "properties": { "u": 622793742, "v": 596688902, "key": 0, "highway": "tertiary", "length_km": 0.087250912432233332, "h_neige": 7.94, "is_crit_security_social": true, "is_crit_economique": true, "quartier": "anjou", "scenario_1": true, "scenario_2": true, "scenario_3": true }, "geometry": { "type": "LineString", "coordinates": [ [ -73.5461706, 45.6054347 ], [ -73.5463632, 45.6047451 ], [ -73.5463689, 45.6047248 ], [ -73.5463857, 45.6046646 ] ] } },
{ "type": "Feature", "properties": { "u": 622793742, "v": 596688821, "key": 0, "highway": "residential", "length_km": 0.27681710460878933, "h_neige": 2.77, "is_crit_security_social": true, "is_crit_economique": false, "quartier": "anjou", "scenario_1": true, "scenario_2": false, "scenario_3": true }, "geometry": { "type": "LineString", "coordinates": [ [ -73.5461706, 45.6054347 ], [ -73.5462202, 45.6054417 ], [ -73.5482611, 45.6057317 ], [ -73.5496675, 45.6058935 ] ] } },
{ "type": "Feature", "properties": { "u": 622793743, "v": 659719623, "key": 0, "highway": "tertiary", "length_km": 0.062540216282607114, "h_neige": 2.5, "is_crit_security_social": true, "is_crit_economique": true, "quartier": "anjou", "scenario_1": true, "scenario_2": true, "scenario_3": true }, "geometry": { "type": "LineString", "coordinates": [ [ -73.5559856, 45.6126196 ], [ -73.5558531, 45.612563 ], [ -73.5557329, 45.6125108 ], [ -73.5555347, 45.6124251 ], [ -73.5554626, 45.6123939 ], [ -73.55541, 45.6123711 ], [ -73.5553816, 45.6123588 ], [ -73.5553021, 45.6123234 ] ] } },
{ "type": "Feature", "properties": { "u": 622793744, "v": 596688671, "key": 0, "highway": "residential", "length_km": 0.099618871134461731, "h_neige": 6.31, "is_crit_security_social": true, "is_crit_economique": false, "quartier": "anjou", "scenario_1": true, "scenario_2": false, "scenario_3": true }, "geometry": { "type": "LineString", "coordinates": [ [ -73.5562387, 45.6125295 ], [ -73.5562637, 45.6125049 ], [ -73.556291, 45.6124743 ], [ -73.5568372, 45.6118546 ], [ -73.5568664, 45.6118222 ], [ -73.5569146, 45.6117686 ] ] } },
{ "type": "Feature", "properties": { "u": 622793744, "v": 622793743, "key": 0, "highway": "residential", "length_km": 0.022360933872924982, "h_neige": 7.44, "is_crit_security_social": true, "is_crit_economique": false, "quartier": "anjou", "scenario_1": true, "scenario_2": false, "scenario_3": true }, "geometry": { "type": "LineString", "coordinates": [ [ -73.5562387, 45.6125295 ], [ -73.5562175, 45.6125447 ], [ -73.5561886, 45.6125605 ], [ -73.5561497, 45.6125765 ], [ -73.5560945, 45.6125898 ], [ -73.5559856, 45.6126196 ] ] } },
{ "type": "Feature", "properties": { "u": 639341773, "v": 8881399023, "key": 0, "highway": "secondary", "length_km": 0.27657970033649215, "h_neige": 14.22, "is_crit_security_social": true, "is_crit_economique": true, "quartier": "anjou", "scenario_1": true, "scenario_2": true, "scenario_3": true }, "geometry": { "type": "LineString", "coordinates": [ [ -73.569431, 45.6008948 ], [ -73.569316, 45.6010153 ], [ -73.5691961, 45.6011406 ], [ -73.5690635, 45.6012718 ], [ -73.5689664, 45.6013713 ], [ -73.5688343, 45.6014983 ], [ -73.5686717, 45.6016512 ], [ -73.5685342, 45.6017789 ], [ -73.5684034, 45.6018935 ], [ -73.5682994, 45.6019825 ], [ -73.5682401, 45.6020321 ], [ -73.5682008, 45.6020656 ], [ -73.5681332, 45.6021192 ], [ -73.5680639, 45.6021703 ], [ -73.5679914, 45.6022178 ], [ -73.5678933, 45.602279 ], [ -73.5678001, 45.6023329 ], [ -73.5677029, 45.602385 ], [ -73.5676073, 45.6024316 ], [ -73.5674961, 45.6024805 ], [ -73.5673726, 45.6025311 ], [ -73.5672853, 45.6025647 ], [ -73.5671877, 45.6025958 ], [ -73.5670988, 45.6026223 ], [ -73.5669999, 45.602648 ] ] } },
{ "type": "Feature", "properties": { "u": 640861833, "v": 596688553, "key": 0, "highway": "residential", "length_km": 0.26750496460344236, "h_neige": 15.0, "is_crit_security_social": true, "is_crit_economique": false, "quartier": "anjou", "scenario_1": true, "scenario_2": false, "scenario_3": true }, "geometry": { "type": "LineString", "coordinates": [ [ -73.5547825, 45.6027276 ], [ -73.5545348, 45.603624 ], [ -73.5544389, 45.6043608 ], [ -73.5544627, 45.6044332 ], [ -73.5545636, 45.6044974 ], [ -73.5553967, 45.604517 ] ] } },
{ "type": "Feature", "properties": { "u": 653993467, "v": 596688242, "key": 0, "highway": "residential", "length_km": 0.25833997007359111, "h_neige": 11.53, "is_crit_security_social": true, "is_crit_economique": false, "quartier": "anjou", "scenario_1": true, "scenario_2": false, "scenario_3": true }, "geometry": { "type": "LineString", "coordinates": [ [ -73.5487494, 45.6016952 ], [ -73.548328, 45.6031402 ], [ -73.5481974, 45.6039838 ] ] } },
{ "type": "Feature", "properties": { "u": 653993468, "v": 596688242, "key": 0, "highway": "residential", "length_km": 0.32528821078571651, "h_neige": 1.53, "is_crit_security_social": true, "is_crit_economique": false, "quartier": "anjou", "scenario_1": true, "scenario_2": false, "scenario_3": true }, "geometry": { "type": "LineString", "coordinates": [ [ -73.5478649, 45.601544 ], [ -73.54784, 45.6016289 ], [ -73.5474758, 45.6028683 ], [ -73.5473514, 45.6037129 ], [ -73.5473615, 45.603821 ], [ -73.547488, 45.6038856 ], [ -73.5476922, 45.6039242 ], [ -73.5481974, 45.6039838 ] ] } },
{ "type": "Feature", "properties": { "u": 653993473, "v": 1765456998, "key": 0, "highway": "residential", "length_km": 0.065856863184905412, "h_neige": 8.72, "is_crit_security_social": true, "is_crit_economique": false, "quartier": "anjou", "scenario_1": true, "scenario_2": false, "scenario_3": true }, "geometry": { "type": "LineString", "coordinates": [ [ -73.5509401, 45.6041036 ], [ -73.5517815, 45.6041689 ] ] } },
{ "type": "Feature", "properties": { "u": 653993473, "v": 499452851, "key": 0, "highway": "residential", "length_km": 0.071123182798983942, "h_neige": 6.6, "is_crit_security_social": true, "is_crit_economique": false, "quartier": "anjou", "scenario_1": true, "scenario_2": false, "scenario_3": true }, "geometry": { "type": "LineString", "coordinates": [ [ -73.5509401, 45.6041036 ], [ -73.5500321, 45.6040289 ] ] } },
{ "type": "Feature", "properties": { "u": 653993473, "v": 596688777, "key": 0, "highway": "residential", "length_km": 0.11026430325124127, "h_neige": 13.24, "is_crit_security_social": true, "is_crit_economique": false, "quartier": "anjou", "scenario_1": true, "scenario_2": false, "scenario_3": true }, "geometry": { "type": "LineString", "coordinates": [ [ -73.5509401, 45.6041036 ], [ -73.5508512, 45.604745 ], [ -73.550815, 45.6050065 ], [ -73.5508033, 45.6050906 ] ] } },
{ "type": "Feature", "properties": { "u": 653993891, "v": 653993892, "key": 0, "highway": "secondary", "length_km": 0.068654699136621034, "h_neige": 1.43, "is_crit_security_social": true, "is_crit_economique": true, "quartier": "anjou", "scenario_1": true, "scenario_2": true, "scenario_3": true }, "geometry": { "type": "LineString", "coordinates": [ [ -73.5499787, 45.5979031 ], [ -73.5507227, 45.5982351 ] ] } },
{ "type": "Feature", "properties": { "u": 653993892, "v": 8881451946, "key": 0, "highway": "secondary", "length_km": 0.098122040018978951, "h_neige": 18.07, "is_crit_security_social": true, "is_crit_economique": true, "quartier": "anjou", "scenario_1": true, "scenario_2": true, "scenario_3": true }, "geometry": { "type": "LineString", "coordinates": [ [ -73.5507227, 45.5982351 ], [ -73.5517832, 45.5987127 ] ] } },
{ "type": "Feature", "properties": { "u": 658951437, "v": 2388532780, "key": 0, "highway": "primary", "length_km": 0.13167332489817601, "h_neige": 3.02, "is_crit_security_social": true, "is_crit_economique": true, "quartier": "anjou", "scenario_1": true, "scenario_2": true, "scenario_3": true }, "geometry": { "type": "LineString", "coordinates": [ [ -73.5987325, 45.613895 ], [ -73.5980316, 45.6142337 ], [ -73.5977109, 45.6143867 ], [ -73.5973412, 45.6145696 ] ] } },
{ "type": "Feature", "properties": { "u": 658951439, "v": 596642939, "key": 0, "highway": "primary", "length_km": 0.056102385541449223, "h_neige": 8.09, "is_crit_security_social": true, "is_crit_economique": true, "quartier": "anjou", "scenario_1": true, "scenario_2": true, "scenario_3": true }, "geometry": { "type": "LineString", "coordinates": [ [ -73.5997189, 45.6134481 ], [ -73.599351, 45.6136257 ], [ -73.5992425, 45.613673 ], [ -73.5991118, 45.6137192 ] ] } },
{ "type": "Feature", "properties": { "u": 659719623, "v": 8894840988, "key": 0, "highway": "tertiary", "length_km": 0.0065429809096299741, "h_neige": 13.15, "is_crit_security_social": true, "is_crit_economique": true, "quartier": "anjou", "scenario_1": true, "scenario_2": true, "scenario_3": true }, "geometry": { "type": "LineString", "coordinates": [ [ -73.5553021, 45.6123234 ], [ -73.5552316, 45.6122913 ] ] } },
{ "type": "Feature", "properties": { "u": 659719623, "v": 596688689, "key": 0, "highway": "tertiary", "length_km": 0.080204226988971547, "h_neige": 8.7, "is_crit_security_social": true, "is_crit_economique": true, "quartier": "anjou", "scenario_1": true, "scenario_2": true, "scenario_3": true }, "geometry": { "type": "LineString", "coordinates": [ [ -73.5553021, 45.6123234 ], [ -73.5553288, 45.6122808 ], [ -73.5553361, 45.6122602 ], [ -73.5553609, 45.6122278 ], [ -73.5555013, 45.6120688 ], [ -73.5558242, 45.611703 ] ] } },
{ "type": "Feature", "properties": { "u": 1314049524, "v": 596642960, "key": 0, "highway": "secondary", "length_km": 0.21738795784716775, "h_neige": 18.04, "is_crit_security_social": true, "is_crit_economique": true, "quartier": "anjou", "scenario_1": true, "scenario_2": true, "scenario_3": true }, "geometry": { "type": "LineString", "coordinates": [ [ -73.5927096, 45.6144169 ], [ -73.5914803, 45.6140063 ], [ -73.5907446, 45.6137586 ], [ -73.5901891, 45.6135721 ] ] } },
{ "type": "Feature", "properties": { "u": 1314049532, "v": 1314049524, "key": 0, "highway": "secondary", "length_km": 0.23219248857698233, "h_neige": 11.47, "is_crit_security_social": true, "is_crit_economique": true, "quartier": "anjou", "scenario_1": true, "scenario_2": true, "scenario_3": true }, "geometry": { "type": "LineString", "coordinates": [ [ -73.5953925, 45.6153322 ], [ -73.5951168, 45.6152287 ], [ -73.5948959, 45.6151513 ], [ -73.5943772, 45.6149764 ], [ -73.5939083, 45.6148194 ], [ -73.5934963, 45.6146824 ], [ -73.5927096, 45.6144169 ] ] } },
{ "type": "Feature", "properties": { "u": 1763345734, "v": 1765456988, "key": 0, "highway": "residential", "length_km": 0.14191152616890965, "h_neige": 1.63, "is_crit_security_social": true, "is_crit_economique": false, "quartier": "anjou", "scenario_1": true, "scenario_2": false, "scenario_3": true }, "geometry": { "type": "LineString", "coordinates": [ [ -73.552189, 45.6022833 ], [ -73.5521635, 45.6023576 ], [ -73.552076, 45.6026148 ], [ -73.5519212, 45.6031901 ], [ -73.5518358, 45.603535 ] ] } },
{ "type": "Feature", "properties": { "u": 1765456988, "v": 1765456991, "key": 0, "highway": "residential", "length_km": 0.069000876152424548, "h_neige": 14.38, "is_crit_security_social": true, "is_crit_economique": false, "quartier": "anjou", "scenario_1": true, "scenario_2": false, "scenario_3": true }, "geometry": { "type": "LineString", "coordinates": [ [ -73.5518358, 45.603535 ], [ -73.5527124, 45.6036296 ] ] } },
{ "type": "Feature", "properties": { "u": 1765456988, "v": 1765456998, "key": 0, "highway": "residential", "length_km": 0.070613866385436069, "h_neige": 9.55, "is_crit_security_social": true, "is_crit_economique": false, "quartier": "anjou", "scenario_1": true, "scenario_2": false, "scenario_3": true }, "geometry": { "type": "LineString", "coordinates": [ [ -73.5518358, 45.603535 ], [ -73.5518101, 45.6038609 ], [ -73.5517815, 45.6041689 ] ] } },
{ "type": "Feature", "properties": { "u": 1765456988, "v": 1763345734, "key": 0, "highway": "residential", "length_km": 0.14191152616890965, "h_neige": 8.24, "is_crit_security_social": true, "is_crit_economique": false, "quartier": "anjou", "scenario_1": true, "scenario_2": false, "scenario_3": true }, "geometry": { "type": "LineString", "coordinates": [ [ -73.5518358, 45.603535 ], [ -73.5519212, 45.6031901 ], [ -73.552076, 45.6026148 ], [ -73.5521635, 45.6023576 ], [ -73.552189, 45.6022833 ] ] } },
{ "type": "Feature", "properties": { "u": 1765456991, "v": 1765456988, "key": 0, "highway": "residential", "length_km": 0.069000876152424548, "h_neige": 10.39, "is_crit_security_social": true, "is_crit_economique": false, "quartier": "anjou", "scenario_1": true, "scenario_2": false, "scenario_3": true }, "geometry": { "type": "LineString", "coordinates": [ [ -73.5527124, 45.6036296 ], [ -73.5518358, 45.603535 ] ] } },
{ "type": "Feature", "properties": { "u": 1765456998, "v": 653993473, "key": 0, "highway": "residential", "length_km": 0.065856863184905412, "h_neige": 13.32, "is_crit_security_social": true, "is_crit_economique": false, "quartier": "anjou", "scenario_1": true, "scenario_2": false, "scenario_3": true }, "geometry": { "type": "LineString", "coordinates": [ [ -73.5517815, 45.6041689 ], [ -73.5509401, 45.6041036 ] ] } },
{ "type": "Feature", "properties": { "u": 1765456998, "v": 1765456988, "key": 0, "highway": "residential", "length_km": 0.070613866385436069, "h_neige": 18.39, "is_crit_security_social": true, "is_crit_economique": false, "quartier": "anjou", "scenario_1": true, "scenario_2": false, "scenario_3": true }, "geometry": { "type": "LineString", "coordinates": [ [ -73.5517815, 45.6041689 ], [ -73.5518101, 45.6038609 ], [ -73.5518358, 45.603535 ] ] } },
{ "type": "Feature", "properties": { "u": 1765456998, "v": 344874745, "key": 0, "highway": "residential", "length_km": 0.13685568519218075, "h_neige": 8.42, "is_crit_security_social": true, "is_crit_economique": false, "quartier": "anjou", "scenario_1": true, "scenario_2": false, "scenario_3": true }, "geometry": { "type": "LineString", "coordinates": [ [ -73.5517815, 45.6041689 ], [ -73.5530583, 45.6042666 ], [ -73.5532305, 45.6042809 ], [ -73.5532616, 45.6042836 ], [ -73.5533889, 45.6042947 ], [ -73.5535296, 45.6043069 ] ] } },
{ "type": "Feature", "properties": { "u": 1957011776, "v": 659719623, "key": 0, "highway": "tertiary", "length_km": 0.012873379826119538, "h_neige": 18.7, "is_crit_security_social": true, "is_crit_economique": true, "quartier": "anjou", "scenario_1": true, "scenario_2": true, "scenario_3": true }, "geometry": { "type": "LineString", "coordinates": [ [ -73.5552613, 45.6124356 ], [ -73.5553021, 45.6123234 ] ] } },
{ "type": "Feature", "properties": { "u": 1957011776, "v": 8894841090, "key": 0, "highway": "tertiary", "length_km": 0.15044013531516259, "h_neige": 3.71, "is_crit_security_social": true, "is_crit_economique": true, "quartier": "anjou", "scenario_1": true, "scenario_2": true, "scenario_3": true }, "geometry": { "type": "LineString", "coordinates": [ [ -73.5552613, 45.6124356 ], [ -73.5553368, 45.6124676 ], [ -73.5553663, 45.6124806 ], [ -73.5554942, 45.6125368 ], [ -73.5557475, 45.612648 ], [ -73.5559377, 45.6127316 ], [ -73.5564792, 45.6129694 ], [ -73.5566271, 45.6130332 ], [ -73.5567173, 45.6130722 ], [ -73.5569021, 45.6131519 ] ] } },
{ "type": "Feature", "properties": { "u": 1957011776, "v": 596643347, "key": 0, "highway": "residential", "length_km": 0.069157564453609779, "h_neige": 8.17, "is_crit_security_social": true, "is_crit_economique": false, "quartier": "anjou", "scenario_1": true, "scenario_2": false, "scenario_3": true }, "geometry": { "type": "LineString", "coordinates": [ [ -73.5552613, 45.6124356 ], [ -73.5552541, 45.6124771 ], [ -73.555249, 45.6125061 ], [ -73.5552335, 45.612535 ], [ -73.5551078, 45.6126742 ], [ -73.5548822, 45.6129316 ], [ -73.5548427, 45.6129774 ] ] } },
{ "type": "Feature", "properties": { "u": 2388532780, "v": 8875464027, "key": 0, "highway": "primary", "length_km": 0.093464467008206792, "h_neige": 11.11, "is_crit_security_social": true, "is_crit_economique": true, "quartier": "anjou", "scenario_1": true, "scenario_2": true, "scenario_3": true }, "geometry": { "type": "LineString", "coordinates": [ [ -73.5973412, 45.6145696 ], [ -73.5972066, 45.6146406 ], [ -73.5969771, 45.6147669 ], [ -73.5967929, 45.6148706 ], [ -73.5966173, 45.6149714 ], [ -73.5965274, 45.6150271 ], [ -73.5964109, 45.6151011 ] ] } },
{ "type": "Feature", "properties": { "u": 2882067748, "v": 596687383, "key": 0, "highway": "secondary", "length_km": 0.14276802713435313, "h_neige": 16.34, "is_crit_security_social": true, "is_crit_economique": true, "quartier": "anjou", "scenario_1": true, "scenario_2": true, "scenario_3": true }, "geometry": { "type": "LineString", "coordinates": [ [ -73.5688473, 45.5991846 ], [ -73.5688202, 45.5992418 ], [ -73.5687742, 45.5993253 ], [ -73.5687487, 45.5993708 ], [ -73.5687331, 45.5994121 ], [ -73.5687222, 45.5994555 ], [ -73.5687158, 45.599502 ], [ -73.5687128, 45.5995416 ], [ -73.5687143, 45.5995888 ], [ -73.5687195, 45.59964 ], [ -73.5687363, 45.599718 ], [ -73.5687515, 45.5997875 ], [ -73.5688544, 45.6001884 ], [ -73.5688669, 45.6002376 ], [ -73.5688774, 45.6002649 ], [ -73.5688886, 45.6002828 ], [ -73.5689039, 45.6002978 ], [ -73.5689228, 45.6003133 ], [ -73.5689461, 45.6003298 ], [ -73.5689735, 45.6003519 ], [ -73.5690428, 45.6003997 ] ] } },
{ "type": "Feature", "properties": { "u": 2887201480, "v": 246713985, "key": 0, "highway": "residential", "length_km": 0.1086045278397624, "h_neige": 19.62, "is_crit_security_social": true, "is_crit_economique": false, "quartier": "anjou", "scenario_1": true, "scenario_2": false, "scenario_3": true }, "geometry": { "type": "LineString", "coordinates": [ [ -73.5833717, 45.6065916 ], [ -73.5840499, 45.6058368 ], [ -73.5840677, 45.605817 ], [ -73.5841147, 45.6057647 ] ] } },
{ "type": "Feature", "properties": { "u": 2887201480, "v": 2887201480, "key": 0, "highway": "residential", "length_km": 0.093729455613235063, "h_neige": 14.34, "is_crit_security_social": true, "is_crit_economique": false, "quartier": "anjou", "scenario_1": true, "scenario_2": false, "scenario_3": true }, "geometry": { "type": "LineString", "coordinates": [ [ -73.5833717, 45.6065916 ], [ -73.5832504, 45.6067552 ], [ -73.5832373, 45.6067907 ], [ -73.5832301, 45.606826 ], [ -73.5832346, 45.606855 ], [ -73.5832524, 45.6068812 ], [ -73.5832899, 45.6069005 ], [ -73.5833326, 45.6069158 ], [ -73.5833768, 45.6069211 ], [ -73.5834243, 45.6069196 ], [ -73.5834868, 45.6068971 ], [ -73.5835279, 45.6068652 ], [ -73.5835357, 45.6068334 ], [ -73.5835334, 45.6068015 ], [ -73.5835209, 45.6067701 ], [ -73.5834992, 45.6067412 ], [ -73.5834199, 45.6066707 ], [ -73.5833929, 45.6066317 ], [ -73.5833717, 45.6065916 ] ] } },
{ "type": "Feature", "properties": { "u": 3015640427, "v": 3015640433, "key": 0, "highway": "tertiary", "length_km": 0.15031331537658896, "h_neige": 19.77, "is_crit_security_social": true, "is_crit_economique": true, "quartier": "anjou", "scenario_1": true, "scenario_2": true, "scenario_3": true }, "geometry": { "type": "LineString", "coordinates": [ [ -73.5567267, 45.6105032 ], [ -73.5566472, 45.6106034 ], [ -73.5562724, 45.6110294 ], [ -73.5557201, 45.611657 ] ] } },
{ "type": "Feature", "properties": { "u": 3015640433, "v": 596688689, "key": 0, "highway": "residential", "length_km": 0.0095774552258783858, "h_neige": 10.63, "is_crit_security_social": true, "is_crit_economique": false, "quartier": "anjou", "scenario_1": true, "scenario_2": false, "scenario_3": true }, "geometry": { "type": "LineString", "coordinates": [ [ -73.5557201, 45.611657 ], [ -73.5558242, 45.611703 ] ] } },
{ "type": "Feature", "properties": { "u": 3015640433, "v": 596688684, "key": 0, "highway": "residential", "length_km": 0.14925162631961233, "h_neige": 6.64, "is_crit_security_social": true, "is_crit_economique": false, "quartier": "anjou", "scenario_1": true, "scenario_2": false, "scenario_3": true }, "geometry": { "type": "LineString", "coordinates": [ [ -73.5557201, 45.611657 ], [ -73.5556121, 45.6116085 ], [ -73.5547909, 45.6112555 ], [ -73.5545021, 45.6111314 ], [ -73.5540866, 45.6109528 ] ] } },
{ "type": "Feature", "properties": { "u": 3015640433, "v": 8894840988, "key": 0, "highway": "tertiary", "length_km": 0.081407561961682043, "h_neige": 12.42, "is_crit_security_social": true, "is_crit_economique": true, "quartier": "anjou", "scenario_1": true, "scenario_2": true, "scenario_3": true }, "geometry": { "type": "LineString", "coordinates": [ [ -73.5557201, 45.611657 ], [ -73.5554369, 45.6119756 ], [ -73.5552471, 45.6121891 ], [ -73.555229, 45.612214 ], [ -73.5552255, 45.6122367 ], [ -73.5552316, 45.6122913 ] ] } },
{ "type": "Feature", "properties": { "u": 3206613836, "v": 8879992216, "key": 0, "highway": "secondary", "length_km": 0.042528200236261797, "h_neige": 11.94, "is_crit_security_social": true, "is_crit_economique": true, "quartier": "anjou", "scenario_1": true, "scenario_2": true, "scenario_3": true }, "geometry": { "type": "LineString", "coordinates": [ [ -73.5702952, 45.6074124 ], [ -73.5705305, 45.6075107 ], [ -73.5707617, 45.6076118 ] ] } },
{ "type": "Feature", "properties": { "u": 3212402316, "v": 8928725042, "key": 0, "highway": "secondary", "length_km": 0.061526158291427158, "h_neige": 12.47, "is_crit_security_social": true, "is_crit_economique": true, "quartier": "anjou", "scenario_1": true, "scenario_2": true, "scenario_3": true }, "geometry": { "type": "LineString", "coordinates": [ [ -73.569017, 45.5991388 ], [ -73.5690526, 45.5990871 ], [ -73.5692005, 45.5988368 ], [ -73.5692957, 45.5986218 ] ] } },
{ "type": "Feature", "properties": { "u": 3214535666, "v": 596688742, "key": 0, "highway": "secondary", "length_km": 0.091706988960445102, "h_neige": 16.81, "is_crit_security_social": true, "is_crit_economique": true, "quartier": "anjou", "scenario_1": true, "scenario_2": true, "scenario_3": true }, "geometry": { "type": "LineString", "coordinates": [ [ -73.5588542, 45.6129563 ], [ -73.5587885, 45.6130286 ], [ -73.5586146, 45.6132254 ], [ -73.5584091, 45.6134519 ], [ -73.5583684, 45.6134982 ], [ -73.558321, 45.6136803 ] ] } },
{ "type": "Feature", "properties": { "u": 3220478424, "v": 596643297, "key": 0, "highway": "secondary", "length_km": 0.050584029187513382, "h_neige": 8.42, "is_crit_security_social": true, "is_crit_economique": true, "quartier": "anjou", "scenario_1": true, "scenario_2": true, "scenario_3": true }, "geometry": { "type": "LineString", "coordinates": [ [ -73.5599883, 45.6125813 ], [ -73.5603219, 45.6121908 ] ] } },
{ "type": "Feature", "properties": { "u": 3220478426, "v": 3220478424, "key": 0, "highway": "secondary", "length_km": 0.098398359469699576, "h_neige": 3.99, "is_crit_security_social": true, "is_crit_economique": true, "quartier": "anjou", "scenario_1": true, "scenario_2": true, "scenario_3": true }, "geometry": { "type": "LineString", "coordinates": [ [ -73.5593623, 45.6133502 ], [ -73.5594478, 45.6132421 ], [ -73.5596844, 45.6129596 ], [ -73.5598363, 45.6127654 ], [ -73.5599883, 45.6125813 ] ] } },
{ "type": "Feature", "properties": { "u": 3803517638, "v": 596687296, "key": 0, "highway": "tertiary", "length_km": 0.013998607885295377, "h_neige": 7.56, "is_crit_security_social": true, "is_crit_economique": true, "quartier": "anjou", "scenario_1": true, "scenario_2": true, "scenario_3": true }, "geometry": { "type": "LineString", "coordinates": [ [ -73.5864065, 45.6067393 ], [ -73.5865458, 45.6066596 ] ] } },
{ "type": "Feature", "properties": { "u": 3803517638, "v": 596687302, "key": 0, "highway": "tertiary", "length_km": 0.16079716359578583, "h_neige": 4.91, "is_crit_security_social": true, "is_crit_economique": true, "quartier": "anjou", "scenario_1": true, "scenario_2": true, "scenario_3": true }, "geometry": { "type": "LineString", "coordinates": [ [ -73.5864065, 45.6067393 ], [ -73.586562, 45.6068072 ], [ -73.5871728, 45.607074 ], [ -73.5875691, 45.6072274 ], [ -73.587958, 45.6073819 ], [ -73.5882084, 45.6074394 ] ] } },
{ "type": "Feature", "properties": { "u": 3803517638, "v": 246713984, "key": 0, "highway": "tertiary", "length_km": 0.30563559145672026, "h_neige": 10.25, "is_crit_security_social": true, "is_crit_economique": true, "quartier": "anjou", "scenario_1": true, "scenario_2": true, "scenario_3": true }, "geometry": { "type": "LineString", "coordinates": [ [ -73.5864065, 45.6067393 ], [ -73.5863127, 45.606795 ], [ -73.5862803, 45.6068111 ], [ -73.5855782, 45.607218 ], [ -73.5852643, 45.6073999 ], [ -73.584885, 45.6076196 ], [ -73.5847808, 45.6076818 ], [ -73.5846612, 45.6077536 ], [ -73.5845458, 45.6078228 ], [ -73.5844171, 45.6078916 ], [ -73.583915, 45.6081867 ], [ -73.583812, 45.6082566 ], [ -73.5837201, 45.6083293 ], [ -73.5835688, 45.6084568 ], [ -73.5834631, 45.6085509 ] ] } },
{ "type": "Feature", "properties": { "u": 4305375662, "v": 596687453, "key": 0, "highway": "residential", "length_km": 0.014721380981355517, "h_neige": 2.6, "is_crit_security_social": true, "is_crit_economique": false, "quartier": "anjou", "scenario_1": true, "scenario_2": false, "scenario_3": true }, "geometry": { "type": "LineString", "coordinates": [ [ -73.5846653, 45.6060016 ], [ -73.5847632, 45.6058883 ] ] } },
{ "type": "Feature", "properties": { "u": 4305375662, "v": 3803517638, "key": 0, "highway": "tertiary", "length_km": 0.1583524494323017, "h_neige": 8.81, "is_crit_security_social": true, "is_crit_economique": true, "quartier": "anjou", "scenario_1": true, "scenario_2": true, "scenario_3": true }, "geometry": { "type": "LineString", "coordinates": [ [ -73.5846653, 45.6060016 ], [ -73.5847887, 45.6060541 ], [ -73.5853116, 45.6062764 ], [ -73.5862152, 45.6066606 ], [ -73.5862902, 45.6066913 ], [ -73.5864065, 45.6067393 ] ] } },
{ "type": "Feature", "properties": { "u": 4305375682, "v": 596687453, "key": 0, "highway": "tertiary", "length_km": 0.088974601724860158, "h_neige": 15.13, "is_crit_security_social": true, "is_crit_economique": true, "quartier": "anjou", "scenario_1": true, "scenario_2": true, "scenario_3": true }, "geometry": { "type": "LineString", "coordinates": [ [ -73.5857412, 45.6063032 ], [ -73.5847632, 45.6058883 ] ] } },
{ "type": "Feature", "properties": { "u": 4305375682, "v": 4305375685, "key": 0, "highway": "residential", "length_km": 0.084175021133351596, "h_neige": 10.84, "is_crit_security_social": true, "is_crit_economique": false, "quartier": "anjou", "scenario_1": true, "scenario_2": false, "scenario_3": true }, "geometry": { "type": "LineString", "coordinates": [ [ -73.5857412, 45.6063032 ], [ -73.5859712, 45.6060393 ], [ -73.5859286, 45.6057459 ], [ -73.5859563, 45.6057435 ], [ -73.5861456, 45.6057268 ] ] } },
{ "type": "Feature", "properties": { "u": 4305375685, "v": 4305375682, "key": 0, "highway": "residential", "length_km": 0.084175021133351596, "h_neige": 17.16, "is_crit_security_social": true, "is_crit_economique": false, "quartier": "anjou", "scenario_1": true, "scenario_2": false, "scenario_3": true }, "geometry": { "type": "LineString", "coordinates": [ [ -73.5861456, 45.6057268 ], [ -73.5859563, 45.6057435 ], [ -73.5859286, 45.6057459 ], [ -73.5859712, 45.6060393 ], [ -73.5857412, 45.6063032 ] ] } },
{ "type": "Feature", "properties": { "u": 4502353385, "v": 224886238, "key": 0, "highway": "primary", "length_km": 0.26408037725427314, "h_neige": 10.9, "is_crit_security_social": true, "is_crit_economique": true, "quartier": "anjou", "scenario_1": true, "scenario_2": true, "scenario_3": true }, "geometry": { "type": "LineString", "coordinates": [ [ -73.5865549, 45.6218391 ], [ -73.585837, 45.6223231 ], [ -73.5849364, 45.6229303 ], [ -73.5845142, 45.62322 ], [ -73.5842432, 45.6234115 ], [ -73.5841234, 45.6234968 ] ] } },
{ "type": "Feature", "properties": { "u": 4550018480, "v": 596644694, "key": 0, "highway": "residential", "length_km": 0.15576640844250231, "h_neige": 6.91, "is_crit_security_social": true, "is_crit_economique": false, "quartier": "anjou", "scenario_1": true, "scenario_2": false, "scenario_3": true }, "geometry": { "type": "LineString", "coordinates": [ [ -73.5500791, 45.6183493 ], [ -73.5516676, 45.6190299 ], [ -73.5517005, 45.619044 ], [ -73.551787, 45.619081 ] ] } },
{ "type": "Feature", "properties": { "u": 4659484168, "v": 4659484169, "key": 0, "highway": "tertiary", "length_km": 0.011163731303073167, "h_neige": 7.99, "is_crit_security_social": true, "is_crit_economique": true, "quartier": "anjou", "scenario_1": true, "scenario_2": true, "scenario_3": true }, "geometry": { "type": "LineString", "coordinates": [ [ -73.546378, 45.6034566 ], [ -73.546521, 45.603465 ] ] } },
{ "type": "Feature", "properties": { "u": 4659484168, "v": 344875266, "key": 0, "highway": "tertiary", "length_km": 0.11734476377703207, "h_neige": 5.04, "is_crit_security_social": true, "is_crit_economique": true, "quartier": "anjou", "scenario_1": true, "scenario_2": true, "scenario_3": true }, "geometry": { "type": "LineString", "coordinates": [ [ -73.546378, 45.6034566 ], [ -73.5463711, 45.6034953 ], [ -73.5463517, 45.6038672 ], [ -73.5462851, 45.6044352 ], [ -73.5462826, 45.6044561 ], [ -73.5462764, 45.6045092 ] ] } },
{ "type": "Feature", "properties": { "u": 4659484169, "v": 344875236, "key": 0, "highway": "tertiary", "length_km": 0.11397001551166494, "h_neige": 11.55, "is_crit_security_social": true, "is_crit_economique": true, "quartier": "anjou", "scenario_1": true, "scenario_2": true, "scenario_3": true }, "geometry": { "type": "LineString", "coordinates": [ [ -73.546521, 45.603465 ], [ -73.5466926, 45.6024471 ] ] } },
{ "type": "Feature", "properties": { "u": 4659484169, "v": 4659484168, "key": 0, "highway": "tertiary", "length_km": 0.011163731303073167, "h_neige": 18.94, "is_crit_security_social": true, "is_crit_economique": true, "quartier": "anjou", "scenario_1": true, "scenario_2": true, "scenario_3": true }, "geometry": { "type": "LineString", "coordinates": [ [ -73.546521, 45.603465 ], [ -73.546378, 45.6034566 ] ] } },
{ "type": "Feature", "properties": { "u": 4659650595, "v": 246713985, "key": 0, "highway": "tertiary", "length_km": 0.11043722565154103, "h_neige": 9.25, "is_crit_security_social": true, "is_crit_economique": true, "quartier": "anjou", "scenario_1": true, "scenario_2": true, "scenario_3": true }, "geometry": { "type": "LineString", "coordinates": [ [ -73.582897, 45.6052543 ], [ -73.5831424, 45.605356 ], [ -73.583964, 45.6056964 ], [ -73.5840253, 45.6057246 ], [ -73.5841147, 45.6057647 ] ] } },
{ "type": "Feature", "properties": { "u": 4666695373, "v": 246660901, "key": 0, "highway": "secondary", "length_km": 0.010285203467000971, "h_neige": 1.1, "is_crit_security_social": true, "is_crit_economique": true, "quartier": "anjou", "scenario_1": true, "scenario_2": true, "scenario_3": true }, "geometry": { "type": "LineString", "coordinates": [ [ -73.5689935, 45.6026492 ], [ -73.569029, 45.6025601 ] ] } },
{ "type": "Feature", "properties": { "u": 5051434320, "v": 246713686, "key": 0, "highway": "residential", "length_km": 0.098359118343291752, "h_neige": 8.66, "is_crit_security_social": true, "is_crit_economique": false, "quartier": "anjou", "scenario_1": true, "scenario_2": false, "scenario_3": true }, "geometry": { "type": "LineString", "coordinates": [ [ -73.5895478, 45.6071298 ], [ -73.5896176, 45.6072058 ], [ -73.5896796, 45.6072747 ], [ -73.5896932, 45.6073514 ], [ -73.5896951, 45.6073756 ], [ -73.5896841, 45.6074095 ], [ -73.5896117, 45.6075021 ], [ -73.5895842, 45.607526 ], [ -73.5895565, 45.6075399 ], [ -73.5895174, 45.6075561 ], [ -73.589477, 45.6075749 ], [ -73.5894335, 45.6076069 ], [ -73.5892074, 45.6078695 ] ] } },
{ "type": "Feature", "properties": { "u": 5305607394, "v": 598413469, "key": 0, "highway": "primary", "length_km": 0.19995780216026401, "h_neige": 8.74, "is_crit_security_social": true, "is_crit_economique": true, "quartier": "anjou", "scenario_1": true, "scenario_2": true, "scenario_3": true }, "geometry": { "type": "LineString", "coordinates": [ [ -73.5790836, 45.6269459 ], [ -73.5789954, 45.6270055 ], [ -73.5774236, 45.6280682 ], [ -73.5773364, 45.6281299 ], [ -73.5772391, 45.6281988 ] ] } },
{ "type": "Feature", "properties": { "u": 8553307641, "v": 2882067748, "key": 0, "highway": "secondary", "length_km": 0.011715874352886797, "h_neige": 6.35, "is_crit_security_social": true, "is_crit_economique": true, "quartier": "anjou", "scenario_1": true, "scenario_2": true, "scenario_3": true }, "geometry": { "type": "LineString", "coordinates": [ [ -73.5688943, 45.5990845 ], [ -73.5688473, 45.5991846 ] ] } },
{ "type": "Feature", "properties": { "u": 8553307646, "v": 246653340, "key": 0, "highway": "secondary", "length_km": 0.032138934967247762, "h_neige": 16.71, "is_crit_security_social": true, "is_crit_economique": true, "quartier": "anjou", "scenario_1": true, "scenario_2": true, "scenario_3": true }, "geometry": { "type": "LineString", "coordinates": [ [ -73.5688332, 45.5994992 ], [ -73.5688495, 45.59939 ], [ -73.5688793, 45.5993156 ], [ -73.5689078, 45.5992723 ], [ -73.5689474, 45.5992256 ] ] } },
{ "type": "Feature", "properties": { "u": 8875463943, "v": 10913918351, "key": 0, "highway": "secondary", "length_km": 0.28426304274712988, "h_neige": 2.05, "is_crit_security_social": true, "is_crit_economique": true, "quartier": "anjou", "scenario_1": true, "scenario_2": true, "scenario_3": true }, "geometry": { "type": "LineString", "coordinates": [ [ -73.5906135, 45.6144172 ], [ -73.5907987, 45.6144745 ], [ -73.592728, 45.6150752 ], [ -73.5933128, 45.6152572 ], [ -73.5936016, 45.6153459 ], [ -73.593953, 45.6154559 ] ] } },
{ "type": "Feature", "properties": { "u": 8875463955, "v": 596642963, "key": 0, "highway": "secondary", "length_km": 0.34339658356930458, "h_neige": 4.28, "is_crit_security_social": true, "is_crit_economique": true, "quartier": "anjou", "scenario_1": true, "scenario_2": true, "scenario_3": true }, "geometry": { "type": "LineString", "coordinates": [ [ -73.5839552, 45.6122524 ], [ -73.584412, 45.6124026 ], [ -73.5846339, 45.6124756 ], [ -73.5850038, 45.6125962 ], [ -73.5855536, 45.6127754 ], [ -73.5867983, 45.6131794 ], [ -73.5875642, 45.6134297 ], [ -73.5877918, 45.6135041 ], [ -73.5878309, 45.6135171 ], [ -73.587957, 45.6135567 ] ] } },
{ "type": "Feature", "properties": { "u": 8875464027, "v": 10913959485, "key": 0, "highway": "primary", "length_km": 0.24022152750035597, "h_neige": 5.85, "is_crit_security_social": true, "is_crit_economique": true, "quartier": "anjou", "scenario_1": true, "scenario_2": true, "scenario_3": true }, "geometry": { "type": "LineString", "coordinates": [ [ -73.5964109, 45.6151011 ], [ -73.5963022, 45.6151689 ], [ -73.5962002, 45.6152369 ], [ -73.5961062, 45.6152992 ], [ -73.5959239, 45.6154212 ], [ -73.5951078, 45.6159812 ], [ -73.5948249, 45.616173 ], [ -73.5944094, 45.6164547 ], [ -73.594192, 45.6166037 ] ] } },
{ "type": "Feature", "properties": { "u": 8878372078, "v": 8878372107, "key": 0, "highway": "secondary", "length_km": 0.64294723649561103, "h_neige": 18.25, "is_crit_security_social": true, "is_crit_economique": true, "quartier": "anjou", "scenario_1": true, "scenario_2": true, "scenario_3": true }, "geometry": { "type": "LineString", "coordinates": [ [ -73.5784967, 45.6097701 ], [ -73.577687, 45.6095093 ], [ -73.5768882, 45.6092321 ], [ -73.5765065, 45.6091054 ], [ -73.5761057, 45.6089706 ], [ -73.5756063, 45.6087962 ], [ -73.5752172, 45.6086571 ], [ -73.5751365, 45.6086279 ], [ -73.5747047, 45.6084719 ], [ -73.5744544, 45.6083817 ], [ -73.5741846, 45.608283 ], [ -73.5741583, 45.6082732 ], [ -73.5740765, 45.6082427 ], [ -73.5739536, 45.6081938 ], [ -73.5736907, 45.6080892 ], [ -73.5733106, 45.6079357 ], [ -73.572943, 45.6077861 ], [ -73.5724546, 45.6075789 ], [ -73.5719485, 45.6073606 ], [ -73.5713643, 45.6071063 ], [ -73.5712207, 45.607039 ] ] } },
{ "type": "Feature", "properties": { "u": 8878372102, "v": 344878150, "key": 0, "highway": "secondary", "length_km": 0.23363904448514136, "h_neige": 19.34, "is_crit_security_social": true, "is_crit_economique": true, "quartier": "anjou", "scenario_1": true, "scenario_2": true, "scenario_3": true }, "geometry": { "type": "LineString", "coordinates": [ [ -73.5708344, 45.6068383 ], [ -73.5707818, 45.6068066 ], [ -73.5706759, 45.6067408 ], [ -73.5705669, 45.6066682 ], [ -73.5704395, 45.6065784 ], [ -73.5703256, 45.6064975 ], [ -73.5702288, 45.6064227 ], [ -73.5701394, 45.606348 ], [ -73.570051, 45.60627 ], [ -73.5699666, 45.6061922 ], [ -73.5698892, 45.6061155 ], [ -73.5698253, 45.6060496 ], [ -73.5697683, 45.6059866 ], [ -73.5697208, 45.605927 ], [ -73.5696777, 45.6058698 ], [ -73.5696361, 45.6058152 ], [ -73.569589, 45.6057498 ], [ -73.5695383, 45.6056769 ], [ -73.5695023, 45.6056219 ], [ -73.5694679, 45.6055684 ], [ -73.5694359, 45.6055174 ], [ -73.5694032, 45.6054617 ], [ -73.5693698, 45.6054021 ], [ -73.5693415, 45.6053474 ], [ -73.5691855, 45.6051134 ] ] } },
{ "type": "Feature", "properties": { "u": 8878372107, "v": 8878372102, "key": 0, "highway": "secondary", "length_km": 0.037450344619771071, "h_neige": 16.17, "is_crit_security_social": true, "is_crit_economique": true, "quartier": "anjou", "scenario_1": true, "scenario_2": true, "scenario_3": true }, "geometry": { "type": "LineString", "coordinates": [ [ -73.5712207, 45.607039 ], [ -73.5711061, 45.6069836 ], [ -73.5709743, 45.6069165 ], [ -73.5708759, 45.6068633 ], [ -73.5708344, 45.6068383 ] ] } },
{ "type": "Feature", "properties": { "u": 8878542047, "v": 596642995, "key": 0, "highway": "secondary", "length_km": 0.15500087091177661, "h_neige": 19.19, "is_crit_security_social": true, "is_crit_economique": true, "quartier": "anjou", "scenario_1": true, "scenario_2": true, "scenario_3": true }, "geometry": { "type": "LineString", "coordinates": [ [ -73.5847394, 45.6118001 ], [ -73.5840527, 45.6115768 ], [ -73.5829331, 45.6112114 ] ] } },
{ "type": "Feature", "properties": { "u": 8879992216, "v": 596643089, "key": 0, "highway": "secondary", "length_km": 0.10393966004008448, "h_neige": 11.31, "is_crit_security_social": true, "is_crit_economique": true, "quartier": "anjou", "scenario_1": true, "scenario_2": true, "scenario_3": true }, "geometry": { "type": "LineString", "coordinates": [ [ -73.5707617, 45.6076118 ], [ -73.5714063, 45.6078878 ], [ -73.5719002, 45.6081011 ] ] } },
{ "type": "Feature", "properties": { "u": 8880694969, "v": 3206613836, "key": 0, "highway": "secondary", "length_km": 0.24564676598735569, "h_neige": 7.11, "is_crit_security_social": true, "is_crit_economique": true, "quartier": "anjou", "scenario_1": true, "scenario_2": true, "scenario_3": true }, "geometry": { "type": "LineString", "coordinates": [ [ -73.5673003, 45.606803 ], [ -73.567616, 45.6068329 ], [ -73.5676755, 45.6068317 ], [ -73.5676906, 45.6068315 ], [ -73.567798, 45.6068344 ], [ -73.5679623, 45.6068429 ], [ -73.5681217, 45.6068565 ], [ -73.5682857, 45.6068756 ], [ -73.5684283, 45.6068934 ], [ -73.5685823, 45.606916 ], [ -73.5687446, 45.6069437 ], [ -73.5689104, 45.6069755 ], [ -73.5690878, 45.6070145 ], [ -73.5692484, 45.6070538 ], [ -73.5694012, 45.6070939 ], [ -73.569584, 45.6071452 ], [ -73.5697552, 45.6072016 ], [ -73.5699014, 45.6072511 ], [ -73.5700506, 45.6073077 ], [ -73.5702952, 45.6074124 ] ] } },
{ "type": "Feature", "properties": { "u": 8880694969, "v": 344878150, "key": 0, "highway": "secondary", "length_km": 0.26017083790471479, "h_neige": 6.08, "is_crit_security_social": true, "is_crit_economique": true, "quartier": "anjou", "scenario_1": true, "scenario_2": true, "scenario_3": true }, "geometry": { "type": "LineString", "coordinates": [ [ -73.5673003, 45.606803 ], [ -73.567614, 45.6067296 ], [ -73.5676465, 45.6067218 ], [ -73.5677188, 45.6067033 ], [ -73.5677933, 45.6066808 ], [ -73.5678617, 45.606659 ], [ -73.5679713, 45.6066207 ], [ -73.5680723, 45.6065828 ], [ -73.5681903, 45.6065325 ], [ -73.5683064, 45.6064755 ], [ -73.5684191, 45.6064112 ], [ -73.5685205, 45.6063484 ], [ -73.5686093, 45.6062842 ], [ -73.5686992, 45.6062115 ], [ -73.5687789, 45.6061412 ], [ -73.5688498, 45.60607 ], [ -73.568908, 45.6060049 ], [ -73.5689616, 45.6059327 ], [ -73.5690181, 45.6058473 ], [ -73.5690713, 45.6057488 ], [ -73.5691098, 45.6056615 ], [ -73.569136, 45.6055769 ], [ -73.5691577, 45.6054765 ], [ -73.5691714, 45.6054013 ], [ -73.5691745, 45.6053554 ], [ -73.5691855, 45.6051134 ] ] } },
{ "type": "Feature", "properties": { "u": 8881181020, "v": 596687642, "key": 0, "highway": "secondary", "length_km": 0.22229878843711259, "h_neige": 0.18, "is_crit_security_social": true, "is_crit_economique": true, "quartier": "anjou", "scenario_1": true, "scenario_2": true, "scenario_3": true }, "geometry": { "type": "LineString", "coordinates": [ [ -73.5619592, 45.6025345 ], [ -73.5617639, 45.6024606 ], [ -73.5616646, 45.602424 ], [ -73.5614786, 45.6023483 ], [ -73.5613002, 45.6022753 ], [ -73.5611048, 45.6021927 ], [ -73.5608587, 45.6020837 ], [ -73.560573, 45.6019633 ], [ -73.5599641, 45.6016963 ], [ -73.5597669, 45.6016108 ], [ -73.5595141, 45.6015009 ] ] } },
{ "type": "Feature", "properties": { "u": 8881399023, "v": 8881462340, "key": 0, "highway": "secondary", "length_km": 0.46310378255655688, "h_neige": 13.28, "is_crit_security_social": true, "is_crit_economique": true, "quartier": "anjou", "scenario_1": true, "scenario_2": true, "scenario_3": true }, "geometry": { "type": "LineString", "coordinates": [ [ -73.5669999, 45.602648 ], [ -73.5664422, 45.6027734 ], [ -73.5663444, 45.6027892 ], [ -73.5661242, 45.6028277 ], [ -73.5658901, 45.602867 ], [ -73.5656695, 45.6029063 ], [ -73.5654377, 45.6029455 ], [ -73.5652095, 45.602983 ], [ -73.5650137, 45.6030181 ], [ -73.564887, 45.6030444 ], [ -73.5647771, 45.6030717 ], [ -73.5646829, 45.603099 ], [ -73.5645752, 45.6031378 ], [ -73.5644698, 45.603181 ], [ -73.5643765, 45.6032251 ], [ -73.5642788, 45.6032794 ], [ -73.5641937, 45.603332 ], [ -73.5641198, 45.6033869 ], [ -73.5640282, 45.6034622 ], [ -73.5639548, 45.6035327 ], [ -73.5638915, 45.6036006 ], [ -73.5638387, 45.6036705 ], [ -73.5637902, 45.6037463 ], [ -73.5637588, 45.603805 ], [ -73.5637215, 45.6038824 ], [ -73.5636893, 45.603966 ], [ -73.5636727, 45.6040261 ], [ -73.5636586, 45.6040976 ], [ -73.5636423, 45.6041757 ], [ -73.5636382, 45.6042499 ], [ -73.563638, 45.6043147 ], [ -73.5636441, 45.6043767 ], [ -73.563661, 45.6044541 ], [ -73.5636821, 45.6045258 ], [ -73.5637172, 45.6046201 ], [ -73.5637482, 45.6047087 ], [ -73.5637814, 45.6047977 ], [ -73.5638266, 45.6049243 ], [ -73.563858, 45.6050119 ], [ -73.5639469, 45.6052672 ] ] } },
{ "type": "Feature", "properties": { "u": 8881399023, "v": 8881181020, "key": 0, "highway": "secondary", "length_km": 0.39659516462832856, "h_neige": 0.24, "is_crit_security_social": true, "is_crit_economique": true, "quartier": "anjou", "scenario_1": true, "scenario_2": true, "scenario_3": true }, "geometry": { "type": "LineString", "coordinates": [ [ -73.5669999, 45.602648 ], [ -73.5664164, 45.6026834 ], [ -73.5655092, 45.602779 ], [ -73.5652815, 45.6027995 ], [ -73.5650666, 45.6028152 ], [ -73.5649143, 45.6028238 ], [ -73.5647553, 45.6028301 ], [ -73.564618, 45.6028327 ], [ -73.5645005, 45.602832 ], [ -73.5643728, 45.6028283 ], [ -73.5639881, 45.6028094 ], [ -73.5638466, 45.6027994 ], [ -73.5637087, 45.602788 ], [ -73.563542, 45.6027703 ], [ -73.5634351, 45.6027575 ], [ -73.5632912, 45.6027361 ], [ -73.5630382, 45.6026951 ], [ -73.5628091, 45.6026593 ], [ -73.5626694, 45.602638 ], [ -73.5625298, 45.6026168 ], [ -73.5624077, 45.6025968 ], [ -73.5622908, 45.6025761 ], [ -73.5622095, 45.6025609 ], [ -73.5619592, 45.6025345 ] ] } },
{ "type": "Feature", "properties": { "u": 8881451943, "v": 344873773, "key": 0, "highway": "secondary", "length_km": 0.1157334996490632, "h_neige": 18.14, "is_crit_security_social": true, "is_crit_economique": true, "quartier": "anjou", "scenario_1": true, "scenario_2": true, "scenario_3": true }, "geometry": { "type": "LineString", "coordinates": [ [ -73.5539499, 45.5996859 ], [ -73.5552019, 45.600248 ] ] } },
{ "type": "Feature", "properties": { "u": 8881451946, "v": 8883644593, "key": 0, "highway": "secondary", "length_km": 0.10598352136474774, "h_neige": 19.48, "is_crit_security_social": true, "is_crit_economique": true, "quartier": "anjou", "scenario_1": true, "scenario_2": true, "scenario_3": true }, "geometry": { "type": "LineString", "coordinates": [ [ -73.5517832, 45.5987127 ], [ -73.552928, 45.5992293 ] ] } },
{ "type": "Feature", "properties": { "u": 8881462340, "v": 344874320, "key": 0, "highway": "secondary", "length_km": 0.071601089910796265, "h_neige": 11.09, "is_crit_security_social": true, "is_crit_economique": true, "quartier": "anjou", "scenario_1": true, "scenario_2": true, "scenario_3": true }, "geometry": { "type": "LineString", "coordinates": [ [ -73.5639469, 45.6052672 ], [ -73.5639826, 45.605356 ], [ -73.5640206, 45.6054523 ], [ -73.5640429, 45.6055137 ], [ -73.564112, 45.605704 ], [ -73.5641354, 45.6057702 ], [ -73.5641707, 45.6058916 ] ] } },
{ "type": "Feature", "properties": { "u": 8883449829, "v": 246653210, "key": 0, "highway": "secondary", "length_km": 0.11368999088879948, "h_neige": 12.21, "is_crit_security_social": true, "is_crit_economique": true, "quartier": "anjou", "scenario_1": true, "scenario_2": true, "scenario_3": true }, "geometry": { "type": "LineString", "coordinates": [ [ -73.5546089, 45.5993465 ], [ -73.5543155, 45.5992147 ], [ -73.5538938, 45.5990251 ], [ -73.5533796, 45.5987937 ] ] } },
{ "type": "Feature", "properties": { "u": 8883545437, "v": 246658052, "key": 0, "highway": "secondary", "length_km": 0.22654588022977246, "h_neige": 12.99, "is_crit_security_social": true, "is_crit_economique": true, "quartier": "anjou", "scenario_1": true, "scenario_2": true, "scenario_3": true }, "geometry": { "type": "LineString", "coordinates": [ [ -73.5714333, 45.5986817 ], [ -73.5710953, 45.5990711 ], [ -73.5710417, 45.5991327 ], [ -73.5709731, 45.5992108 ], [ -73.5709427, 45.5992454 ], [ -73.5705636, 45.5996771 ], [ -73.5698807, 45.600405 ] ] } },
{ "type": "Feature", "properties": { "u": 8883545460, "v": 246653338, "key": 0, "highway": "secondary", "length_km": 0.049653513922737431, "h_neige": 9.8, "is_crit_security_social": true, "is_crit_economique": true, "quartier": "anjou", "scenario_1": true, "scenario_2": true, "scenario_3": true }, "geometry": { "type": "LineString", "coordinates": [ [ -73.570584, 45.5971463 ], [ -73.5705262, 45.5972122 ], [ -73.5703163, 45.5974494 ], [ -73.5703013, 45.5974663 ], [ -73.5702479, 45.5975259 ] ] } },
{ "type": "Feature", "properties": { "u": 8883545495, "v": 8883545437, "key": 0, "highway": "secondary", "length_km": 0.13654759144501827, "h_neige": 2.75, "is_crit_security_social": true, "is_crit_economique": true, "quartier": "anjou", "scenario_1": true, "scenario_2": true, "scenario_3": true }, "geometry": { "type": "LineString", "coordinates": [ [ -73.5723637, 45.5976411 ], [ -73.5720253, 45.5980298 ], [ -73.5717111, 45.5984015 ], [ -73.5714333, 45.5986817 ] ] } },
{ "type": "Feature", "properties": { "u": 8883644593, "v": 8881451943, "key": 0, "highway": "secondary", "length_km": 0.094332392212366514, "h_neige": 4.59, "is_crit_security_social": true, "is_crit_economique": true, "quartier": "anjou", "scenario_1": true, "scenario_2": true, "scenario_3": true }, "geometry": { "type": "LineString", "coordinates": [ [ -73.552928, 45.5992293 ], [ -73.5539499, 45.5996859 ] ] } },
{ "type": "Feature", "properties": { "u": 8883654944, "v": 8881462340, "key": 0, "highway": "secondary", "length_km": 0.23468256112257993, "h_neige": 17.08, "is_crit_security_social": true, "is_crit_economique": true, "quartier": "anjou", "scenario_1": true, "scenario_2": true, "scenario_3": true }, "geometry": { "type": "LineString", "coordinates": [ [ -73.5621989, 45.6035571 ], [ -73.5623258, 45.6036822 ], [ -73.5624076, 45.6037628 ], [ -73.5626698, 45.6039744 ], [ -73.5626991, 45.6039983 ], [ -73.562936, 45.604195 ], [ -73.5631096, 45.6043359 ], [ -73.5631262, 45.6043508 ], [ -73.5632376, 45.6044472 ], [ -73.5632708, 45.6044774 ], [ -73.5633149, 45.6045174 ], [ -73.5633912, 45.6045928 ], [ -73.563459, 45.6046645 ], [ -73.5635238, 45.6047465 ], [ -73.5635982, 45.6048421 ], [ -73.5636689, 45.6049451 ], [ -73.5637279, 45.6050302 ], [ -73.5637426, 45.6050499 ], [ -73.5639469, 45.6052672 ] ] } },
{ "type": "Feature", "properties": { "u": 8890420820, "v": 8894840690, "key": 0, "highway": "secondary", "length_km": 0.046140566161381513, "h_neige": 11.68, "is_crit_security_social": true, "is_crit_economique": true, "quartier": "anjou", "scenario_1": true, "scenario_2": true, "scenario_3": true }, "geometry": { "type": "LineString", "coordinates": [ [ -73.5576912, 45.6152375 ], [ -73.55775, 45.6151348 ], [ -73.5577621, 45.6151222 ], [ -73.5578237, 45.6150471 ], [ -73.5579778, 45.6148756 ] ] } },
{ "type": "Feature", "properties": { "u": 8894840453, "v": 3220478426, "key": 0, "highway": "secondary", "length_km": 0.014710506389720865, "h_neige": 4.43, "is_crit_security_social": true, "is_crit_economique": true, "quartier": "anjou", "scenario_1": true, "scenario_2": true, "scenario_3": true }, "geometry": { "type": "LineString", "coordinates": [ [ -73.5592594, 45.6134612 ], [ -73.5593623, 45.6133502 ] ] } },
{ "type": "Feature", "properties": { "u": 8894840690, "v": 8894840703, "key": 0, "highway": "secondary", "length_km": 0.056896026493802314, "h_neige": 7.85, "is_crit_security_social": true, "is_crit_economique": true, "quartier": "anjou", "scenario_1": true, "scenario_2": true, "scenario_3": true }, "geometry": { "type": "LineString", "coordinates": [ [ -73.5579778, 45.6148756 ], [ -73.558261, 45.6145518 ], [ -73.5583827, 45.6144508 ] ] } },
{ "type": "Feature", "properties": { "u": 8894840703, "v": 8894840453, "key": 0, "highway": "secondary", "length_km": 0.12945450109211576, "h_neige": 1.76, "is_crit_security_social": true, "is_crit_economique": true, "quartier": "anjou", "scenario_1": true, "scenario_2": true, "scenario_3": true }, "geometry": { "type": "LineString", "coordinates": [ [ -73.5583827, 45.6144508 ], [ -73.5586994, 45.6140953 ], [ -73.5588634, 45.6139077 ], [ -73.5592594, 45.6134612 ] ] } },
{ "type": "Feature", "properties": { "u": 8894840988, "v": 1957011776, "key": 0, "highway": "tertiary", "length_km": 0.016210896360495636, "h_neige": 0.53, "is_crit_security_social": true, "is_crit_economique": true, "quartier": "anjou", "scenario_1": true, "scenario_2": true, "scenario_3": true }, "geometry": { "type": "LineString", "coordinates": [ [ -73.5552316, 45.6122913 ], [ -73.5552613, 45.6124356 ] ] } },
{ "type": "Feature", "properties": { "u": 8894840988, "v": 622788592, "key": 0, "highway": "tertiary", "length_km": 0.30959678517384998, "h_neige": 7.05, "is_crit_security_social": true, "is_crit_economique": true, "quartier": "anjou", "scenario_1": true, "scenario_2": true, "scenario_3": true }, "geometry": { "type": "LineString", "coordinates": [ [ -73.5552316, 45.6122913 ], [ -73.555137, 45.6122529 ], [ -73.5551141, 45.6122431 ], [ -73.5549271, 45.6121621 ], [ -73.5548277, 45.6121191 ], [ -73.5518433, 45.6108304 ] ] } },
{ "type": "Feature", "properties": { "u": 8894922063, "v": 8890420820, "key": 0, "highway": "secondary", "length_km": 0.23040420376906037, "h_neige": 17.47, "is_crit_security_social": true, "is_crit_economique": true, "quartier": "anjou", "scenario_1": true, "scenario_2": true, "scenario_3": true }, "geometry": { "type": "LineString", "coordinates": [ [ -73.5561601, 45.617011 ], [ -73.5562717, 45.6168825 ], [ -73.5564124, 45.61672 ], [ -73.5566759, 45.6164218 ], [ -73.5570906, 45.6159476 ], [ -73.557305, 45.615709 ], [ -73.5574504, 45.6155408 ], [ -73.5576912, 45.6152375 ] ] } },
{ "type": "Feature", "properties": { "u": 8894922101, "v": 596688745, "key": 0, "highway": "secondary", "length_km": 0.036058511597812745, "h_neige": 15.74, "is_crit_security_social": true, "is_crit_economique": true, "quartier": "anjou", "scenario_1": true, "scenario_2": true, "scenario_3": true }, "geometry": { "type": "LineString", "coordinates": [ [ -73.5580446, 45.6140011 ], [ -73.5579334, 45.614136 ], [ -73.557804, 45.6142782 ] ] } },
{ "type": "Feature", "properties": { "u": 8928725042, "v": 246653338, "key": 0, "highway": "secondary", "length_km": 0.14261741675890716, "h_neige": 13.85, "is_crit_security_social": true, "is_crit_economique": true, "quartier": "anjou", "scenario_1": true, "scenario_2": true, "scenario_3": true }, "geometry": { "type": "LineString", "coordinates": [ [ -73.5692957, 45.5986218 ], [ -73.5693525, 45.5985548 ], [ -73.5693987, 45.5985002 ], [ -73.569526, 45.5983574 ], [ -73.5695544, 45.5983265 ], [ -73.5695933, 45.5982816 ], [ -73.5697825, 45.5980609 ], [ -73.5699791, 45.5978389 ], [ -73.5700535, 45.5977537 ], [ -73.5701004, 45.5977001 ], [ -73.5701718, 45.5976164 ], [ -73.5701928, 45.5975914 ], [ -73.5702479, 45.5975259 ] ] } },
{ "type": "Feature", "properties": { "u": 8928725042, "v": 8553307641, "key": 0, "highway": "secondary", "length_km": 0.060635110408544676, "h_neige": 10.07, "is_crit_security_social": true, "is_crit_economique": true, "quartier": "anjou", "scenario_1": true, "scenario_2": true, "scenario_3": true }, "geometry": { "type": "LineString", "coordinates": [ [ -73.5692957, 45.5986218 ], [ -73.5690918, 45.5987978 ], [ -73.5689374, 45.5990042 ], [ -73.5689233, 45.5990291 ], [ -73.5688943, 45.5990845 ] ] } },
{ "type": "Feature", "properties": { "u": 9201323748, "v": 246713985, "key": 0, "highway": "residential", "length_km": 0.014749211780318012, "h_neige": 14.49, "is_crit_security_social": true, "is_crit_economique": false, "quartier": "anjou", "scenario_1": true, "scenario_2": false, "scenario_3": true }, "geometry": { "type": "LineString", "coordinates": [ [ -73.5842156, 45.6056524 ], [ -73.5841147, 45.6057647 ] ] } },
{ "type": "Feature", "properties": { "u": 9201323748, "v": 4659650594, "key": 0, "highway": "tertiary", "length_km": 0.11091830730834884, "h_neige": 2.25, "is_crit_security_social": true, "is_crit_economique": true, "quartier": "anjou", "scenario_1": true, "scenario_2": true, "scenario_3": true }, "geometry": { "type": "LineString", "coordinates": [ [ -73.5842156, 45.6056524 ], [ -73.584146, 45.6056204 ], [ -73.5830008, 45.6051302 ] ] } },
{ "type": "Feature", "properties": { "u": 10913959485, "v": 224911443, "key": 0, "highway": "primary", "length_km": 0.039445951606613419, "h_neige": 18.62, "is_crit_security_social": true, "is_crit_economique": true, "quartier": "anjou", "scenario_1": true, "scenario_2": true, "scenario_3": true }, "geometry": { "type": "LineString", "coordinates": [ [ -73.594192, 45.6166037 ], [ -73.5940403, 45.616712 ], [ -73.5938325, 45.6168539 ] ] } },
{ "type": "Feature", "properties": { "u": 12596350195, "v": 246660898, "key": 0, "highway": "secondary", "length_km": 0.033536856812179598, "h_neige": 18.22, "is_crit_security_social": true, "is_crit_economique": true, "quartier": "anjou", "scenario_1": true, "scenario_2": true, "scenario_3": true }, "geometry": { "type": "LineString", "coordinates": [ [ -73.5719082, 45.5988989 ], [ -73.5721338, 45.5986419 ] ] } },
{ "type": "Feature", "properties": { "u": 224806465, "v": 320621114, "key": 0, "highway": "primary", "length_km": 0.1472762752911739, "h_neige": 7.69, "is_crit_security_social": true, "is_crit_economique": true, "quartier": "riviere_des_prairies", "scenario_1": true, "scenario_2": true, "scenario_3": true }, "geometry": { "type": "LineString", "coordinates": [ [ -73.5155208, 45.6387332 ], [ -73.5154915, 45.6388143 ], [ -73.5150927, 45.6399184 ], [ -73.5150859, 45.6399387 ], [ -73.5150595, 45.6400178 ] ] } },
{ "type": "Feature", "properties": { "u": 224806468, "v": 4667250394, "key": 0, "highway": "primary", "length_km": 0.089183402442709711, "h_neige": 15.82, "is_crit_security_social": true, "is_crit_economique": true, "quartier": "riviere_des_prairies", "scenario_1": true, "scenario_2": true, "scenario_3": true }, "geometry": { "type": "LineString", "coordinates": [ [ -73.5143982, 45.6420024 ], [ -73.5141177, 45.6427801 ] ] } },
{ "type": "Feature", "properties": { "u": 224817696, "v": 224817703, "key": 0, "highway": "primary", "length_km": 0.013138208922385753, "h_neige": 11.84, "is_crit_security_social": true, "is_crit_economique": true, "quartier": "riviere_des_prairies", "scenario_1": true, "scenario_2": true, "scenario_3": true }, "geometry": { "type": "LineString", "coordinates": [ [ -73.5106624, 45.6527001 ], [ -73.510623, 45.652815 ] ] } },
{ "type": "Feature", "properties": { "u": 224817703, "v": 4539923790, "key": 0, "highway": "primary", "length_km": 0.11414837129355888, "h_neige": 14.76, "is_crit_security_social": true, "is_crit_economique": true, "quartier": "riviere_des_prairies", "scenario_1": true, "scenario_2": true, "scenario_3": true }, "geometry": { "type": "LineString", "coordinates": [ [ -73.510623, 45.652815 ], [ -73.5102862, 45.6538142 ] ] } },
{ "type": "Feature", "properties": { "u": 224826053, "v": 595748273, "key": 0, "highway": "primary", "length_km": 0.074909589519177977, "h_neige": 6.23, "is_crit_security_social": true, "is_crit_economique": true, "quartier": "riviere_des_prairies", "scenario_1": true, "scenario_2": true, "scenario_3": true }, "geometry": { "type": "LineString", "coordinates": [ [ -73.5145691, 45.6420337 ], [ -73.5146252, 45.641865 ], [ -73.5147531, 45.6414803 ], [ -73.5147599, 45.641459 ], [ -73.5147859, 45.6413773 ] ] } },
{ "type": "Feature", "properties": { "u": 224826072, "v": 293304288, "key": 0, "highway": "primary", "length_km": 0.013363538887942453, "h_neige": 5.56, "is_crit_security_social": true, "is_crit_economique": true, "quartier": "riviere_des_prairies", "scenario_1": true, "scenario_2": true, "scenario_3": true }, "geometry": { "type": "LineString", "coordinates": [ [ -73.5108397, 45.6528497 ], [ -73.5108796, 45.6527328 ] ] } },
{ "type": "Feature", "properties": { "u": 224826075, "v": 297626314, "key": 0, "highway": "primary", "length_km": 0.088939055766430145, "h_neige": 16.59, "is_crit_security_social": true, "is_crit_economique": true, "quartier": "riviere_des_prairies", "scenario_1": true, "scenario_2": true, "scenario_3": true }, "geometry": { "type": "LineString", "coordinates": [ [ -73.5071227, 45.6636073 ], [ -73.5073972, 45.6628308 ] ] } },
{ "type": "Feature", "properties": { "u": 224826079, "v": 369558048, "key": 0, "highway": "primary", "length_km": 0.0098280109294796858, "h_neige": 16.53, "is_crit_security_social": true, "is_crit_economique": true, "quartier": "riviere_des_prairies", "scenario_1": true, "scenario_2": true, "scenario_3": true }, "geometry": { "type": "LineString", "coordinates": [ [ -73.5139521, 45.6438353 ], [ -73.5139794, 45.643749 ] ] } },
{ "type": "Feature", "properties": { "u": 224826079, "v": 4667249877, "key": 0, "highway": "secondary", "length_km": 0.13629267052682803, "h_neige": 9.72, "is_crit_security_social": true, "is_crit_economique": true, "quartier": "riviere_des_prairies", "scenario_1": true, "scenario_2": true, "scenario_3": true }, "geometry": { "type": "LineString", "coordinates": [ [ -73.5139521, 45.6438353 ], [ -73.5140533, 45.6438517 ], [ -73.5141919, 45.6438742 ], [ -73.514638, 45.6439465 ], [ -73.5147783, 45.6439693 ], [ -73.5148155, 45.6439764 ], [ -73.5150188, 45.6440125 ], [ -73.5156587, 45.6441159 ] ] } },
{ "type": "Feature", "properties": { "u": 224826093, "v": 923862524, "key": 0, "highway": "primary", "length_km": 0.084011005760194518, "h_neige": 2.55, "is_crit_security_social": true, "is_crit_economique": true, "quartier": "riviere_des_prairies", "scenario_1": true, "scenario_2": true, "scenario_3": true }, "geometry": { "type": "LineString", "coordinates": [ [ -73.5052818, 45.667843 ], [ -73.505124, 45.6683547 ], [ -73.5050529, 45.6685814 ] ] } },
{ "type": "Feature", "properties": { "u": 224826112, "v": 5349628392, "key": 0, "highway": "primary", "length_km": 0.01557720785808547, "h_neige": 3.54, "is_crit_security_social": true, "is_crit_economique": true, "quartier": "riviere_des_prairies", "scenario_1": true, "scenario_2": true, "scenario_3": true }, "geometry": { "type": "LineString", "coordinates": [ [ -73.5046077, 45.6705956 ], [ -73.5045602, 45.6707317 ] ] } },
{ "type": "Feature", "properties": { "u": 224826112, "v": 621016693, "key": 0, "highway": "primary", "length_km": 0.13481203190823948, "h_neige": 9.35, "is_crit_security_social": true, "is_crit_economique": true, "quartier": "riviere_des_prairies", "scenario_1": true, "scenario_2": true, "scenario_3": true }, "geometry": { "type": "LineString", "coordinates": [ [ -73.5046077, 45.6705956 ], [ -73.5046983, 45.6704208 ], [ -73.5049484, 45.6699378 ], [ -73.5051709, 45.66955 ], [ -73.5051843, 45.6695258 ], [ -73.5052215, 45.6694618 ] ] } },
{ "type": "Feature", "properties": { "u": 224826116, "v": 224826075, "key": 0, "highway": "primary", "length_km": 0.068677508726843403, "h_neige": 19.65, "is_crit_security_social": true, "is_crit_economique": true, "quartier": "riviere_des_prairies", "scenario_1": true, "scenario_2": true, "scenario_3": true }, "geometry": { "type": "LineString", "coordinates": [ [ -73.5069073, 45.6642063 ], [ -73.5070921, 45.6636959 ], [ -73.5071227, 45.6636073 ] ] } },
{ "type": "Feature", "properties": { "u": 224826129, "v": 369552028, "key": 0, "highway": "primary", "length_km": 0.079275189775969035, "h_neige": 6.69, "is_crit_security_social": true, "is_crit_economique": true, "quartier": "riviere_des_prairies", "scenario_1": true, "scenario_2": true, "scenario_3": true }, "geometry": { "type": "LineString", "coordinates": [ [ -73.5067097, 45.6656357 ], [ -73.5066679, 45.6653082 ], [ -73.5066756, 45.6649241 ] ] } },
{ "type": "Feature", "properties": { "u": 224826155, "v": 297627055, "key": 0, "highway": "primary", "length_km": 0.29487621645561668, "h_neige": 11.61, "is_crit_security_social": true, "is_crit_economique": true, "quartier": "riviere_des_prairies", "scenario_1": true, "scenario_2": true, "scenario_3": true }, "geometry": { "type": "LineString", "coordinates": [ [ -73.5063097, 45.6681191 ], [ -73.5071711, 45.6672292 ], [ -73.507866, 45.6665902 ], [ -73.5083817, 45.6662091 ], [ -73.5086521, 45.6660448 ] ] } },
{ "type": "Feature", "properties": { "u": 224826155, "v": 4035259425, "key": 0, "highway": "primary", "length_km": 0.20340520366759912, "h_neige": 2.91, "is_crit_security_social": true, "is_crit_economique": true, "quartier": "riviere_des_prairies", "scenario_1": true, "scenario_2": true, "scenario_3": true }, "geometry": { "type": "LineString", "coordinates": [ [ -73.5063097, 45.6681191 ], [ -73.5068219, 45.6674813 ], [ -73.5069324, 45.6672878 ], [ -73.5069855, 45.667142 ], [ -73.5070338, 45.6669302 ], [ -73.5070499, 45.6667391 ], [ -73.5070259, 45.6665617 ], [ -73.5070118, 45.6665123 ], [ -73.5069824, 45.6664097 ] ] } },
{ "type": "Feature", "properties": { "u": 224826168, "v": 295801682, "key": 0, "highway": "primary", "length_km": 0.23412508439151888, "h_neige": 18.75, "is_crit_security_social": true, "is_crit_economique": true, "quartier": "riviere_des_prairies", "scenario_1": true, "scenario_2": true, "scenario_3": true }, "geometry": { "type": "LineString", "coordinates": [ [ -73.5023747, 45.6769948 ], [ -73.5023424, 45.6770872 ], [ -73.5016897, 45.6789576 ], [ -73.5016608, 45.6790404 ] ] } },
{ "type": "Feature", "properties": { "u": 224826168, "v": 295801588, "key": 0, "highway": "primary", "length_km": 0.55585240283591952, "h_neige": 1.66, "is_crit_security_social": true, "is_crit_economique": true, "quartier": "riviere_des_prairies", "scenario_1": true, "scenario_2": true, "scenario_3": true }, "geometry": { "type": "LineString", "coordinates": [ [ -73.5023747, 45.6769948 ], [ -73.5024057, 45.6769059 ], [ -73.5028286, 45.675694 ], [ -73.5028797, 45.6755477 ], [ -73.5034822, 45.6738212 ], [ -73.5034923, 45.6737922 ], [ -73.5035294, 45.6736814 ], [ -73.5035464, 45.6736373 ], [ -73.5035516, 45.6736223 ], [ -73.5036559, 45.6733233 ], [ -73.5040204, 45.6722787 ], [ -73.5040694, 45.6721382 ] ] } },
{ "type": "Feature", "properties": { "u": 224826171, "v": 224826179, "key": 0, "highway": "primary", "length_km": 0.17326591797729818, "h_neige": 15.82, "is_crit_security_social": true, "is_crit_economique": true, "quartier": "riviere_des_prairies", "scenario_1": true, "scenario_2": true, "scenario_3": true }, "geometry": { "type": "LineString", "coordinates": [ [ -73.498295, 45.6888278 ], [ -73.4982103, 45.6890041 ], [ -73.4979676, 45.6895092 ], [ -73.4976876, 45.6901608 ], [ -73.497671, 45.6902164 ], [ -73.4976412, 45.6903166 ] ] } },
{ "type": "Feature", "properties": { "u": 224826171, "v": 598419216, "key": 0, "highway": "primary", "length_km": 0.55159836403725537, "h_neige": 16.75, "is_crit_security_social": true, "is_crit_economique": true, "quartier": "riviere_des_prairies", "scenario_1": true, "scenario_2": true, "scenario_3": true }, "geometry": { "type": "LineString", "coordinates": [ [ -73.498295, 45.6888278 ], [ -73.4984544, 45.6883113 ], [ -73.4984618, 45.688287 ], [ -73.4984895, 45.6881957 ], [ -73.4985098, 45.6881288 ], [ -73.4985211, 45.6880914 ], [ -73.4991971, 45.6860995 ], [ -73.4992078, 45.686069 ], [ -73.4992349, 45.6859912 ], [ -73.4992732, 45.6858814 ], [ -73.4996268, 45.6848685 ], [ -73.499909, 45.6841207 ], [ -73.4999338, 45.6840549 ], [ -73.4999527, 45.6840047 ] ] } },
{ "type": "Feature", "properties": { "u": 224826175, "v": 224826171, "key": 0, "highway": "primary", "length_km": 0.17335741134199353, "h_neige": 17.44, "is_crit_security_social": true, "is_crit_economique": true, "quartier": "riviere_des_prairies", "scenario_1": true, "scenario_2": true, "scenario_3": true }, "geometry": { "type": "LineString", "coordinates": [ [ -73.4978486, 45.6903543 ], [ -73.4978751, 45.6902667 ], [ -73.4981285, 45.6895348 ], [ -73.498295, 45.6888278 ] ] } },
{ "type": "Feature", "properties": { "u": 224826179, "v": 297623919, "key": 0, "highway": "primary", "length_km": 0.43622629142445363, "h_neige": 1.67, "is_crit_security_social": true, "is_crit_economique": true, "quartier": "riviere_des_prairies", "scenario_1": true, "scenario_2": true, "scenario_3": true }, "geometry": { "type": "LineString", "coordinates": [ [ -73.4976412, 45.6903166 ], [ -73.4976205, 45.6903861 ], [ -73.4975436, 45.6906057 ], [ -73.4973928, 45.691037 ], [ -73.4969534, 45.6922943 ], [ -73.4967388, 45.6928951 ], [ -73.4966095, 45.6931953 ], [ -73.4965009, 45.6934127 ], [ -73.4963807, 45.6936247 ], [ -73.4961941, 45.6939136 ], [ -73.4960764, 45.6940736 ] ] } },
{ "type": "Feature", "properties": { "u": 224826210, "v": 224843930, "key": 0, "highway": "tertiary", "length_km": 0.017000651969511955, "h_neige": 9.01, "is_crit_security_social": true, "is_crit_economique": true, "quartier": "riviere_des_prairies", "scenario_1": true, "scenario_2": true, "scenario_3": true }, "geometry": { "type": "LineString", "coordinates": [ [ -73.4916877, 45.6970076 ], [ -73.4918539, 45.6971071 ] ] } },
{ "type": "Feature", "properties": { "u": 224826210, "v": 224843856, "key": 0, "highway": "primary", "length_km": 0.064121678998990905, "h_neige": 16.24, "is_crit_security_social": true, "is_crit_economique": true, "quartier": "riviere_des_prairies", "scenario_1": true, "scenario_2": true, "scenario_3": true }, "geometry": { "type": "LineString", "coordinates": [ [ -73.4916877, 45.6970076 ], [ -73.4916128, 45.6970445 ], [ -73.4911427, 45.697276 ], [ -73.4911103, 45.6972905 ], [ -73.4910089, 45.6973357 ] ] } },
{ "type": "Feature", "properties": { "u": 224843570, "v": 305777215, "key": 0, "highway": "secondary", "length_km": 0.064729257096935347, "h_neige": 3.71, "is_crit_security_social": true, "is_crit_economique": true, "quartier": "riviere_des_prairies", "scenario_1": true, "scenario_2": true, "scenario_3": true }, "geometry": { "type": "LineString", "coordinates": [ [ -73.4936228, 45.6335738 ], [ -73.4932503, 45.6340944 ] ] } },
{ "type": "Feature", "properties": { "u": 224843574, "v": 305777215, "key": 0, "highway": "secondary", "length_km": 0.031359055271790046, "h_neige": 0.61, "is_crit_security_social": true, "is_crit_economique": true, "quartier": "riviere_des_prairies", "scenario_1": true, "scenario_2": true, "scenario_3": true }, "geometry": { "type": "LineString", "coordinates": [ [ -73.4930698, 45.6343466 ], [ -73.4932503, 45.6340944 ] ] } },
{ "type": "Feature", "properties": { "u": 224843574, "v": 224843576, "key": 0, "highway": "secondary", "length_km": 0.084745549868197489, "h_neige": 5.07, "is_crit_security_social": true, "is_crit_economique": true, "quartier": "riviere_des_prairies", "scenario_1": true, "scenario_2": true, "scenario_3": true }, "geometry": { "type": "LineString", "coordinates": [ [ -73.4930698, 45.6343466 ], [ -73.4929911, 45.6345043 ], [ -73.4929044, 45.6346778 ], [ -73.4927476, 45.6349918 ], [ -73.4927138, 45.6350669 ] ] } },
{ "type": "Feature", "properties": { "u": 224843576, "v": 293050911, "key": 0, "highway": "secondary", "length_km": 0.075655548601201328, "h_neige": 10.05, "is_crit_security_social": true, "is_crit_economique": true, "quartier": "riviere_des_prairies", "scenario_1": true, "scenario_2": true, "scenario_3": true }, "geometry": { "type": "LineString", "coordinates": [ [ -73.4927138, 45.6350669 ], [ -73.4926643, 45.6351591 ], [ -73.4923917, 45.6357089 ] ] } },
{ "type": "Feature", "properties": { "u": 224843576, "v": 224843574, "key": 0, "highway": "secondary", "length_km": 0.084745549868197476, "h_neige": 5.4, "is_crit_security_social": true, "is_crit_economique": true, "quartier": "riviere_des_prairies", "scenario_1": true, "scenario_2": true, "scenario_3": true }, "geometry": { "type": "LineString", "coordinates": [ [ -73.4927138, 45.6350669 ], [ -73.4927476, 45.6349918 ], [ -73.4929044, 45.6346778 ], [ -73.4929911, 45.6345043 ], [ -73.4930698, 45.6343466 ] ] } },
{ "type": "Feature", "properties": { "u": 224843580, "v": 293050932, "key": 0, "highway": "secondary", "length_km": 0.074464379932650163, "h_neige": 13.33, "is_crit_security_social": true, "is_crit_economique": true, "quartier": "riviere_des_prairies", "scenario_1": true, "scenario_2": true, "scenario_3": true }, "geometry": { "type": "LineString", "coordinates": [ [ -73.4913822, 45.6376097 ], [ -73.4917171, 45.6369823 ] ] } },
{ "type": "Feature", "properties": { "u": 224843580, "v": 293050999, "key": 0, "highway": "secondary", "length_km": 0.07650880196000516, "h_neige": 9.17, "is_crit_security_social": true, "is_crit_economique": true, "quartier": "riviere_des_prairies", "scenario_1": true, "scenario_2": true, "scenario_3": true }, "geometry": { "type": "LineString", "coordinates": [ [ -73.4913822, 45.6376097 ], [ -73.491341, 45.6376753 ], [ -73.4910805, 45.6381796 ], [ -73.4910409, 45.6382549 ] ] } },
{ "type": "Feature", "properties": { "u": 224843584, "v": 293051001, "key": 0, "highway": "secondary", "length_km": 0.052712779577834663, "h_neige": 0.5, "is_crit_security_social": true, "is_crit_economique": true, "quartier": "riviere_des_prairies", "scenario_1": true, "scenario_2": true, "scenario_3": true }, "geometry": { "type": "LineString", "coordinates": [ [ -73.4906911, 45.6388918 ], [ -73.4904625, 45.6393381 ] ] } },
{ "type": "Feature", "properties": { "u": 224843584, "v": 293050999, "key": 0, "highway": "secondary", "length_km": 0.075862584007340597, "h_neige": 9.83, "is_crit_security_social": true, "is_crit_economique": true, "quartier": "riviere_des_prairies", "scenario_1": true, "scenario_2": true, "scenario_3": true }, "geometry": { "type": "LineString", "coordinates": [ [ -73.4906911, 45.6388918 ], [ -73.4909912, 45.6383435 ], [ -73.4910409, 45.6382549 ] ] } },
{ "type": "Feature", "properties": { "u": 224843587, "v": 293051001, "key": 0, "highway": "secondary", "length_km": 0.015695113666476721, "h_neige": 5.11, "is_crit_security_social": true, "is_crit_economique": true, "quartier": "riviere_des_prairies", "scenario_1": true, "scenario_2": true, "scenario_3": true }, "geometry": { "type": "LineString", "coordinates": [ [ -73.4903953, 45.6394712 ], [ -73.4904625, 45.6393381 ] ] } },
{ "type": "Feature", "properties": { "u": 224843587, "v": 369557152, "key": 0, "highway": "secondary", "length_km": 0.048271589365796543, "h_neige": 9.87, "is_crit_security_social": true, "is_crit_economique": true, "quartier": "riviere_des_prairies", "scenario_1": true, "scenario_2": true, "scenario_3": true }, "geometry": { "type": "LineString", "coordinates": [ [ -73.4903953, 45.6394712 ], [ -73.4902728, 45.6398352 ], [ -73.4902566, 45.6398943 ] ] } },
{ "type": "Feature", "properties": { "u": 224843590, "v": 3681514792, "key": 0, "highway": "secondary", "length_km": 0.090272855465477767, "h_neige": 5.59, "is_crit_security_social": true, "is_crit_economique": true, "quartier": "riviere_des_prairies", "scenario_1": true, "scenario_2": true, "scenario_3": true }, "geometry": { "type": "LineString", "coordinates": [ [ -73.4902341, 45.6399858 ], [ -73.4913626, 45.640177 ] ] } },
{ "type": "Feature", "properties": { "u": 224843590, "v": 369557152, "key": 0, "highway": "secondary", "length_km": 0.010323624366106871, "h_neige": 13.48, "is_crit_security_social": true, "is_crit_economique": true, "quartier": "riviere_des_prairies", "scenario_1": true, "scenario_2": true, "scenario_3": true }, "geometry": { "type": "LineString", "coordinates": [ [ -73.4902341, 45.6399858 ], [ -73.4902566, 45.6398943 ] ] } },
{ "type": "Feature", "properties": { "u": 224843590, "v": 923866353, "key": 0, "highway": "secondary", "length_km": 0.14747858687909268, "h_neige": 19.39, "is_crit_security_social": true, "is_crit_economique": true, "quartier": "riviere_des_prairies", "scenario_1": true, "scenario_2": true, "scenario_3": true }, "geometry": { "type": "LineString", "coordinates": [ [ -73.4902341, 45.6399858 ], [ -73.4902211, 45.6400818 ], [ -73.4901275, 45.6405166 ], [ -73.490103, 45.6406302 ], [ -73.4900527, 45.640896 ], [ -73.4900411, 45.6409574 ], [ -73.4899992, 45.6412302 ], [ -73.4899863, 45.6413005 ] ] } },
{ "type": "Feature", "properties": { "u": 224843598, "v": 387222391, "key": 0, "highway": "secondary", "length_km": 0.077105872573802248, "h_neige": 6.53, "is_crit_security_social": true, "is_crit_economique": true, "quartier": "riviere_des_prairies", "scenario_1": true, "scenario_2": true, "scenario_3": true }, "geometry": { "type": "LineString", "coordinates": [ [ -73.4897694, 45.6434282 ], [ -73.4897567, 45.643534 ], [ -73.489704, 45.6441201 ] ] } },
{ "type": "Feature", "properties": { "u": 224843598, "v": 387222364, "key": 0, "highway": "secondary", "length_km": 0.073113572893951179, "h_neige": 18.06, "is_crit_security_social": true, "is_crit_economique": true, "quartier": "riviere_des_prairies", "scenario_1": true, "scenario_2": true, "scenario_3": true }, "geometry": { "type": "LineString", "coordinates": [ [ -73.4897694, 45.6434282 ], [ -73.489773, 45.6433425 ], [ -73.4898257, 45.6427719 ] ] } },
{ "type": "Feature", "properties": { "u": 224843609, "v": 387222395, "key": 0, "highway": "secondary", "length_km": 0.079891612620078115, "h_neige": 8.21, "is_crit_security_social": true, "is_crit_economique": true, "quartier": "riviere_des_prairies", "scenario_1": true, "scenario_2": true, "scenario_3": true }, "geometry": { "type": "LineString", "coordinates": [ [ -73.4893285, 45.6454345 ], [ -73.4895858, 45.6447389 ] ] } },
{ "type": "Feature", "properties": { "u": 224843609, "v": 282596699, "key": 0, "highway": "secondary", "length_km": 0.41152356784320498, "h_neige": 8.01, "is_crit_security_social": true, "is_crit_economique": true, "quartier": "riviere_des_prairies", "scenario_1": true, "scenario_2": true, "scenario_3": true }, "geometry": { "type": "LineString", "coordinates": [ [ -73.4893285, 45.6454345 ], [ -73.4890599, 45.6460764 ], [ -73.4889972, 45.646218 ], [ -73.4888948, 45.6464492 ], [ -73.4887975, 45.6466691 ], [ -73.4885666, 45.6472218 ], [ -73.488151, 45.648184 ], [ -73.4880394, 45.6484425 ], [ -73.4879908, 45.6486082 ], [ -73.4879493, 45.64875 ], [ -73.4879314, 45.6489179 ], [ -73.4879231, 45.6489962 ] ] } },
{ "type": "Feature", "properties": { "u": 224843617, "v": 282596699, "key": 0, "highway": "secondary", "length_km": 0.015288472773509414, "h_neige": 13.37, "is_crit_security_social": true, "is_crit_economique": true, "quartier": "riviere_des_prairies", "scenario_1": true, "scenario_2": true, "scenario_3": true }, "geometry": { "type": "LineString", "coordinates": [ [ -73.4879127, 45.6491335 ], [ -73.4879231, 45.6489962 ] ] } },
{ "type": "Feature", "properties": { "u": 224843617, "v": 224843619, "key": 0, "highway": "secondary", "length_km": 0.064808890218649981, "h_neige": 15.3, "is_crit_security_social": true, "is_crit_economique": true, "quartier": "riviere_des_prairies", "scenario_1": true, "scenario_2": true, "scenario_3": true }, "geometry": { "type": "LineString", "coordinates": [ [ -73.4879127, 45.6491335 ], [ -73.4879166, 45.6492514 ], [ -73.4879183, 45.6492671 ], [ -73.4879423, 45.6494916 ], [ -73.4879689, 45.6495695 ], [ -73.4880168, 45.6497095 ] ] } },
{ "type": "Feature", "properties": { "u": 224843619, "v": 295075694, "key": 0, "highway": "secondary", "length_km": 0.17879101672752715, "h_neige": 2.87, "is_crit_security_social": true, "is_crit_economique": true, "quartier": "riviere_des_prairies", "scenario_1": true, "scenario_2": true, "scenario_3": true }, "geometry": { "type": "LineString", "coordinates": [ [ -73.4880168, 45.6497095 ], [ -73.4880955, 45.6498682 ], [ -73.4884703, 45.6506646 ], [ -73.4887903, 45.6511156 ], [ -73.4888491, 45.6512047 ] ] } },
{ "type": "Feature", "properties": { "u": 224843619, "v": 224843617, "key": 0, "highway": "secondary", "length_km": 0.064808890218649981, "h_neige": 7.15, "is_crit_security_social": true, "is_crit_economique": true, "quartier": "riviere_des_prairies", "scenario_1": true, "scenario_2": true, "scenario_3": true }, "geometry": { "type": "LineString", "coordinates": [ [ -73.4880168, 45.6497095 ], [ -73.4879689, 45.6495695 ], [ -73.4879423, 45.6494916 ], [ -73.4879183, 45.6492671 ], [ -73.4879166, 45.6492514 ], [ -73.4879127, 45.6491335 ] ] } },
{ "type": "Feature", "properties": { "u": 224843635, "v": 295075550, "key": 0, "highway": "secondary", "length_km": 0.085651796728194299, "h_neige": 19.18, "is_crit_security_social": true, "is_crit_economique": true, "quartier": "riviere_des_prairies", "scenario_1": true, "scenario_2": true, "scenario_3": true }, "geometry": { "type": "LineString", "coordinates": [ [ -73.4913894, 45.6557926 ], [ -73.4914663, 45.655891 ], [ -73.491747, 45.6563063 ], [ -73.4918648, 45.6564873 ] ] } },
{ "type": "Feature", "properties": { "u": 224843635, "v": 295075599, "key": 0, "highway": "secondary", "length_km": 0.073632985601879142, "h_neige": 16.37, "is_crit_security_social": true, "is_crit_economique": true, "quartier": "riviere_des_prairies", "scenario_1": true, "scenario_2": true, "scenario_3": true }, "geometry": { "type": "LineString", "coordinates": [ [ -73.4913894, 45.6557926 ], [ -73.4913157, 45.6556847 ], [ -73.4909777, 45.6551962 ] ] } },
{ "type": "Feature", "properties": { "u": 224843638, "v": 295075550, "key": 0, "highway": "secondary", "length_km": 0.027424694079802345, "h_neige": 15.66, "is_crit_security_social": true, "is_crit_economique": true, "quartier": "riviere_des_prairies", "scenario_1": true, "scenario_2": true, "scenario_3": true }, "geometry": { "type": "LineString", "coordinates": [ [ -73.491978, 45.6567209 ], [ -73.4918648, 45.6564873 ] ] } },
{ "type": "Feature", "properties": { "u": 224843638, "v": 295076277, "key": 0, "highway": "secondary", "length_km": 0.11353446354125049, "h_neige": 17.51, "is_crit_security_social": true, "is_crit_economique": true, "quartier": "riviere_des_prairies", "scenario_1": true, "scenario_2": true, "scenario_3": true }, "geometry": { "type": "LineString", "coordinates": [ [ -73.491978, 45.6567209 ], [ -73.4921008, 45.657002 ], [ -73.4922036, 45.657285 ], [ -73.4923333, 45.6577106 ] ] } },
{ "type": "Feature", "properties": { "u": 224843651, "v": 295801402, "key": 0, "highway": "tertiary", "length_km": 0.10688929206771475, "h_neige": 11.83, "is_crit_security_social": true, "is_crit_economique": true, "quartier": "riviere_des_prairies", "scenario_1": true, "scenario_2": true, "scenario_3": true }, "geometry": { "type": "LineString", "coordinates": [ [ -73.4943689, 45.6675582 ], [ -73.4945175, 45.667643 ], [ -73.4955474, 45.6678213 ], [ -73.4955814, 45.6678272 ], [ -73.495618, 45.6678335 ], [ -73.4956667, 45.6678413 ] ] } },
{ "type": "Feature", "properties": { "u": 224843651, "v": 4667440701, "key": 0, "highway": "secondary", "length_km": 0.36138907452786828, "h_neige": 0.43, "is_crit_security_social": true, "is_crit_economique": true, "quartier": "riviere_des_prairies", "scenario_1": true, "scenario_2": true, "scenario_3": true }, "geometry": { "type": "LineString", "coordinates": [ [ -73.4943689, 45.6675582 ], [ -73.4943708, 45.6674706 ], [ -73.494392, 45.6665133 ], [ -73.4943925, 45.6664851 ], [ -73.494394, 45.6664259 ], [ -73.4943944, 45.6663819 ], [ -73.4943957, 45.6663482 ], [ -73.4943792, 45.6660755 ], [ -73.4943202, 45.6657505 ], [ -73.4942637, 45.6654983 ], [ -73.4940014, 45.6643285 ] ] } },
{ "type": "Feature", "properties": { "u": 224843651, "v": 297622195, "key": 0, "highway": "secondary", "length_km": 0.24365578708396693, "h_neige": 18.24, "is_crit_security_social": true, "is_crit_economique": true, "quartier": "riviere_des_prairies", "scenario_1": true, "scenario_2": true, "scenario_3": true }, "geometry": { "type": "LineString", "coordinates": [ [ -73.4943689, 45.6675582 ], [ -73.4943661, 45.6677219 ], [ -73.4943559, 45.6683233 ], [ -73.494341, 45.6691972 ], [ -73.4943392, 45.6693025 ], [ -73.4942476, 45.6697133 ], [ -73.4942408, 45.669744 ] ] } },
{ "type": "Feature", "properties": { "u": 224843673, "v": 224843688, "key": 0, "highway": "secondary", "length_km": 0.3044037898497638, "h_neige": 16.22, "is_crit_security_social": true, "is_crit_economique": true, "quartier": "riviere_des_prairies", "scenario_1": true, "scenario_2": true, "scenario_3": true }, "geometry": { "type": "LineString", "coordinates": [ [ -73.4872394, 45.6953901 ], [ -73.4868173, 45.695697 ], [ -73.4862823, 45.6961863 ], [ -73.4851946, 45.6972094 ], [ -73.4849654, 45.6974141 ], [ -73.4848259, 45.6975437 ] ] } },
{ "type": "Feature", "properties": { "u": 224843673, "v": 297624052, "key": 0, "highway": "secondary", "length_km": 0.238962877807469, "h_neige": 19.35, "is_crit_security_social": true, "is_crit_economique": true, "quartier": "riviere_des_prairies", "scenario_1": true, "scenario_2": true, "scenario_3": true }, "geometry": { "type": "LineString", "coordinates": [ [ -73.4872394, 45.6953901 ], [ -73.4873105, 45.6953302 ], [ -73.4873343, 45.6953101 ], [ -73.4875739, 45.695057 ], [ -73.4876843, 45.6949296 ], [ -73.4877048, 45.6949 ], [ -73.4877885, 45.694779 ], [ -73.4878788, 45.6946064 ], [ -73.4879531, 45.6944164 ], [ -73.4880981, 45.6939111 ], [ -73.4881181, 45.6938414 ], [ -73.4882285, 45.6934437 ], [ -73.488243, 45.6933914 ] ] } },
{ "type": "Feature", "properties": { "u": 224843688, "v": 224843700, "key": 0, "highway": "secondary", "length_km": 0.10291896253591905, "h_neige": 12.41, "is_crit_security_social": true, "is_crit_economique": true, "quartier": "riviere_des_prairies", "scenario_1": true, "scenario_2": true, "scenario_3": true }, "geometry": { "type": "LineString", "coordinates": [ [ -73.4848259, 45.6975437 ], [ -73.4844092, 45.6979836 ], [ -73.4843703, 45.6980504 ], [ -73.4843398, 45.6981255 ], [ -73.4843263, 45.698197 ], [ -73.4842979, 45.6982848 ], [ -73.4842578, 45.6983659 ] ] } },
{ "type": "Feature", "properties": { "u": 224843700, "v": 224843782, "key": 0, "highway": "primary", "length_km": 0.027075624121826757, "h_neige": 10.61, "is_crit_security_social": true, "is_crit_economique": true, "quartier": "riviere_des_prairies", "scenario_1": true, "scenario_2": true, "scenario_3": true }, "geometry": { "type": "LineString", "coordinates": [ [ -73.4842578, 45.6983659 ], [ -73.4841834, 45.6983976 ], [ -73.4841278, 45.6984444 ], [ -73.4840968, 45.6985013 ], [ -73.4840939, 45.6985622 ] ] } },
{ "type": "Feature", "properties": { "u": 224843772, "v": 224843913, "key": 0, "highway": "primary", "length_km": 0.062712765202970866, "h_neige": 7.46, "is_crit_security_social": true, "is_crit_economique": true, "quartier": "riviere_des_prairies", "scenario_1": true, "scenario_2": true, "scenario_3": true }, "geometry": { "type": "LineString", "coordinates": [ [ -73.4844962, 45.6986958 ], [ -73.4846237, 45.6986655 ], [ -73.4848423, 45.6986046 ], [ -73.4850382, 45.6985762 ], [ -73.4851599, 45.6985613 ], [ -73.4852737, 45.698559 ] ] } },
{ "type": "Feature", "properties": { "u": 224843772, "v": 4007744799, "key": 0, "highway": "primary", "length_km": 0.030543055988438921, "h_neige": 1.97, "is_crit_security_social": true, "is_crit_economique": true, "quartier": "riviere_des_prairies", "scenario_1": true, "scenario_2": true, "scenario_3": true }, "geometry": { "type": "LineString", "coordinates": [ [ -73.4844962, 45.6986958 ], [ -73.4845563, 45.6986604 ], [ -73.484599, 45.6986143 ], [ -73.4846204, 45.6985614 ], [ -73.4846188, 45.6985064 ], [ -73.4845941, 45.6984543 ] ] } },
{ "type": "Feature", "properties": { "u": 224843782, "v": 224843813, "key": 0, "highway": "primary", "length_km": 0.097874074888400123, "h_neige": 7.21, "is_crit_security_social": true, "is_crit_economique": true, "quartier": "riviere_des_prairies", "scenario_1": true, "scenario_2": true, "scenario_3": true }, "geometry": { "type": "LineString", "coordinates": [ [ -73.4840939, 45.6985622 ], [ -73.4840679, 45.6988116 ], [ -73.4839555, 45.6990874 ], [ -73.4837824, 45.6994088 ] ] } },
{ "type": "Feature", "properties": { "u": 224843782, "v": 224843772, "key": 0, "highway": "primary", "length_km": 0.040852432515452862, "h_neige": 5.02, "is_crit_security_social": true, "is_crit_economique": true, "quartier": "riviere_des_prairies", "scenario_1": true, "scenario_2": true, "scenario_3": true }, "geometry": { "type": "LineString", "coordinates": [ [ -73.4840939, 45.6985622 ], [ -73.4841196, 45.6986206 ], [ -73.4841711, 45.6986702 ], [ -73.484243, 45.6987053 ], [ -73.4843274, 45.6987221 ], [ -73.4844149, 45.6987188 ], [ -73.4844962, 45.6986958 ] ] } },
{ "type": "Feature", "properties": { "u": 224843813, "v": 3409334632, "key": 0, "highway": "primary", "length_km": 0.0022772012568881227, "h_neige": 12.58, "is_crit_security_social": true, "is_crit_economique": true, "quartier": "riviere_des_prairies", "scenario_1": true, "scenario_2": true, "scenario_3": true }, "geometry": { "type": "LineString", "coordinates": [ [ -73.4837824, 45.6994088 ], [ -73.4837739, 45.6994284 ] ] } },
{ "type": "Feature", "properties": { "u": 224843836, "v": 224843772, "key": 0, "highway": "primary", "length_km": 0.08316739658046364, "h_neige": 16.7, "is_crit_security_social": true, "is_crit_economique": true, "quartier": "riviere_des_prairies", "scenario_1": true, "scenario_2": true, "scenario_3": true }, "geometry": { "type": "LineString", "coordinates": [ [ -73.4840611, 45.6993373 ], [ -73.484055, 45.6992141 ], [ -73.4840932, 45.6990688 ], [ -73.4841433, 45.6989739 ], [ -73.4842221, 45.6988789 ], [ -73.4843483, 45.6987779 ], [ -73.4844962, 45.6986958 ] ] } },
{ "type": "Feature", "properties": { "u": 224843841, "v": 2305542058, "key": 0, "highway": "primary", "length_km": 0.014529454153868747, "h_neige": 13.03, "is_crit_security_social": true, "is_crit_economique": true, "quartier": "riviere_des_prairies", "scenario_1": true, "scenario_2": true, "scenario_3": true }, "geometry": { "type": "LineString", "coordinates": [ [ -73.4837377, 45.6999559 ], [ -73.483821, 45.6998389 ] ] } },
{ "type": "Feature", "properties": { "u": 224843845, "v": 224843841, "key": 0, "highway": "primary", "length_km": 0.14628435677324081, "h_neige": 19.02, "is_crit_security_social": true, "is_crit_economique": true, "quartier": "riviere_des_prairies", "scenario_1": true, "scenario_2": true, "scenario_3": true }, "geometry": { "type": "LineString", "coordinates": [ [ -73.4834701, 45.7012533 ], [ -73.4835208, 45.7010195 ], [ -73.4835265, 45.7008673 ], [ -73.4835381, 45.700749 ], [ -73.4835595, 45.7005598 ], [ -73.4835732, 45.7004473 ], [ -73.4835948, 45.7003368 ], [ -73.4836416, 45.7001828 ], [ -73.4837377, 45.6999559 ] ] } },
{ "type": "Feature", "properties": { "u": 224843856, "v": 224843894, "key": 0, "highway": "primary", "length_km": 0.26838223943083545, "h_neige": 16.79, "is_crit_security_social": true, "is_crit_economique": true, "quartier": "riviere_des_prairies", "scenario_1": true, "scenario_2": true, "scenario_3": true }, "geometry": { "type": "LineString", "coordinates": [ [ -73.4910089, 45.6973357 ], [ -73.4909346, 45.6973653 ], [ -73.490679, 45.6974669 ], [ -73.4903443, 45.6975868 ], [ -73.4900929, 45.6976673 ], [ -73.4898381, 45.6977399 ], [ -73.4895813, 45.6978083 ], [ -73.4893149, 45.6978708 ], [ -73.4888086, 45.6979664 ], [ -73.4882737, 45.6980471 ], [ -73.4877635, 45.6981194 ] ] } },
{ "type": "Feature", "properties": { "u": 224843894, "v": 4007744799, "key": 0, "highway": "primary", "length_km": 0.25181412737423059, "h_neige": 0.44, "is_crit_security_social": true, "is_crit_economique": true, "quartier": "riviere_des_prairies", "scenario_1": true, "scenario_2": true, "scenario_3": true }, "geometry": { "type": "LineString", "coordinates": [ [ -73.4877635, 45.6981194 ], [ -73.4866829, 45.6982725 ], [ -73.4859647, 45.6983817 ], [ -73.4856794, 45.698425 ], [ -73.4851903, 45.6984923 ], [ -73.4850783, 45.6985053 ], [ -73.4849593, 45.698515 ], [ -73.4848414, 45.6985158 ], [ -73.4847626, 45.6985018 ], [ -73.4846784, 45.6984764 ], [ -73.4845941, 45.6984543 ] ] } },
{ "type": "Feature", "properties": { "u": 224843913, "v": 224843920, "key": 0, "highway": "primary", "length_km": 0.20244989040595127, "h_neige": 12.23, "is_crit_security_social": true, "is_crit_economique": true, "quartier": "riviere_des_prairies", "scenario_1": true, "scenario_2": true, "scenario_3": true }, "geometry": { "type": "LineString", "coordinates": [ [ -73.4852737, 45.698559 ], [ -73.485737, 45.6985058 ], [ -73.4860623, 45.6984652 ], [ -73.4878427, 45.6982502 ] ] } },
{ "type": "Feature", "properties": { "u": 224843920, "v": 224843921, "key": 0, "highway": "primary", "length_km": 0.085083727286658445, "h_neige": 6.76, "is_crit_security_social": true, "is_crit_economique": true, "quartier": "riviere_des_prairies", "scenario_1": true, "scenario_2": true, "scenario_3": true }, "geometry": { "type": "LineString", "coordinates": [ [ -73.4878427, 45.6982502 ], [ -73.488387, 45.6981839 ], [ -73.4889203, 45.6981124 ] ] } },
{ "type": "Feature", "properties": { "u": 224843921, "v": 297625641, "key": 0, "highway": "primary", "length_km": 0.17029248583280474, "h_neige": 18.26, "is_crit_security_social": true, "is_crit_economique": true, "quartier": "riviere_des_prairies", "scenario_1": true, "scenario_2": true, "scenario_3": true }, "geometry": { "type": "LineString", "coordinates": [ [ -73.4889203, 45.6981124 ], [ -73.4892125, 45.6980556 ], [ -73.4894957, 45.6979944 ], [ -73.4899521, 45.6978757 ], [ -73.4903989, 45.6977402 ], [ -73.4909401, 45.6975306 ] ] } },
{ "type": "Feature", "properties": { "u": 224843928, "v": 224843930, "key": 0, "highway": "primary", "length_km": 0.066959370272392127, "h_neige": 18.96, "is_crit_security_social": true, "is_crit_economique": true, "quartier": "riviere_des_prairies", "scenario_1": true, "scenario_2": true, "scenario_3": true }, "geometry": { "type": "LineString", "coordinates": [ [ -73.4911438, 45.6974483 ], [ -73.4912528, 45.6973971 ], [ -73.4917511, 45.6971629 ], [ -73.4917798, 45.6971473 ], [ -73.4918539, 45.6971071 ] ] } },
{ "type": "Feature", "properties": { "u": 224843930, "v": 224826210, "key": 0, "highway": "tertiary", "length_km": 0.017000651969511955, "h_neige": 5.94, "is_crit_security_social": true, "is_crit_economique": true, "quartier": "riviere_des_prairies", "scenario_1": true, "scenario_2": true, "scenario_3": true }, "geometry": { "type": "LineString", "coordinates": [ [ -73.4918539, 45.6971071 ], [ -73.4916877, 45.6970076 ] ] } },
{ "type": "Feature", "properties": { "u": 224843930, "v": 282597769, "key": 0, "highway": "tertiary", "length_km": 0.030168130212690308, "h_neige": 9.22, "is_crit_security_social": true, "is_crit_economique": true, "quartier": "riviere_des_prairies", "scenario_1": true, "scenario_2": true, "scenario_3": true }, "geometry": { "type": "LineString", "coordinates": [ [ -73.4918539, 45.6971071 ], [ -73.4919196, 45.6971491 ], [ -73.4919493, 45.697168 ], [ -73.4920021, 45.6972055 ], [ -73.4920382, 45.6972257 ], [ -73.4920771, 45.6972442 ], [ -73.4921563, 45.6972749 ] ] } },
{ "type": "Feature", "properties": { "u": 224843930, "v": 224843931, "key": 0, "highway": "primary", "length_km": 0.19932865345793011, "h_neige": 0.9, "is_crit_security_social": true, "is_crit_economique": true, "quartier": "riviere_des_prairies", "scenario_1": true, "scenario_2": true, "scenario_3": true }, "geometry": { "type": "LineString", "coordinates": [ [ -73.4918539, 45.6971071 ], [ -73.4919277, 45.6970692 ], [ -73.492472, 45.69679 ], [ -73.4930991, 45.6964598 ], [ -73.4932517, 45.6963829 ], [ -73.4939131, 45.6960372 ] ] } },
{ "type": "Feature", "properties": { "u": 224843931, "v": 224843945, "key": 0, "highway": "primary", "length_km": 0.28187122904746076, "h_neige": 5.28, "is_crit_security_social": true, "is_crit_economique": true, "quartier": "riviere_des_prairies", "scenario_1": true, "scenario_2": true, "scenario_3": true }, "geometry": { "type": "LineString", "coordinates": [ [ -73.4939131, 45.6960372 ], [ -73.4941804, 45.6958936 ], [ -73.4943459, 45.6958015 ], [ -73.4945348, 45.6956877 ], [ -73.4948095, 45.6955106 ], [ -73.4949866, 45.6953855 ], [ -73.4951565, 45.6952544 ], [ -73.4953309, 45.6951166 ], [ -73.4954818, 45.6949875 ], [ -73.4957021, 45.6947852 ], [ -73.4958738, 45.6946123 ], [ -73.4960566, 45.694415 ], [ -73.4962779, 45.6941425 ] ] } },
{ "type": "Feature", "properties": { "u": 224843945, "v": 224826175, "key": 0, "highway": "primary", "length_km": 0.43970902933155326, "h_neige": 14.96, "is_crit_security_social": true, "is_crit_economique": true, "quartier": "riviere_des_prairies", "scenario_1": true, "scenario_2": true, "scenario_3": true }, "geometry": { "type": "LineString", "coordinates": [ [ -73.4962779, 45.6941425 ], [ -73.4965048, 45.6938173 ], [ -73.4966246, 45.6936231 ], [ -73.4967218, 45.6934455 ], [ -73.496809, 45.693269 ], [ -73.4969281, 45.6929932 ], [ -73.4970121, 45.6927763 ], [ -73.4971701, 45.6923225 ], [ -73.4975768, 45.6911276 ], [ -73.4978101, 45.6904652 ], [ -73.4978313, 45.6904111 ], [ -73.4978486, 45.6903543 ] ] } },
{ "type": "Feature", "properties": { "u": 224867597, "v": 224867602, "key": 0, "highway": "primary", "length_km": 0.11664607734320848, "h_neige": 12.72, "is_crit_security_social": true, "is_crit_economique": true, "quartier": "riviere_des_prairies", "scenario_1": true, "scenario_2": true, "scenario_3": true }, "geometry": { "type": "LineString", "coordinates": [ [ -73.5099158, 45.6654603 ], [ -73.511128, 45.6648416 ] ] } },
{ "type": "Feature", "properties": { "u": 224867602, "v": 617477421, "key": 0, "highway": "primary", "length_km": 0.083129979035818313, "h_neige": 9.7, "is_crit_security_social": true, "is_crit_economique": true, "quartier": "riviere_des_prairies", "scenario_1": true, "scenario_2": true, "scenario_3": true }, "geometry": { "type": "LineString", "coordinates": [ [ -73.511128, 45.6648416 ], [ -73.5118614, 45.6644739 ], [ -73.5119039, 45.6644526 ], [ -73.5119972, 45.6644058 ] ] } },
{ "type": "Feature", "properties": { "u": 224867651, "v": 632182902, "key": 0, "highway": "primary", "length_km": 0.16465566921869523, "h_neige": 13.86, "is_crit_security_social": true, "is_crit_economique": true, "quartier": "riviere_des_prairies", "scenario_1": true, "scenario_2": true, "scenario_3": true }, "geometry": { "type": "LineString", "coordinates": [ [ -73.5211921, 45.6598108 ], [ -73.5222603, 45.6592326 ], [ -73.5226356, 45.6590308 ], [ -73.522837, 45.6589299 ], [ -73.5228738, 45.6589103 ] ] } },
{ "type": "Feature", "properties": { "u": 224873133, "v": 4031745330, "key": 0, "highway": "secondary", "length_km": 0.012876701368668026, "h_neige": 15.84, "is_crit_security_social": true, "is_crit_economique": true, "quartier": "riviere_des_prairies", "scenario_1": true, "scenario_2": true, "scenario_3": true }, "geometry": { "type": "LineString", "coordinates": [ [ -73.5361619, 45.652327 ], [ -73.5362198, 45.6524355 ] ] } },
{ "type": "Feature", "properties": { "u": 224873133, "v": 224873143, "key": 0, "highway": "primary", "length_km": 0.72484769405388849, "h_neige": 17.95, "is_crit_security_social": true, "is_crit_economique": true, "quartier": "riviere_des_prairies", "scenario_1": true, "scenario_2": true, "scenario_3": true }, "geometry": { "type": "LineString", "coordinates": [ [ -73.5361619, 45.652327 ], [ -73.536058, 45.6523729 ], [ -73.535849, 45.6524641 ], [ -73.5346702, 45.6530334 ], [ -73.5324131, 45.654149 ], [ -73.5323864, 45.6541622 ], [ -73.5323043, 45.6542028 ], [ -73.5322281, 45.6542382 ], [ -73.5321901, 45.6542566 ], [ -73.5321377, 45.654282 ], [ -73.5293111, 45.6556504 ], [ -73.5286014, 45.655994 ], [ -73.5285003, 45.656043 ] ] } },
{ "type": "Feature", "properties": { "u": 224873143, "v": 10916608851, "key": 0, "highway": "primary", "length_km": 0.52513910338260061, "h_neige": 18.41, "is_crit_security_social": true, "is_crit_economique": true, "quartier": "riviere_des_prairies", "scenario_1": true, "scenario_2": true, "scenario_3": true }, "geometry": { "type": "LineString", "coordinates": [ [ -73.5285003, 45.656043 ], [ -73.5272376, 45.6566531 ], [ -73.5267262, 45.6569002 ], [ -73.5262077, 45.6571584 ], [ -73.5256375, 45.6574424 ], [ -73.5255322, 45.657494 ], [ -73.5254047, 45.6575577 ], [ -73.525386, 45.6575669 ], [ -73.5248498, 45.6578284 ], [ -73.5245277, 45.6579805 ], [ -73.5243578, 45.6580588 ], [ -73.5241847, 45.6581381 ], [ -73.5238619, 45.6582839 ], [ -73.5236596, 45.6583722 ], [ -73.5232797, 45.6585452 ], [ -73.5229209, 45.6587055 ] ] } },
{ "type": "Feature", "properties": { "u": 224873210, "v": 224873212, "key": 0, "highway": "primary", "length_km": 0.10312080724042084, "h_neige": 18.54, "is_crit_security_social": true, "is_crit_economique": true, "quartier": "riviere_des_prairies", "scenario_1": true, "scenario_2": true, "scenario_3": true }, "geometry": { "type": "LineString", "coordinates": [ [ -73.5112746, 45.6642894 ], [ -73.511166, 45.6643443 ], [ -73.5110627, 45.6643962 ], [ -73.5101813, 45.6648149 ] ] } },
{ "type": "Feature", "properties": { "u": 224873212, "v": 224873214, "key": 0, "highway": "primary", "length_km": 0.097593912995612236, "h_neige": 8.02, "is_crit_security_social": true, "is_crit_economique": true, "quartier": "riviere_des_prairies", "scenario_1": true, "scenario_2": true, "scenario_3": true }, "geometry": { "type": "LineString", "coordinates": [ [ -73.5101813, 45.6648149 ], [ -73.5091703, 45.6653356 ] ] } },
{ "type": "Feature", "properties": { "u": 224873214, "v": 4035259425, "key": 0, "highway": "primary", "length_km": 0.21180647130368629, "h_neige": 14.74, "is_crit_security_social": true, "is_crit_economique": true, "quartier": "riviere_des_prairies", "scenario_1": true, "scenario_2": true, "scenario_3": true }, "geometry": { "type": "LineString", "coordinates": [ [ -73.5091703, 45.6653356 ], [ -73.5083, 45.6658684 ], [ -73.5078478, 45.666182 ], [ -73.5072704, 45.6663731 ], [ -73.5071069, 45.6663939 ], [ -73.5069824, 45.6664097 ] ] } },
{ "type": "Feature", "properties": { "u": 224873268, "v": 8892969686, "key": 0, "highway": "secondary", "length_km": 0.44819169737353914, "h_neige": 7.67, "is_crit_security_social": true, "is_crit_economique": true, "quartier": "riviere_des_prairies", "scenario_1": true, "scenario_2": true, "scenario_3": true }, "geometry": { "type": "LineString", "coordinates": [ [ -73.5355405, 45.6514164 ], [ -73.5355101, 45.6513839 ], [ -73.5354623, 45.6513393 ], [ -73.5354016, 45.6512848 ], [ -73.5353358, 45.6512321 ], [ -73.5352799, 45.651188 ], [ -73.5352245, 45.6511499 ], [ -73.535163, 45.6511084 ], [ -73.5350946, 45.6510687 ], [ -73.5350126, 45.6510224 ], [ -73.5349368, 45.6509824 ], [ -73.5348349, 45.6509329 ], [ -73.5347528, 45.6508954 ], [ -73.5346578, 45.650854 ], [ -73.5345691, 45.6508196 ], [ -73.5344713, 45.6507837 ], [ -73.5343655, 45.6507485 ], [ -73.5342315, 45.6507069 ], [ -73.534101, 45.6506719 ], [ -73.5339308, 45.6506283 ], [ -73.5337495, 45.650585 ], [ -73.5335812, 45.6505418 ], [ -73.5334489, 45.6505045 ], [ -73.5333201, 45.6504644 ], [ -73.5331927, 45.6504234 ], [ -73.5330548, 45.6503735 ], [ -73.5329229, 45.6503216 ], [ -73.532794, 45.6502661 ], [ -73.5326515, 45.6502055 ], [ -73.5324921, 45.6501331 ], [ -73.5323012, 45.6500469 ], [ -73.5313142, 45.6496 ], [ -73.5306805, 45.6493178 ] ] } },
{ "type": "Feature", "properties": { "u": 224873268, "v": 224873133, "key": 0, "highway": "secondary", "length_km": 0.11225077224067372, "h_neige": 18.51, "is_crit_security_social": true, "is_crit_economique": true, "quartier": "riviere_des_prairies", "scenario_1": true, "scenario_2": true, "scenario_3": true }, "geometry": { "type": "LineString", "coordinates": [ [ -73.5355405, 45.6514164 ], [ -73.5357521, 45.6517656 ], [ -73.5360921, 45.6522314 ], [ -73.5361019, 45.6522447 ], [ -73.5361619, 45.652327 ] ] } },
{ "type": "Feature", "properties": { "u": 224873287, "v": 595748348, "key": 0, "highway": "secondary", "length_km": 0.2141891896400599, "h_neige": 5.49, "is_crit_security_social": true, "is_crit_economique": true, "quartier": "riviere_des_prairies", "scenario_1": true, "scenario_2": true, "scenario_3": true }, "geometry": { "type": "LineString", "coordinates": [ [ -73.5401786, 45.6577648 ], [ -73.5404262, 45.6582148 ], [ -73.5404829, 45.6582911 ], [ -73.5405466, 45.6583651 ], [ -73.5406344, 45.6584527 ], [ -73.540745, 45.658538 ], [ -73.5410914, 45.6587805 ], [ -73.5412685, 45.6589127 ], [ -73.5413742, 45.6589949 ], [ -73.5414793, 45.6590777 ], [ -73.5415125, 45.6591033 ], [ -73.5415923, 45.6591647 ], [ -73.5416267, 45.6591937 ], [ -73.5417044, 45.6592573 ], [ -73.5417657, 45.6593074 ] ] } },
{ "type": "Feature", "properties": { "u": 224873287, "v": 4031745332, "key": 0, "highway": "secondary", "length_km": 0.47512558363376306, "h_neige": 16.44, "is_crit_security_social": true, "is_crit_economique": true, "quartier": "riviere_des_prairies", "scenario_1": true, "scenario_2": true, "scenario_3": true }, "geometry": { "type": "LineString", "coordinates": [ [ -73.5401786, 45.6577648 ], [ -73.539818, 45.6572732 ], [ -73.5388102, 45.655884 ], [ -73.5379002, 45.6546439 ], [ -73.5374045, 45.6539572 ] ] } },
{ "type": "Feature", "properties": { "u": 224873302, "v": 224873305, "key": 0, "highway": "secondary", "length_km": 0.30705038933414258, "h_neige": 9.21, "is_crit_security_social": true, "is_crit_economique": true, "quartier": "riviere_des_prairies", "scenario_1": true, "scenario_2": true, "scenario_3": true }, "geometry": { "type": "LineString", "coordinates": [ [ -73.5468398, 45.666039 ], [ -73.5484807, 45.6683234 ], [ -73.5486153, 45.6685059 ] ] } },
{ "type": "Feature", "properties": { "u": 224873302, "v": 2578898420, "key": 0, "highway": "secondary", "length_km": 0.77629371090867683, "h_neige": 7.13, "is_crit_security_social": true, "is_crit_economique": true, "quartier": "riviere_des_prairies", "scenario_1": true, "scenario_2": true, "scenario_3": true }, "geometry": { "type": "LineString", "coordinates": [ [ -73.5468398, 45.666039 ], [ -73.5444906, 45.6627861 ], [ -73.5444003, 45.6626611 ], [ -73.5443806, 45.6626338 ], [ -73.5437429, 45.6617308 ], [ -73.5424723, 45.6599606 ], [ -73.5423772, 45.6598471 ], [ -73.5423451, 45.6598046 ] ] } },
{ "type": "Feature", "properties": { "u": 224873305, "v": 224873302, "key": 0, "highway": "secondary", "length_km": 0.30705038933414258, "h_neige": 10.66, "is_crit_security_social": true, "is_crit_economique": true, "quartier": "riviere_des_prairies", "scenario_1": true, "scenario_2": true, "scenario_3": true }, "geometry": { "type": "LineString", "coordinates": [ [ -73.5486153, 45.6685059 ], [ -73.5484807, 45.6683234 ], [ -73.5468398, 45.666039 ] ] } },
{ "type": "Feature", "properties": { "u": 224873305, "v": 367127796, "key": 0, "highway": "secondary", "length_km": 0.090376413966549968, "h_neige": 7.63, "is_crit_security_social": true, "is_crit_economique": true, "quartier": "riviere_des_prairies", "scenario_1": true, "scenario_2": true, "scenario_3": true }, "geometry": { "type": "LineString", "coordinates": [ [ -73.5486153, 45.6685059 ], [ -73.5487873, 45.6684303 ], [ -73.5491873, 45.6682434 ], [ -73.5495779, 45.66805 ] ] } },
{ "type": "Feature", "properties": { "u": 224873308, "v": 4031745331, "key": 0, "highway": "secondary", "length_km": 0.012140044649835764, "h_neige": 7.44, "is_crit_security_social": true, "is_crit_economique": true, "quartier": "riviere_des_prairies", "scenario_1": true, "scenario_2": true, "scenario_3": true }, "geometry": { "type": "LineString", "coordinates": [ [ -73.5363328, 45.6523755 ], [ -73.5362798, 45.6522728 ] ] } },
{ "type": "Feature", "properties": { "u": 224873308, "v": 224873325, "key": 0, "highway": "primary", "length_km": 0.47334952661018725, "h_neige": 11.64, "is_crit_security_social": true, "is_crit_economique": true, "quartier": "riviere_des_prairies", "scenario_1": true, "scenario_2": true, "scenario_3": true }, "geometry": { "type": "LineString", "coordinates": [ [ -73.5363328, 45.6523755 ], [ -73.536418, 45.6523344 ], [ -73.536515, 45.652288 ], [ -73.5368259, 45.6521394 ], [ -73.5374744, 45.6518294 ], [ -73.5393638, 45.6509013 ], [ -73.5400124, 45.6506059 ], [ -73.5400499, 45.6505888 ], [ -73.5402035, 45.6505189 ], [ -73.5403337, 45.6504548 ], [ -73.5413441, 45.6499574 ] ] } },
{ "type": "Feature", "properties": { "u": 224873325, "v": 224873350, "key": 0, "highway": "primary", "length_km": 0.67699514297609931, "h_neige": 8.76, "is_crit_security_social": true, "is_crit_economique": true, "quartier": "riviere_des_prairies", "scenario_1": true, "scenario_2": true, "scenario_3": true }, "geometry": { "type": "LineString", "coordinates": [ [ -73.5413441, 45.6499574 ], [ -73.5424693, 45.6495087 ], [ -73.5431058, 45.6492555 ], [ -73.5438472, 45.648939 ], [ -73.5446755, 45.6485471 ], [ -73.5457954, 45.6480098 ], [ -73.5466694, 45.6475644 ], [ -73.5471997, 45.6472823 ], [ -73.5476854, 45.6469966 ], [ -73.5484808, 45.6464945 ] ] } },
{ "type": "Feature", "properties": { "u": 224873350, "v": 595752896, "key": 0, "highway": "primary", "length_km": 0.38573756631190853, "h_neige": 11.76, "is_crit_security_social": true, "is_crit_economique": true, "quartier": "riviere_des_prairies", "scenario_1": true, "scenario_2": true, "scenario_3": true }, "geometry": { "type": "LineString", "coordinates": [ [ -73.5484808, 45.6464945 ], [ -73.5490556, 45.6461981 ], [ -73.5497669, 45.6458312 ], [ -73.5525018, 45.6444619 ] ] } },
{ "type": "Feature", "properties": { "u": 224873355, "v": 4031745348, "key": 0, "highway": "primary", "length_km": 0.41637036160486368, "h_neige": 7.21, "is_crit_security_social": true, "is_crit_economique": true, "quartier": "riviere_des_prairies", "scenario_1": true, "scenario_2": true, "scenario_3": true }, "geometry": { "type": "LineString", "coordinates": [ [ -73.5412204, 45.6498385 ], [ -73.5402467, 45.650322 ], [ -73.5402183, 45.6503349 ], [ -73.5400823, 45.6503968 ], [ -73.5399328, 45.6504709 ], [ -73.5392677, 45.6508004 ], [ -73.5374994, 45.6516583 ], [ -73.5368412, 45.6519946 ] ] } },
{ "type": "Feature", "properties": { "u": 224873391, "v": 598413466, "key": 0, "highway": "primary", "length_km": 1.2637341816057641, "h_neige": 11.55, "is_crit_security_social": true, "is_crit_economique": true, "quartier": "riviere_des_prairies", "scenario_1": true, "scenario_2": true, "scenario_3": true }, "geometry": { "type": "LineString", "coordinates": [ [ -73.565362, 45.636247 ], [ -73.5654475, 45.6361907 ], [ -73.5668601, 45.6352611 ], [ -73.5677423, 45.6346752 ], [ -73.5682895, 45.6343265 ], [ -73.5684045, 45.6342513 ], [ -73.5699911, 45.6332133 ], [ -73.5700428, 45.6331795 ], [ -73.5712774, 45.6323714 ], [ -73.5726668, 45.631462 ], [ -73.5727787, 45.6313888 ], [ -73.5736692, 45.6308018 ], [ -73.5745896, 45.6301858 ], [ -73.5770088, 45.6285217 ], [ -73.5770319, 45.6285047 ], [ -73.5771459, 45.6284209 ] ] } },
{ "type": "Feature", "properties": { "u": 224873405, "v": 596643958, "key": 0, "highway": "primary", "length_km": 0.27204612335206496, "h_neige": 11.08, "is_crit_security_social": true, "is_crit_economique": true, "quartier": "riviere_des_prairies", "scenario_1": true, "scenario_2": true, "scenario_3": true }, "geometry": { "type": "LineString", "coordinates": [ [ -73.5842192, 45.6235836 ], [ -73.5848948, 45.6231442 ], [ -73.5852071, 45.6229321 ], [ -73.5856152, 45.622655 ], [ -73.5867295, 45.62188 ] ] } },
{ "type": "Feature", "properties": { "u": 224911362, "v": 596642942, "key": 0, "highway": "primary", "length_km": 0.010999413209187497, "h_neige": 5.46, "is_crit_security_social": true, "is_crit_economique": true, "quartier": "riviere_des_prairies", "scenario_1": true, "scenario_2": true, "scenario_3": true }, "geometry": { "type": "LineString", "coordinates": [ [ -73.5990999, 45.6138809 ], [ -73.5992182, 45.6138267 ] ] } },
{ "type": "Feature", "properties": { "u": 224991721, "v": 8872102981, "key": 0, "highway": "secondary", "length_km": 0.33599751609480849, "h_neige": 6.48, "is_crit_security_social": true, "is_crit_economique": true, "quartier": "riviere_des_prairies", "scenario_1": true, "scenario_2": true, "scenario_3": true }, "geometry": { "type": "LineString", "coordinates": [ [ -73.6008283, 45.6198963 ], [ -73.6012947, 45.620354 ], [ -73.6018237, 45.6208732 ], [ -73.6022522, 45.621293 ], [ -73.6025625, 45.6216039 ], [ -73.6028429, 45.6218848 ], [ -73.6033218, 45.6223639 ] ] } },
{ "type": "Feature", "properties": { "u": 224991752, "v": 224991721, "key": 0, "highway": "secondary", "length_km": 0.19102178455498872, "h_neige": 18.44, "is_crit_security_social": true, "is_crit_economique": true, "quartier": "riviere_des_prairies", "scenario_1": true, "scenario_2": true, "scenario_3": true }, "geometry": { "type": "LineString", "coordinates": [ [ -73.5993999, 45.6184988 ], [ -73.5996806, 45.6187686 ], [ -73.5999845, 45.6190669 ], [ -73.6003938, 45.6194687 ], [ -73.6008283, 45.6198963 ] ] } },
{ "type": "Feature", "properties": { "u": 224991787, "v": 1314049547, "key": 0, "highway": "secondary", "length_km": 0.079414546448823314, "h_neige": 13.94, "is_crit_security_social": true, "is_crit_economique": true, "quartier": "riviere_des_prairies", "scenario_1": true, "scenario_2": true, "scenario_3": true }, "geometry": { "type": "LineString", "coordinates": [ [ -73.6113365, 45.6299862 ], [ -73.6114095, 45.6299363 ], [ -73.6116431, 45.6297777 ], [ -73.6119282, 45.6295787 ], [ -73.6119777, 45.6295438 ], [ -73.6120632, 45.6294844 ] ] } },
{ "type": "Feature", "properties": { "u": 224991801, "v": 224991787, "key": 0, "highway": "secondary", "length_km": 0.015297464891517298, "h_neige": 14.12, "is_crit_security_social": true, "is_crit_economique": true, "quartier": "riviere_des_prairies", "scenario_1": true, "scenario_2": true, "scenario_3": true }, "geometry": { "type": "LineString", "coordinates": [ [ -73.6112268, 45.629872 ], [ -73.6113365, 45.6299862 ] ] } },
{ "type": "Feature", "properties": { "u": 224991801, "v": 225000149, "key": 0, "highway": "secondary", "length_km": 0.08489141091471418, "h_neige": 0.1, "is_crit_security_social": true, "is_crit_economique": true, "quartier": "riviere_des_prairies", "scenario_1": true, "scenario_2": true, "scenario_3": true }, "geometry": { "type": "LineString", "coordinates": [ [ -73.6112268, 45.629872 ], [ -73.6111789, 45.6299021 ], [ -73.6111508, 45.6299203 ], [ -73.6110013, 45.6300138 ], [ -73.6105258, 45.6303426 ], [ -73.6104345, 45.6303968 ] ] } },
{ "type": "Feature", "properties": { "u": 224991816, "v": 224991787, "key": 0, "highway": "secondary", "length_km": 0.083751478052652914, "h_neige": 12.49, "is_crit_security_social": true, "is_crit_economique": true, "quartier": "riviere_des_prairies", "scenario_1": true, "scenario_2": true, "scenario_3": true }, "geometry": { "type": "LineString", "coordinates": [ [ -73.6105405, 45.6304925 ], [ -73.6106398, 45.6304275 ], [ -73.6107213, 45.6303768 ], [ -73.6108128, 45.6303208 ], [ -73.6109171, 45.6302574 ], [ -73.6110168, 45.6302011 ], [ -73.611109, 45.6301465 ], [ -73.6112466, 45.6300555 ], [ -73.6112635, 45.6300417 ], [ -73.6112941, 45.6300172 ], [ -73.6113365, 45.6299862 ] ] } },
{ "type": "Feature", "properties": { "u": 224992016, "v": 595753007, "key": 0, "highway": "secondary", "length_km": 0.092310157692073888, "h_neige": 11.51, "is_crit_security_social": true, "is_crit_economique": true, "quartier": "riviere_des_prairies", "scenario_1": true, "scenario_2": true, "scenario_3": true }, "geometry": { "type": "LineString", "coordinates": [ [ -73.5584495, 45.6617323 ], [ -73.559204, 45.6613033 ], [ -73.5592749, 45.661263 ], [ -73.5593753, 45.6612124 ] ] } },
{ "type": "Feature", "properties": { "u": 224992031, "v": 2626154086, "key": 0, "highway": "secondary", "length_km": 0.38270233314554897, "h_neige": 13.89, "is_crit_security_social": true, "is_crit_economique": true, "quartier": "riviere_des_prairies", "scenario_1": true, "scenario_2": true, "scenario_3": true }, "geometry": { "type": "LineString", "coordinates": [ [ -73.552856, 45.6660575 ], [ -73.5540379, 45.665129 ], [ -73.5545835, 45.6646598 ], [ -73.5559609, 45.6635289 ], [ -73.5560594, 45.663444 ] ] } },
{ "type": "Feature", "properties": { "u": 225000149, "v": 225000153, "key": 0, "highway": "secondary", "length_km": 0.075880304750846173, "h_neige": 11.43, "is_crit_security_social": true, "is_crit_economique": true, "quartier": "riviere_des_prairies", "scenario_1": true, "scenario_2": true, "scenario_3": true }, "geometry": { "type": "LineString", "coordinates": [ [ -73.6104345, 45.6303968 ], [ -73.6097112, 45.6308549 ] ] } },
{ "type": "Feature", "properties": { "u": 225000153, "v": 534467578, "key": 0, "highway": "secondary", "length_km": 0.061751979924418152, "h_neige": 3.62, "is_crit_security_social": true, "is_crit_economique": true, "quartier": "riviere_des_prairies", "scenario_1": true, "scenario_2": true, "scenario_3": true }, "geometry": { "type": "LineString", "coordinates": [ [ -73.6097112, 45.6308549 ], [ -73.6092399, 45.6311886 ], [ -73.6091531, 45.63125 ] ] } },
{ "type": "Feature", "properties": { "u": 225000222, "v": 225000226, "key": 0, "highway": "secondary", "length_km": 0.1989260131293886, "h_neige": 12.16, "is_crit_security_social": true, "is_crit_economique": true, "quartier": "riviere_des_prairies", "scenario_1": true, "scenario_2": true, "scenario_3": true }, "geometry": { "type": "LineString", "coordinates": [ [ -73.5543825, 45.6646265 ], [ -73.5528081, 45.665906 ], [ -73.5527111, 45.6659815 ] ] } },
{ "type": "Feature", "properties": { "u": 225000226, "v": 224873305, "key": 0, "highway": "secondary", "length_km": 0.42953432013763532, "h_neige": 8.74, "is_crit_security_social": true, "is_crit_economique": true, "quartier": "riviere_des_prairies", "scenario_1": true, "scenario_2": true, "scenario_3": true }, "geometry": { "type": "LineString", "coordinates": [ [ -73.5527111, 45.6659815 ], [ -73.5525025, 45.6661202 ], [ -73.5523012, 45.6662659 ], [ -73.5519607, 45.6665035 ], [ -73.551604, 45.6667331 ], [ -73.551254, 45.6669571 ], [ -73.5508885, 45.6671737 ], [ -73.5505418, 45.6673751 ], [ -73.5502012, 45.6675672 ], [ -73.5494762, 45.6679432 ], [ -73.5490861, 45.6681337 ], [ -73.5486707, 45.6683242 ], [ -73.5486153, 45.6685059 ] ] } },
{ "type": "Feature", "properties": { "u": 225002040, "v": 596515324, "key": 0, "highway": "tertiary", "length_km": 0.18678308901836424, "h_neige": 7.9, "is_crit_security_social": true, "is_crit_economique": true, "quartier": "riviere_des_prairies", "scenario_1": true, "scenario_2": true, "scenario_3": true }, "geometry": { "type": "LineString", "coordinates": [ [ -73.5893893, 45.631474 ], [ -73.5893264, 45.6315225 ], [ -73.5889545, 45.6318093 ], [ -73.5889316, 45.631827 ], [ -73.5877735, 45.632717 ] ] } },
{ "type": "Feature", "properties": { "u": 282596699, "v": 224843617, "key": 0, "highway": "secondary", "length_km": 0.015288472773509414, "h_neige": 2.92, "is_crit_security_social": true, "is_crit_economique": true, "quartier": "riviere_des_prairies", "scenario_1": true, "scenario_2": true, "scenario_3": true }, "geometry": { "type": "LineString", "coordinates": [ [ -73.4879231, 45.6489962 ], [ -73.4879127, 45.6491335 ] ] } },
{ "type": "Feature", "properties": { "u": 282596699, "v": 224843609, "key": 0, "highway": "secondary", "length_km": 0.41152356784320498, "h_neige": 2.19, "is_crit_security_social": true, "is_crit_economique": true, "quartier": "riviere_des_prairies", "scenario_1": true, "scenario_2": true, "scenario_3": true }, "geometry": { "type": "LineString", "coordinates": [ [ -73.4879231, 45.6489962 ], [ -73.4879314, 45.6489179 ], [ -73.4879493, 45.64875 ], [ -73.4879908, 45.6486082 ], [ -73.4880394, 45.6484425 ], [ -73.488151, 45.648184 ], [ -73.4885666, 45.6472218 ], [ -73.4887975, 45.6466691 ], [ -73.4888948, 45.6464492 ], [ -73.4889972, 45.646218 ], [ -73.4890599, 45.6460764 ], [ -73.4893285, 45.6454345 ] ] } },
{ "type": "Feature", "properties": { "u": 282596731, "v": 294210559, "key": 0, "highway": "secondary", "length_km": 0.20273375924949086, "h_neige": 12.92, "is_crit_security_social": true, "is_crit_economique": true, "quartier": "riviere_des_prairies", "scenario_1": true, "scenario_2": true, "scenario_3": true }, "geometry": { "type": "LineString", "coordinates": [ [ -73.5064033, 45.6426476 ], [ -73.508946, 45.6430526 ] ] } },
{ "type": "Feature", "properties": { "u": 282596731, "v": 369558855, "key": 0, "highway": "residential", "length_km": 0.0094871980624906364, "h_neige": 16.73, "is_crit_security_social": true, "is_crit_economique": false, "quartier": "riviere_des_prairies", "scenario_1": true, "scenario_2": false, "scenario_3": true }, "geometry": { "type": "LineString", "coordinates": [ [ -73.5064033, 45.6426476 ], [ -73.5064297, 45.6425643 ] ] } },
{ "type": "Feature", "properties": { "u": 282596731, "v": 623324599, "key": 0, "highway": "residential", "length_km": 0.071465528451777366, "h_neige": 5.53, "is_crit_security_social": true, "is_crit_economique": false, "quartier": "riviere_des_prairies", "scenario_1": true, "scenario_2": false, "scenario_3": true }, "geometry": { "type": "LineString", "coordinates": [ [ -73.5064033, 45.6426476 ], [ -73.506366, 45.6427643 ], [ -73.5061945, 45.6432735 ] ] } },
{ "type": "Feature", "properties": { "u": 282597769, "v": 224843930, "key": 0, "highway": "tertiary", "length_km": 0.030168130212690308, "h_neige": 1.96, "is_crit_security_social": true, "is_crit_economique": true, "quartier": "riviere_des_prairies", "scenario_1": true, "scenario_2": true, "scenario_3": true }, "geometry": { "type": "LineString", "coordinates": [ [ -73.4921563, 45.6972749 ], [ -73.4920771, 45.6972442 ], [ -73.4920382, 45.6972257 ], [ -73.4920021, 45.6972055 ], [ -73.4919493, 45.697168 ], [ -73.4919196, 45.6971491 ], [ -73.4918539, 45.6971071 ] ] } },
{ "type": "Feature", "properties": { "u": 282597769, "v": 297625580, "key": 0, "highway": "tertiary", "length_km": 0.16948329687421593, "h_neige": 1.98, "is_crit_security_social": true, "is_crit_economique": true, "quartier": "riviere_des_prairies", "scenario_1": true, "scenario_2": true, "scenario_3": true }, "geometry": { "type": "LineString", "coordinates": [ [ -73.4921563, 45.6972749 ], [ -73.4922474, 45.6972983 ], [ -73.4923406, 45.6973189 ], [ -73.4925317, 45.6973484 ], [ -73.4933451, 45.6974706 ], [ -73.4939087, 45.6975573 ], [ -73.494143, 45.6975915 ], [ -73.4942831, 45.6976124 ] ] } },
{ "type": "Feature", "properties": { "u": 286752998, "v": 286753002, "key": 0, "highway": "residential", "length_km": 0.092665534239539743, "h_neige": 19.54, "is_crit_security_social": true, "is_crit_economique": false, "quartier": "riviere_des_prairies", "scenario_1": true, "scenario_2": false, "scenario_3": true }, "geometry": { "type": "LineString", "coordinates": [ [ -73.6179466, 45.630116 ], [ -73.6179019, 45.6300795 ], [ -73.6178732, 45.6300573 ], [ -73.6176379, 45.6298344 ], [ -73.6173053, 45.6295194 ], [ -73.6172344, 45.6294482 ] ] } },
{ "type": "Feature", "properties": { "u": 286752998, "v": 8872479574, "key": 0, "highway": "tertiary", "length_km": 0.16456269817098276, "h_neige": 19.08, "is_crit_security_social": true, "is_crit_economique": true, "quartier": "riviere_des_prairies", "scenario_1": true, "scenario_2": true, "scenario_3": true }, "geometry": { "type": "LineString", "coordinates": [ [ -73.6179466, 45.630116 ], [ -73.6179261, 45.6301292 ], [ -73.6178718, 45.6301639 ], [ -73.6178035, 45.6302098 ], [ -73.6177433, 45.6302503 ], [ -73.6176225, 45.6303314 ], [ -73.6173158, 45.6305375 ], [ -73.6169874, 45.6307577 ], [ -73.6166739, 45.6309708 ], [ -73.6165245, 45.6310724 ], [ -73.6164723, 45.6311029 ], [ -73.6164119, 45.6311343 ] ] } },
{ "type": "Feature", "properties": { "u": 286753002, "v": 286752998, "key": 0, "highway": "residential", "length_km": 0.092665534239539757, "h_neige": 11.99, "is_crit_security_social": true, "is_crit_economique": false, "quartier": "riviere_des_prairies", "scenario_1": true, "scenario_2": false, "scenario_3": true }, "geometry": { "type": "LineString", "coordinates": [ [ -73.6172344, 45.6294482 ], [ -73.6173053, 45.6295194 ], [ -73.6176379, 45.6298344 ], [ -73.6178732, 45.6300573 ], [ -73.6179019, 45.6300795 ], [ -73.6179466, 45.630116 ] ] } },
{ "type": "Feature", "properties": { "u": 286753002, "v": 286753035, "key": 0, "highway": "residential", "length_km": 0.094650994012251216, "h_neige": 16.29, "is_crit_security_social": true, "is_crit_economique": false, "quartier": "riviere_des_prairies", "scenario_1": true, "scenario_2": false, "scenario_3": true }, "geometry": { "type": "LineString", "coordinates": [ [ -73.6172344, 45.6294482 ], [ -73.6171523, 45.6294889 ], [ -73.6171243, 45.6295031 ], [ -73.6163419, 45.62991 ], [ -73.6162991, 45.6299293 ], [ -73.6162504, 45.6299487 ] ] } },
{ "type": "Feature", "properties": { "u": 286753002, "v": 286753005, "key": 0, "highway": "residential", "length_km": 0.11842319880893981, "h_neige": 14.09, "is_crit_security_social": true, "is_crit_economique": false, "quartier": "riviere_des_prairies", "scenario_1": true, "scenario_2": false, "scenario_3": true }, "geometry": { "type": "LineString", "coordinates": [ [ -73.6172344, 45.6294482 ], [ -73.6171819, 45.6293959 ], [ -73.6163981, 45.6286572 ], [ -73.6163307, 45.628591 ] ] } },
{ "type": "Feature", "properties": { "u": 286753005, "v": 286753002, "key": 0, "highway": "residential", "length_km": 0.11842319880893981, "h_neige": 12.8, "is_crit_security_social": true, "is_crit_economique": false, "quartier": "riviere_des_prairies", "scenario_1": true, "scenario_2": false, "scenario_3": true }, "geometry": { "type": "LineString", "coordinates": [ [ -73.6163307, 45.628591 ], [ -73.6163981, 45.6286572 ], [ -73.6171819, 45.6293959 ], [ -73.6172344, 45.6294482 ] ] } },
{ "type": "Feature", "properties": { "u": 286753011, "v": 1314049471, "key": 0, "highway": "secondary", "length_km": 0.32883577702894412, "h_neige": 8.56, "is_crit_security_social": true, "is_crit_economique": true, "quartier": "riviere_des_prairies", "scenario_1": true, "scenario_2": true, "scenario_3": true }, "geometry": { "type": "LineString", "coordinates": [ [ -73.6149442, 45.6272863 ], [ -73.6148905, 45.6273217 ], [ -73.6148672, 45.6273371 ], [ -73.6134978, 45.6282729 ], [ -73.6128969, 45.6286841 ], [ -73.6127612, 45.6287811 ], [ -73.6123832, 45.6290431 ], [ -73.61205, 45.6292735 ], [ -73.612028, 45.6292915 ], [ -73.6119377, 45.6293653 ] ] } },
{ "type": "Feature", "properties": { "u": 286753014, "v": 286753035, "key": 0, "highway": "residential", "length_km": 0.1179124922882865, "h_neige": 17.3, "is_crit_security_social": true, "is_crit_economique": false, "quartier": "riviere_des_prairies", "scenario_1": true, "scenario_2": false, "scenario_3": true }, "geometry": { "type": "LineString", "coordinates": [ [ -73.6153685, 45.6290865 ], [ -73.6161774, 45.6298658 ], [ -73.6161963, 45.6298843 ], [ -73.6162243, 45.6299155 ], [ -73.6162504, 45.6299487 ] ] } },
{ "type": "Feature", "properties": { "u": 286753032, "v": 286753035, "key": 0, "highway": "residential", "length_km": 0.35950850425466624, "h_neige": 0.46, "is_crit_security_social": true, "is_crit_economique": false, "quartier": "riviere_des_prairies", "scenario_1": true, "scenario_2": false, "scenario_3": true }, "geometry": { "type": "LineString", "coordinates": [ [ -73.6152422, 45.6289584 ], [ -73.614955, 45.6286879 ], [ -73.6149041, 45.6286575 ], [ -73.6148516, 45.6286469 ], [ -73.6147989, 45.6286518 ], [ -73.6147555, 45.6286716 ], [ -73.6141444, 45.6290802 ], [ -73.614125, 45.6291128 ], [ -73.6141218, 45.6291447 ], [ -73.6141211, 45.6291848 ], [ -73.6141395, 45.6292202 ], [ -73.615143, 45.6301618 ], [ -73.6151991, 45.6301859 ], [ -73.6152555, 45.6301957 ], [ -73.6152747, 45.6301963 ], [ -73.6152925, 45.6301949 ], [ -73.6153216, 45.6301902 ], [ -73.6153507, 45.6301844 ], [ -73.6155896, 45.6301292 ], [ -73.6158389, 45.630066 ], [ -73.6160713, 45.6300058 ], [ -73.6161454, 45.6299852 ], [ -73.6161911, 45.6299702 ], [ -73.6162504, 45.6299487 ] ] } },
{ "type": "Feature", "properties": { "u": 286753035, "v": 286753002, "key": 0, "highway": "residential", "length_km": 0.094650994012251202, "h_neige": 12.57, "is_crit_security_social": true, "is_crit_economique": false, "quartier": "riviere_des_prairies", "scenario_1": true, "scenario_2": false, "scenario_3": true }, "geometry": { "type": "LineString", "coordinates": [ [ -73.6162504, 45.6299487 ], [ -73.6162991, 45.6299293 ], [ -73.6163419, 45.62991 ], [ -73.6171243, 45.6295031 ], [ -73.6171523, 45.6294889 ], [ -73.6172344, 45.6294482 ] ] } },
{ "type": "Feature", "properties": { "u": 286753035, "v": 286753014, "key": 0, "highway": "residential", "length_km": 0.11791249228828649, "h_neige": 16.55, "is_crit_security_social": true, "is_crit_economique": false, "quartier": "riviere_des_prairies", "scenario_1": true, "scenario_2": false, "scenario_3": true }, "geometry": { "type": "LineString", "coordinates": [ [ -73.6162504, 45.6299487 ], [ -73.6162243, 45.6299155 ], [ -73.6161963, 45.6298843 ], [ -73.6161774, 45.6298658 ], [ -73.6153685, 45.6290865 ] ] } },
{ "type": "Feature", "properties": { "u": 286753035, "v": 286753032, "key": 0, "highway": "residential", "length_km": 0.35950850425466624, "h_neige": 14.73, "is_crit_security_social": true, "is_crit_economique": false, "quartier": "riviere_des_prairies", "scenario_1": true, "scenario_2": false, "scenario_3": true }, "geometry": { "type": "LineString", "coordinates": [ [ -73.6162504, 45.6299487 ], [ -73.6161911, 45.6299702 ], [ -73.6161454, 45.6299852 ], [ -73.6160713, 45.6300058 ], [ -73.6158389, 45.630066 ], [ -73.6155896, 45.6301292 ], [ -73.6153507, 45.6301844 ], [ -73.6153216, 45.6301902 ], [ -73.6152925, 45.6301949 ], [ -73.6152747, 45.6301963 ], [ -73.6152555, 45.6301957 ], [ -73.6151991, 45.6301859 ], [ -73.615143, 45.6301618 ], [ -73.6141395, 45.6292202 ], [ -73.6141211, 45.6291848 ], [ -73.6141218, 45.6291447 ], [ -73.614125, 45.6291128 ], [ -73.6141444, 45.6290802 ], [ -73.6147555, 45.6286716 ], [ -73.6147989, 45.6286518 ], [ -73.6148516, 45.6286469 ], [ -73.6149041, 45.6286575 ], [ -73.614955, 45.6286879 ], [ -73.6152422, 45.6289584 ] ] } },
{ "type": "Feature", "properties": { "u": 290233367, "v": 623509921, "key": 0, "highway": "residential", "length_km": 0.04606730658945065, "h_neige": 17.57, "is_crit_security_social": true, "is_crit_economique": false, "quartier": "riviere_des_prairies", "scenario_1": true, "scenario_2": false, "scenario_3": true }, "geometry": { "type": "LineString", "coordinates": [ [ -73.494884, 45.6730282 ], [ -73.4950115, 45.6726236 ] ] } },
{ "type": "Feature", "properties": { "u": 292782954, "v": 292782955, "key": 0, "highway": "secondary", "length_km": 0.22918479594867347, "h_neige": 9.25, "is_crit_security_social": true, "is_crit_economique": true, "quartier": "riviere_des_prairies", "scenario_1": true, "scenario_2": true, "scenario_3": true }, "geometry": { "type": "LineString", "coordinates": [ [ -73.5004689, 45.6415859 ], [ -73.5004367, 45.6415806 ], [ -73.4998096, 45.6414774 ], [ -73.4994105, 45.6414117 ], [ -73.4976004, 45.6411104 ] ] } },
{ "type": "Feature", "properties": { "u": 292782955, "v": 923862433, "key": 0, "highway": "secondary", "length_km": 0.24946972552179497, "h_neige": 14.75, "is_crit_security_social": true, "is_crit_economique": true, "quartier": "riviere_des_prairies", "scenario_1": true, "scenario_2": true, "scenario_3": true }, "geometry": { "type": "LineString", "coordinates": [ [ -73.4976004, 45.6411104 ], [ -73.4969603, 45.6410046 ], [ -73.4963336, 45.6409011 ], [ -73.4947771, 45.6406439 ], [ -73.4944775, 45.6405944 ] ] } },
{ "type": "Feature", "properties": { "u": 292782999, "v": 4502212260, "key": 0, "highway": "secondary", "length_km": 0.12785801374430758, "h_neige": 14.91, "is_crit_security_social": true, "is_crit_economique": true, "quartier": "riviere_des_prairies", "scenario_1": true, "scenario_2": true, "scenario_3": true }, "geometry": { "type": "LineString", "coordinates": [ [ -73.5004058, 45.641665 ], [ -73.5011506, 45.641787 ], [ -73.5020071, 45.6419273 ] ] } },
{ "type": "Feature", "properties": { "u": 293047779, "v": 293051359, "key": 0, "highway": "secondary", "length_km": 0.034673524621943036, "h_neige": 9.79, "is_crit_security_social": true, "is_crit_economique": true, "quartier": "riviere_des_prairies", "scenario_1": true, "scenario_2": true, "scenario_3": true }, "geometry": { "type": "LineString", "coordinates": [ [ -73.4922345, 45.6403259 ], [ -73.4922837, 45.6403336 ], [ -73.4923238, 45.6403399 ], [ -73.4924673, 45.6403624 ], [ -73.4925935, 45.6403849 ], [ -73.492669, 45.6403961 ] ] } },
{ "type": "Feature", "properties": { "u": 293050911, "v": 293050930, "key": 0, "highway": "secondary", "length_km": 0.07642188214549113, "h_neige": 4.97, "is_crit_security_social": true, "is_crit_economique": true, "quartier": "riviere_des_prairies", "scenario_1": true, "scenario_2": true, "scenario_3": true }, "geometry": { "type": "LineString", "coordinates": [ [ -73.4923917, 45.6357089 ], [ -73.4922451, 45.6359868 ], [ -73.4920515, 45.6363537 ] ] } },
{ "type": "Feature", "properties": { "u": 293050911, "v": 224843576, "key": 0, "highway": "secondary", "length_km": 0.075655548601201328, "h_neige": 5.86, "is_crit_security_social": true, "is_crit_economique": true, "quartier": "riviere_des_prairies", "scenario_1": true, "scenario_2": true, "scenario_3": true }, "geometry": { "type": "LineString", "coordinates": [ [ -73.4923917, 45.6357089 ], [ -73.4926643, 45.6351591 ], [ -73.4927138, 45.6350669 ] ] } },
{ "type": "Feature", "properties": { "u": 293050930, "v": 293050932, "key": 0, "highway": "secondary", "length_km": 0.074575946042796201, "h_neige": 17.54, "is_crit_security_social": true, "is_crit_economique": true, "quartier": "riviere_des_prairies", "scenario_1": true, "scenario_2": true, "scenario_3": true }, "geometry": { "type": "LineString", "coordinates": [ [ -73.4920515, 45.6363537 ], [ -73.4917171, 45.6369823 ] ] } },
{ "type": "Feature", "properties": { "u": 293050930, "v": 293050911, "key": 0, "highway": "secondary", "length_km": 0.07642188214549113, "h_neige": 11.27, "is_crit_security_social": true, "is_crit_economique": true, "quartier": "riviere_des_prairies", "scenario_1": true, "scenario_2": true, "scenario_3": true }, "geometry": { "type": "LineString", "coordinates": [ [ -73.4920515, 45.6363537 ], [ -73.4922451, 45.6359868 ], [ -73.4923917, 45.6357089 ] ] } },
{ "type": "Feature", "properties": { "u": 293050932, "v": 224843580, "key": 0, "highway": "secondary", "length_km": 0.074464379932650163, "h_neige": 15.52, "is_crit_security_social": true, "is_crit_economique": true, "quartier": "riviere_des_prairies", "scenario_1": true, "scenario_2": true, "scenario_3": true }, "geometry": { "type": "LineString", "coordinates": [ [ -73.4917171, 45.6369823 ], [ -73.4913822, 45.6376097 ] ] } },
{ "type": "Feature", "properties": { "u": 293050932, "v": 293050930, "key": 0, "highway": "secondary", "length_km": 0.074575946042796201, "h_neige": 12.95, "is_crit_security_social": true, "is_crit_economique": true, "quartier": "riviere_des_prairies", "scenario_1": true, "scenario_2": true, "scenario_3": true }, "geometry": { "type": "LineString", "coordinates": [ [ -73.4917171, 45.6369823 ], [ -73.4920515, 45.6363537 ] ] } },
{ "type": "Feature", "properties": { "u": 293050999, "v": 224843580, "key": 0, "highway": "secondary", "length_km": 0.076508801960005146, "h_neige": 0.48, "is_crit_security_social": true, "is_crit_economique": true, "quartier": "riviere_des_prairies", "scenario_1": true, "scenario_2": true, "scenario_3": true }, "geometry": { "type": "LineString", "coordinates": [ [ -73.4910409, 45.6382549 ], [ -73.4910805, 45.6381796 ], [ -73.491341, 45.6376753 ], [ -73.4913822, 45.6376097 ] ] } },
{ "type": "Feature", "properties": { "u": 293050999, "v": 224843584, "key": 0, "highway": "secondary", "length_km": 0.075862584007340597, "h_neige": 13.93, "is_crit_security_social": true, "is_crit_economique": true, "quartier": "riviere_des_prairies", "scenario_1": true, "scenario_2": true, "scenario_3": true }, "geometry": { "type": "LineString", "coordinates": [ [ -73.4910409, 45.6382549 ], [ -73.4909912, 45.6383435 ], [ -73.4906911, 45.6388918 ] ] } },
{ "type": "Feature", "properties": { "u": 293051001, "v": 224843587, "key": 0, "highway": "secondary", "length_km": 0.015695113666476721, "h_neige": 5.34, "is_crit_security_social": true, "is_crit_economique": true, "quartier": "riviere_des_prairies", "scenario_1": true, "scenario_2": true, "scenario_3": true }, "geometry": { "type": "LineString", "coordinates": [ [ -73.4904625, 45.6393381 ], [ -73.4903953, 45.6394712 ] ] } },
{ "type": "Feature", "properties": { "u": 293051001, "v": 224843584, "key": 0, "highway": "secondary", "length_km": 0.052712779577834663, "h_neige": 14.4, "is_crit_security_social": true, "is_crit_economique": true, "quartier": "riviere_des_prairies", "scenario_1": true, "scenario_2": true, "scenario_3": true }, "geometry": { "type": "LineString", "coordinates": [ [ -73.4904625, 45.6393381 ], [ -73.4906911, 45.6388918 ] ] } },
{ "type": "Feature", "properties": { "u": 293051359, "v": 294209772, "key": 0, "highway": "secondary", "length_km": 0.099102716003465818, "h_neige": 5.52, "is_crit_security_social": true, "is_crit_economique": true, "quartier": "riviere_des_prairies", "scenario_1": true, "scenario_2": true, "scenario_3": true }, "geometry": { "type": "LineString", "coordinates": [ [ -73.492669, 45.6403961 ], [ -73.4939094, 45.6406016 ] ] } },
{ "type": "Feature", "properties": { "u": 293052340, "v": 597658358, "key": 0, "highway": "residential", "length_km": 0.075177408912603771, "h_neige": 5.93, "is_crit_security_social": true, "is_crit_economique": false, "quartier": "riviere_des_prairies", "scenario_1": true, "scenario_2": false, "scenario_3": true }, "geometry": { "type": "LineString", "coordinates": [ [ -73.5067452, 45.6400797 ], [ -73.5065101, 45.6407355 ] ] } },
{ "type": "Feature", "properties": { "u": 293304287, "v": 224826079, "key": 0, "highway": "secondary", "length_km": 0.01616471926645725, "h_neige": 1.63, "is_crit_security_social": true, "is_crit_economique": true, "quartier": "riviere_des_prairies", "scenario_1": true, "scenario_2": true, "scenario_3": true }, "geometry": { "type": "LineString", "coordinates": [ [ -73.513748, 45.6438075 ], [ -73.5139521, 45.6438353 ] ] } },
{ "type": "Feature", "properties": { "u": 293304287, "v": 4667250390, "key": 0, "highway": "primary", "length_km": 0.12997028483986642, "h_neige": 2.57, "is_crit_security_social": true, "is_crit_economique": true, "quartier": "riviere_des_prairies", "scenario_1": true, "scenario_2": true, "scenario_3": true }, "geometry": { "type": "LineString", "coordinates": [ [ -73.513748, 45.6438075 ], [ -73.5137219, 45.6438878 ], [ -73.5136098, 45.6442319 ], [ -73.5135386, 45.6444604 ], [ -73.5133789, 45.6449475 ] ] } },
{ "type": "Feature", "properties": { "u": 293304288, "v": 4667249879, "key": 0, "highway": "primary", "length_km": 0.18861961745742922, "h_neige": 13.94, "is_crit_security_social": true, "is_crit_economique": true, "quartier": "riviere_des_prairies", "scenario_1": true, "scenario_2": true, "scenario_3": true }, "geometry": { "type": "LineString", "coordinates": [ [ -73.5108796, 45.6527328 ], [ -73.5110008, 45.652382 ], [ -73.5111212, 45.6520331 ], [ -73.5113389, 45.6514028 ], [ -73.5114504, 45.6510841 ] ] } },
{ "type": "Feature", "properties": { "u": 294209452, "v": 292782999, "key": 0, "highway": "secondary", "length_km": 0.22648483023228549, "h_neige": 19.93, "is_crit_security_social": true, "is_crit_economique": true, "quartier": "riviere_des_prairies", "scenario_1": true, "scenario_2": true, "scenario_3": true }, "geometry": { "type": "LineString", "coordinates": [ [ -73.4975692, 45.6412007 ], [ -73.5002908, 45.6416462 ], [ -73.5004058, 45.641665 ] ] } },
{ "type": "Feature", "properties": { "u": 294209772, "v": 4502227323, "key": 0, "highway": "secondary", "length_km": 0.041688044086490371, "h_neige": 7.74, "is_crit_security_social": true, "is_crit_economique": true, "quartier": "riviere_des_prairies", "scenario_1": true, "scenario_2": true, "scenario_3": true }, "geometry": { "type": "LineString", "coordinates": [ [ -73.4939094, 45.6406016 ], [ -73.4944315, 45.6406871 ] ] } },
{ "type": "Feature", "properties": { "u": 294210559, "v": 4502304227, "key": 0, "highway": "secondary", "length_km": 0.17748004004325585, "h_neige": 8.2, "is_crit_security_social": true, "is_crit_economique": true, "quartier": "riviere_des_prairies", "scenario_1": true, "scenario_2": true, "scenario_3": true }, "geometry": { "type": "LineString", "coordinates": [ [ -73.508946, 45.6430526 ], [ -73.5111731, 45.6434037 ] ] } },
{ "type": "Feature", "properties": { "u": 294210596, "v": 597658358, "key": 0, "highway": "residential", "length_km": 0.075001807838444082, "h_neige": 3.51, "is_crit_security_social": true, "is_crit_economique": false, "quartier": "riviere_des_prairies", "scenario_1": true, "scenario_2": false, "scenario_3": true }, "geometry": { "type": "LineString", "coordinates": [ [ -73.5062763, 45.6413899 ], [ -73.5065101, 45.6407355 ] ] } },
{ "type": "Feature", "properties": { "u": 294210596, "v": 597658345, "key": 0, "highway": "residential", "length_km": 0.20897850557676201, "h_neige": 2.74, "is_crit_security_social": true, "is_crit_economique": false, "quartier": "riviere_des_prairies", "scenario_1": true, "scenario_2": false, "scenario_3": true }, "geometry": { "type": "LineString", "coordinates": [ [ -73.5062763, 45.6413899 ], [ -73.504797, 45.6411474 ], [ -73.5036592, 45.6409608 ] ] } },
{ "type": "Feature", "properties": { "u": 294210596, "v": 597658344, "key": 0, "highway": "residential", "length_km": 0.24383851597842779, "h_neige": 4.41, "is_crit_security_social": true, "is_crit_economique": false, "quartier": "riviere_des_prairies", "scenario_1": true, "scenario_2": false, "scenario_3": true }, "geometry": { "type": "LineString", "coordinates": [ [ -73.5062763, 45.6413899 ], [ -73.5072545, 45.6415478 ], [ -73.5093346, 45.6418766 ] ] } },
{ "type": "Feature", "properties": { "u": 294966947, "v": 293304287, "key": 0, "highway": "secondary", "length_km": 0.087290024549047343, "h_neige": 14.26, "is_crit_security_social": true, "is_crit_economique": true, "quartier": "riviere_des_prairies", "scenario_1": true, "scenario_2": true, "scenario_3": true }, "geometry": { "type": "LineString", "coordinates": [ [ -73.5126515, 45.6436384 ], [ -73.5128827, 45.6436739 ], [ -73.5136368, 45.6437895 ], [ -73.5136731, 45.6437954 ], [ -73.513748, 45.6438075 ] ] } },
{ "type": "Feature", "properties": { "u": 294966981, "v": 4667249884, "key": 0, "highway": "primary", "length_km": 0.18391175424645764, "h_neige": 18.02, "is_crit_security_social": true, "is_crit_economique": true, "quartier": "riviere_des_prairies", "scenario_1": true, "scenario_2": true, "scenario_3": true }, "geometry": { "type": "LineString", "coordinates": [ [ -73.5126506, 45.6469674 ], [ -73.5124547, 45.6475323 ], [ -73.5120932, 45.6485748 ] ] } },
{ "type": "Feature", "properties": { "u": 294966982, "v": 4667249887, "key": 0, "highway": "primary", "length_km": 0.049254439623086906, "h_neige": 16.14, "is_crit_security_social": true, "is_crit_economique": true, "quartier": "riviere_des_prairies", "scenario_1": true, "scenario_2": true, "scenario_3": true }, "geometry": { "type": "LineString", "coordinates": [ [ -73.5128586, 45.6469994 ], [ -73.5130078, 45.6465689 ] ] } },
{ "type": "Feature", "properties": { "u": 295067056, "v": 617477418, "key": 0, "highway": "primary", "length_km": 0.34830406325305369, "h_neige": 1.49, "is_crit_security_social": true, "is_crit_economique": true, "quartier": "riviere_des_prairies", "scenario_1": true, "scenario_2": true, "scenario_3": true }, "geometry": { "type": "LineString", "coordinates": [ [ -73.5080134, 45.6605382 ], [ -73.5077705, 45.6612352 ], [ -73.5076537, 45.6615815 ], [ -73.5074389, 45.6621952 ], [ -73.5069788, 45.6634998 ], [ -73.5069472, 45.6635806 ] ] } },
{ "type": "Feature", "properties": { "u": 295067057, "v": 295075356, "key": 0, "highway": "primary", "length_km": 0.24102330809336778, "h_neige": 7.05, "is_crit_security_social": true, "is_crit_economique": true, "quartier": "riviere_des_prairies", "scenario_1": true, "scenario_2": true, "scenario_3": true }, "geometry": { "type": "LineString", "coordinates": [ [ -73.5081828, 45.6605613 ], [ -73.5083552, 45.6600672 ], [ -73.5084839, 45.6596902 ], [ -73.5085813, 45.6594125 ], [ -73.5087215, 45.6589972 ], [ -73.5088711, 45.6585541 ], [ -73.5089054, 45.6584534 ] ] } },
{ "type": "Feature", "properties": { "u": 295075356, "v": 295079596, "key": 0, "highway": "primary", "length_km": 0.071135210912632779, "h_neige": 5.31, "is_crit_security_social": true, "is_crit_economique": true, "quartier": "riviere_des_prairies", "scenario_1": true, "scenario_2": true, "scenario_3": true }, "geometry": { "type": "LineString", "coordinates": [ [ -73.5089054, 45.6584534 ], [ -73.509022, 45.6581164 ], [ -73.5091206, 45.6578316 ] ] } },
{ "type": "Feature", "properties": { "u": 295075436, "v": 295067056, "key": 0, "highway": "primary", "length_km": 0.24128618660153134, "h_neige": 3.44, "is_crit_security_social": true, "is_crit_economique": true, "quartier": "riviere_des_prairies", "scenario_1": true, "scenario_2": true, "scenario_3": true }, "geometry": { "type": "LineString", "coordinates": [ [ -73.5086816, 45.6584192 ], [ -73.5083795, 45.6593805 ], [ -73.5082124, 45.6599192 ], [ -73.5080432, 45.6604601 ], [ -73.5080134, 45.6605382 ] ] } },
{ "type": "Feature", "properties": { "u": 295075550, "v": 224843638, "key": 0, "highway": "secondary", "length_km": 0.027424694079802345, "h_neige": 3.47, "is_crit_security_social": true, "is_crit_economique": true, "quartier": "riviere_des_prairies", "scenario_1": true, "scenario_2": true, "scenario_3": true }, "geometry": { "type": "LineString", "coordinates": [ [ -73.4918648, 45.6564873 ], [ -73.491978, 45.6567209 ] ] } },
{ "type": "Feature", "properties": { "u": 295075550, "v": 224843635, "key": 0, "highway": "secondary", "length_km": 0.085651796728194299, "h_neige": 12.31, "is_crit_security_social": true, "is_crit_economique": true, "quartier": "riviere_des_prairies", "scenario_1": true, "scenario_2": true, "scenario_3": true }, "geometry": { "type": "LineString", "coordinates": [ [ -73.4918648, 45.6564873 ], [ -73.491747, 45.6563063 ], [ -73.4914663, 45.655891 ], [ -73.4913894, 45.6557926 ] ] } },
{ "type": "Feature", "properties": { "u": 295075599, "v": 295075611, "key": 0, "highway": "residential", "length_km": 0.14136881930256742, "h_neige": 4.02, "is_crit_security_social": true, "is_crit_economique": false, "quartier": "riviere_des_prairies", "scenario_1": true, "scenario_2": false, "scenario_3": true }, "geometry": { "type": "LineString", "coordinates": [ [ -73.4909777, 45.6551962 ], [ -73.4907471, 45.6551591 ], [ -73.4892011, 45.6549237 ] ] } },
{ "type": "Feature", "properties": { "u": 295075599, "v": 224843635, "key": 0, "highway": "secondary", "length_km": 0.073632985601879142, "h_neige": 13.41, "is_crit_security_social": true, "is_crit_economique": true, "quartier": "riviere_des_prairies", "scenario_1": true, "scenario_2": true, "scenario_3": true }, "geometry": { "type": "LineString", "coordinates": [ [ -73.4909777, 45.6551962 ], [ -73.4913157, 45.6556847 ], [ -73.4913894, 45.6557926 ] ] } },
{ "type": "Feature", "properties": { "u": 295075599, "v": 295075910, "key": 0, "highway": "secondary", "length_km": 0.070449429648918968, "h_neige": 6.86, "is_crit_security_social": true, "is_crit_economique": true, "quartier": "riviere_des_prairies", "scenario_1": true, "scenario_2": true, "scenario_3": true }, "geometry": { "type": "LineString", "coordinates": [ [ -73.4909777, 45.6551962 ], [ -73.4907005, 45.6547981 ], [ -73.4905567, 45.6546359 ] ] } },
{ "type": "Feature", "properties": { "u": 295075611, "v": 295075599, "key": 0, "highway": "residential", "length_km": 0.14136881930256742, "h_neige": 4.88, "is_crit_security_social": true, "is_crit_economique": false, "quartier": "riviere_des_prairies", "scenario_1": true, "scenario_2": false, "scenario_3": true }, "geometry": { "type": "LineString", "coordinates": [ [ -73.4892011, 45.6549237 ], [ -73.4907471, 45.6551591 ], [ -73.4909777, 45.6551962 ] ] } },
{ "type": "Feature", "properties": { "u": 295075694, "v": 295075707, "key": 0, "highway": "residential", "length_km": 0.12466159901219774, "h_neige": 0.04, "is_crit_security_social": true, "is_crit_economique": false, "quartier": "riviere_des_prairies", "scenario_1": true, "scenario_2": false, "scenario_3": true }, "geometry": { "type": "LineString", "coordinates": [ [ -73.4888491, 45.6512047 ], [ -73.4890418, 45.6511346 ], [ -73.4891069, 45.651113 ], [ -73.4891644, 45.6511088 ], [ -73.4892187, 45.6511132 ], [ -73.4903906, 45.6513002 ] ] } },
{ "type": "Feature", "properties": { "u": 295075694, "v": 295075712, "key": 0, "highway": "secondary", "length_km": 0.11036989042030977, "h_neige": 13.17, "is_crit_security_social": true, "is_crit_economique": true, "quartier": "riviere_des_prairies", "scenario_1": true, "scenario_2": true, "scenario_3": true }, "geometry": { "type": "LineString", "coordinates": [ [ -73.4888491, 45.6512047 ], [ -73.4890413, 45.6514974 ], [ -73.4890731, 45.6515453 ], [ -73.4891685, 45.651689 ], [ -73.4893835, 45.6520127 ], [ -73.4894251, 45.6520765 ], [ -73.4894442, 45.6521059 ] ] } },
{ "type": "Feature", "properties": { "u": 295075694, "v": 224843619, "key": 0, "highway": "secondary", "length_km": 0.17879101672752715, "h_neige": 9.47, "is_crit_security_social": true, "is_crit_economique": true, "quartier": "riviere_des_prairies", "scenario_1": true, "scenario_2": true, "scenario_3": true }, "geometry": { "type": "LineString", "coordinates": [ [ -73.4888491, 45.6512047 ], [ -73.4887903, 45.6511156 ], [ -73.4884703, 45.6506646 ], [ -73.4880955, 45.6498682 ], [ -73.4880168, 45.6497095 ] ] } },
{ "type": "Feature", "properties": { "u": 295075707, "v": 295075694, "key": 0, "highway": "residential", "length_km": 0.12466159901219777, "h_neige": 1.94, "is_crit_security_social": true, "is_crit_economique": false, "quartier": "riviere_des_prairies", "scenario_1": true, "scenario_2": false, "scenario_3": true }, "geometry": { "type": "LineString", "coordinates": [ [ -73.4903906, 45.6513002 ], [ -73.4892187, 45.6511132 ], [ -73.4891644, 45.6511088 ], [ -73.4891069, 45.651113 ], [ -73.4890418, 45.6511346 ], [ -73.4888491, 45.6512047 ] ] } },
{ "type": "Feature", "properties": { "u": 295075712, "v": 295075777, "key": 0, "highway": "residential", "length_km": 0.096034381796347865, "h_neige": 6.34, "is_crit_security_social": true, "is_crit_economique": false, "quartier": "riviere_des_prairies", "scenario_1": true, "scenario_2": false, "scenario_3": true }, "geometry": { "type": "LineString", "coordinates": [ [ -73.4894442, 45.6521059 ], [ -73.4896079, 45.6520585 ], [ -73.489675, 45.6520418 ], [ -73.4897308, 45.6520376 ], [ -73.4897853, 45.6520406 ], [ -73.4906412, 45.6521721 ] ] } },
{ "type": "Feature", "properties": { "u": 295075712, "v": 295075741, "key": 0, "highway": "secondary", "length_km": 0.086494489329955043, "h_neige": 5.31, "is_crit_security_social": true, "is_crit_economique": true, "quartier": "riviere_des_prairies", "scenario_1": true, "scenario_2": true, "scenario_3": true }, "geometry": { "type": "LineString", "coordinates": [ [ -73.4894442, 45.6521059 ], [ -73.4894976, 45.652193 ], [ -73.4895164, 45.6522237 ], [ -73.4895735, 45.6523197 ], [ -73.4896898, 45.6525561 ], [ -73.4898064, 45.6528404 ] ] } },
{ "type": "Feature", "properties": { "u": 295075712, "v": 295075694, "key": 0, "highway": "secondary", "length_km": 0.11036989042030976, "h_neige": 4.6, "is_crit_security_social": true, "is_crit_economique": true, "quartier": "riviere_des_prairies", "scenario_1": true, "scenario_2": true, "scenario_3": true }, "geometry": { "type": "LineString", "coordinates": [ [ -73.4894442, 45.6521059 ], [ -73.4894251, 45.6520765 ], [ -73.4893835, 45.6520127 ], [ -73.4891685, 45.651689 ], [ -73.4890731, 45.6515453 ], [ -73.4890413, 45.6514974 ], [ -73.4888491, 45.6512047 ] ] } },
{ "type": "Feature", "properties": { "u": 295075741, "v": 295076750, "key": 0, "highway": "residential", "length_km": 0.21007832284936234, "h_neige": 13.36, "is_crit_security_social": true, "is_crit_economique": false, "quartier": "riviere_des_prairies", "scenario_1": true, "scenario_2": false, "scenario_3": true }, "geometry": { "type": "LineString", "coordinates": [ [ -73.4898064, 45.6528404 ], [ -73.4899684, 45.6528084 ], [ -73.490088, 45.6527845 ], [ -73.4901342, 45.6527783 ], [ -73.4901779, 45.6527767 ], [ -73.4902238, 45.6527803 ], [ -73.4919212, 45.653043 ], [ -73.4919671, 45.6530469 ], [ -73.4920116, 45.6530421 ], [ -73.492051, 45.6530287 ], [ -73.492083, 45.6530061 ], [ -73.492104, 45.6529782 ], [ -73.4921088, 45.6529418 ], [ -73.4920835, 45.6527633 ] ] } },
{ "type": "Feature", "properties": { "u": 295075741, "v": 295075792, "key": 0, "highway": "secondary", "length_km": 0.089026794353544714, "h_neige": 2.76, "is_crit_security_social": true, "is_crit_economique": true, "quartier": "riviere_des_prairies", "scenario_1": true, "scenario_2": true, "scenario_3": true }, "geometry": { "type": "LineString", "coordinates": [ [ -73.4898064, 45.6528404 ], [ -73.4899238, 45.6531576 ], [ -73.4899615, 45.6532637 ], [ -73.4900645, 45.6535446 ], [ -73.4900922, 45.6536157 ] ] } },
{ "type": "Feature", "properties": { "u": 295075741, "v": 295075712, "key": 0, "highway": "secondary", "length_km": 0.086494489329955057, "h_neige": 5.86, "is_crit_security_social": true, "is_crit_economique": true, "quartier": "riviere_des_prairies", "scenario_1": true, "scenario_2": true, "scenario_3": true }, "geometry": { "type": "LineString", "coordinates": [ [ -73.4898064, 45.6528404 ], [ -73.4896898, 45.6525561 ], [ -73.4895735, 45.6523197 ], [ -73.4895164, 45.6522237 ], [ -73.4894976, 45.652193 ], [ -73.4894442, 45.6521059 ] ] } },
{ "type": "Feature", "properties": { "u": 295075777, "v": 295075712, "key": 0, "highway": "residential", "length_km": 0.096034381796347865, "h_neige": 14.96, "is_crit_security_social": true, "is_crit_economique": false, "quartier": "riviere_des_prairies", "scenario_1": true, "scenario_2": false, "scenario_3": true }, "geometry": { "type": "LineString", "coordinates": [ [ -73.4906412, 45.6521721 ], [ -73.4897853, 45.6520406 ], [ -73.4897308, 45.6520376 ], [ -73.489675, 45.6520418 ], [ -73.4896079, 45.6520585 ], [ -73.4894442, 45.6521059 ] ] } },
{ "type": "Feature", "properties": { "u": 295075792, "v": 295075858, "key": 0, "highway": "residential", "length_km": 0.11536781561131858, "h_neige": 8.97, "is_crit_security_social": true, "is_crit_economique": false, "quartier": "riviere_des_prairies", "scenario_1": true, "scenario_2": false, "scenario_3": true }, "geometry": { "type": "LineString", "coordinates": [ [ -73.4900922, 45.6536157 ], [ -73.490174, 45.6536036 ], [ -73.4902227, 45.6536002 ], [ -73.4902677, 45.653602 ], [ -73.4915429, 45.6538013 ] ] } },
{ "type": "Feature", "properties": { "u": 295075792, "v": 295075910, "key": 0, "highway": "secondary", "length_km": 0.11951819969909552, "h_neige": 8.13, "is_crit_security_social": true, "is_crit_economique": true, "quartier": "riviere_des_prairies", "scenario_1": true, "scenario_2": true, "scenario_3": true }, "geometry": { "type": "LineString", "coordinates": [ [ -73.4900922, 45.6536157 ], [ -73.4901391, 45.6537434 ], [ -73.4903867, 45.6543979 ], [ -73.4905567, 45.6546359 ] ] } },
{ "type": "Feature", "properties": { "u": 295075792, "v": 295075741, "key": 0, "highway": "secondary", "length_km": 0.089026794353544714, "h_neige": 19.08, "is_crit_security_social": true, "is_crit_economique": true, "quartier": "riviere_des_prairies", "scenario_1": true, "scenario_2": true, "scenario_3": true }, "geometry": { "type": "LineString", "coordinates": [ [ -73.4900922, 45.6536157 ], [ -73.4900645, 45.6535446 ], [ -73.4899615, 45.6532637 ], [ -73.4899238, 45.6531576 ], [ -73.4898064, 45.6528404 ] ] } },
{ "type": "Feature", "properties": { "u": 295075858, "v": 295075792, "key": 0, "highway": "residential", "length_km": 0.11536781561131858, "h_neige": 3.86, "is_crit_security_social": true, "is_crit_economique": false, "quartier": "riviere_des_prairies", "scenario_1": true, "scenario_2": false, "scenario_3": true }, "geometry": { "type": "LineString", "coordinates": [ [ -73.4915429, 45.6538013 ], [ -73.4902677, 45.653602 ], [ -73.4902227, 45.6536002 ], [ -73.490174, 45.6536036 ], [ -73.4900922, 45.6536157 ] ] } },
{ "type": "Feature", "properties": { "u": 295075885, "v": 295075910, "key": 0, "highway": "residential", "length_km": 0.20711089429846005, "h_neige": 19.08, "is_crit_security_social": true, "is_crit_economique": false, "quartier": "riviere_des_prairies", "scenario_1": true, "scenario_2": false, "scenario_3": true }, "geometry": { "type": "LineString", "coordinates": [ [ -73.4931527, 45.6550562 ], [ -73.4908805, 45.6546882 ], [ -73.4905567, 45.6546359 ] ] } },
{ "type": "Feature", "properties": { "u": 295075910, "v": 295075885, "key": 0, "highway": "residential", "length_km": 0.20711089429846005, "h_neige": 13.22, "is_crit_security_social": true, "is_crit_economique": false, "quartier": "riviere_des_prairies", "scenario_1": true, "scenario_2": false, "scenario_3": true }, "geometry": { "type": "LineString", "coordinates": [ [ -73.4905567, 45.6546359 ], [ -73.4908805, 45.6546882 ], [ -73.4931527, 45.6550562 ] ] } },
{ "type": "Feature", "properties": { "u": 295075910, "v": 295075599, "key": 0, "highway": "secondary", "length_km": 0.070449429648918968, "h_neige": 17.16, "is_crit_security_social": true, "is_crit_economique": true, "quartier": "riviere_des_prairies", "scenario_1": true, "scenario_2": true, "scenario_3": true }, "geometry": { "type": "LineString", "coordinates": [ [ -73.4905567, 45.6546359 ], [ -73.4907005, 45.6547981 ], [ -73.4909777, 45.6551962 ] ] } },
{ "type": "Feature", "properties": { "u": 295075910, "v": 295075792, "key": 0, "highway": "secondary", "length_km": 0.11951819969909552, "h_neige": 9.3, "is_crit_security_social": true, "is_crit_economique": true, "quartier": "riviere_des_prairies", "scenario_1": true, "scenario_2": true, "scenario_3": true }, "geometry": { "type": "LineString", "coordinates": [ [ -73.4905567, 45.6546359 ], [ -73.4903867, 45.6543979 ], [ -73.4901391, 45.6537434 ], [ -73.4900922, 45.6536157 ] ] } },
{ "type": "Feature", "properties": { "u": 295076277, "v": 620815773, "key": 0, "highway": "secondary", "length_km": 0.091802970306755702, "h_neige": 12.26, "is_crit_security_social": true, "is_crit_economique": true, "quartier": "riviere_des_prairies", "scenario_1": true, "scenario_2": true, "scenario_3": true }, "geometry": { "type": "LineString", "coordinates": [ [ -73.4923333, 45.6577106 ], [ -73.4925999, 45.6585149 ] ] } },
{ "type": "Feature", "properties": { "u": 295076277, "v": 224843638, "key": 0, "highway": "secondary", "length_km": 0.11353446354125049, "h_neige": 7.06, "is_crit_security_social": true, "is_crit_economique": true, "quartier": "riviere_des_prairies", "scenario_1": true, "scenario_2": true, "scenario_3": true }, "geometry": { "type": "LineString", "coordinates": [ [ -73.4923333, 45.6577106 ], [ -73.4922036, 45.657285 ], [ -73.4921008, 45.657002 ], [ -73.491978, 45.6567209 ] ] } },
{ "type": "Feature", "properties": { "u": 295076750, "v": 295075741, "key": 0, "highway": "residential", "length_km": 0.21007832284936226, "h_neige": 16.68, "is_crit_security_social": true, "is_crit_economique": false, "quartier": "riviere_des_prairies", "scenario_1": true, "scenario_2": false, "scenario_3": true }, "geometry": { "type": "LineString", "coordinates": [ [ -73.4920835, 45.6527633 ], [ -73.4921088, 45.6529418 ], [ -73.492104, 45.6529782 ], [ -73.492083, 45.6530061 ], [ -73.492051, 45.6530287 ], [ -73.4920116, 45.6530421 ], [ -73.4919671, 45.6530469 ], [ -73.4919212, 45.653043 ], [ -73.4902238, 45.6527803 ], [ -73.4901779, 45.6527767 ], [ -73.4901342, 45.6527783 ], [ -73.490088, 45.6527845 ], [ -73.4899684, 45.6528084 ], [ -73.4898064, 45.6528404 ] ] } },
{ "type": "Feature", "properties": { "u": 295079596, "v": 4667313107, "key": 0, "highway": "primary", "length_km": 0.10585613755647338, "h_neige": 16.66, "is_crit_security_social": true, "is_crit_economique": true, "quartier": "riviere_des_prairies", "scenario_1": true, "scenario_2": true, "scenario_3": true }, "geometry": { "type": "LineString", "coordinates": [ [ -73.5091206, 45.6578316 ], [ -73.5093072, 45.6572909 ], [ -73.509442, 45.6569065 ] ] } },
{ "type": "Feature", "properties": { "u": 295079723, "v": 295075436, "key": 0, "highway": "primary", "length_km": 0.071144359715995392, "h_neige": 10.63, "is_crit_security_social": true, "is_crit_economique": true, "quartier": "riviere_des_prairies", "scenario_1": true, "scenario_2": true, "scenario_3": true }, "geometry": { "type": "LineString", "coordinates": [ [ -73.5088973, 45.6577974 ], [ -73.5087135, 45.6583273 ], [ -73.5086816, 45.6584192 ] ] } },
{ "type": "Feature", "properties": { "u": 295801352, "v": 623509905, "key": 0, "highway": "secondary", "length_km": 0.018398401924631692, "h_neige": 0.92, "is_crit_security_social": true, "is_crit_economique": true, "quartier": "riviere_des_prairies", "scenario_1": true, "scenario_2": true, "scenario_3": true }, "geometry": { "type": "LineString", "coordinates": [ [ -73.4931626, 45.6606981 ], [ -73.4932016, 45.6608613 ] ] } },
{ "type": "Feature", "properties": { "u": 295801352, "v": 620815773, "key": 0, "highway": "secondary", "length_km": 0.2467060307930119, "h_neige": 2.64, "is_crit_security_social": true, "is_crit_economique": true, "quartier": "riviere_des_prairies", "scenario_1": true, "scenario_2": true, "scenario_3": true }, "geometry": { "type": "LineString", "coordinates": [ [ -73.4931626, 45.6606981 ], [ -73.4930828, 45.6603434 ], [ -73.4928224, 45.6592969 ], [ -73.4927228, 45.6589147 ], [ -73.4925999, 45.6585149 ] ] } },
{ "type": "Feature", "properties": { "u": 295801355, "v": 295801380, "key": 0, "highway": "secondary", "length_km": 0.10209517293828607, "h_neige": 17.36, "is_crit_security_social": true, "is_crit_economique": true, "quartier": "riviere_des_prairies", "scenario_1": true, "scenario_2": true, "scenario_3": true }, "geometry": { "type": "LineString", "coordinates": [ [ -73.4934268, 45.6618589 ], [ -73.4936373, 45.6627652 ] ] } },
{ "type": "Feature", "properties": { "u": 295801355, "v": 623509905, "key": 0, "highway": "secondary", "length_km": 0.1123003149175727, "h_neige": 12.5, "is_crit_security_social": true, "is_crit_economique": true, "quartier": "riviere_des_prairies", "scenario_1": true, "scenario_2": true, "scenario_3": true }, "geometry": { "type": "LineString", "coordinates": [ [ -73.4934268, 45.6618589 ], [ -73.4932016, 45.6608613 ] ] } },
{ "type": "Feature", "properties": { "u": 295801380, "v": 295801355, "key": 0, "highway": "secondary", "length_km": 0.10209517293828607, "h_neige": 7.18, "is_crit_security_social": true, "is_crit_economique": true, "quartier": "riviere_des_prairies", "scenario_1": true, "scenario_2": true, "scenario_3": true }, "geometry": { "type": "LineString", "coordinates": [ [ -73.4936373, 45.6627652 ], [ -73.4934268, 45.6618589 ] ] } },
{ "type": "Feature", "properties": { "u": 295801380, "v": 617477501, "key": 0, "highway": "secondary", "length_km": 0.093498890618942065, "h_neige": 5.72, "is_crit_security_social": true, "is_crit_economique": true, "quartier": "riviere_des_prairies", "scenario_1": true, "scenario_2": true, "scenario_3": true }, "geometry": { "type": "LineString", "coordinates": [ [ -73.4936373, 45.6627652 ], [ -73.4938033, 45.663501 ], [ -73.4938272, 45.6635955 ] ] } },
{ "type": "Feature", "properties": { "u": 295801561, "v": 617477430, "key": 0, "highway": "residential", "length_km": 0.20848052776154105, "h_neige": 3.44, "is_crit_security_social": true, "is_crit_economique": false, "quartier": "riviere_des_prairies", "scenario_1": true, "scenario_2": false, "scenario_3": true }, "geometry": { "type": "LineString", "coordinates": [ [ -73.4958403, 45.6714987 ], [ -73.4984445, 45.6719502 ] ] } },
{ "type": "Feature", "properties": { "u": 295801561, "v": 295801599, "key": 0, "highway": "residential", "length_km": 0.073142535943004294, "h_neige": 15.7, "is_crit_security_social": true, "is_crit_economique": false, "quartier": "riviere_des_prairies", "scenario_1": true, "scenario_2": false, "scenario_3": true }, "geometry": { "type": "LineString", "coordinates": [ [ -73.4958403, 45.6714987 ], [ -73.4956187, 45.672138 ] ] } },
{ "type": "Feature", "properties": { "u": 295801561, "v": 617477428, "key": 0, "highway": "residential", "length_km": 0.08017452758855062, "h_neige": 8.04, "is_crit_security_social": true, "is_crit_economique": false, "quartier": "riviere_des_prairies", "scenario_1": true, "scenario_2": false, "scenario_3": true }, "geometry": { "type": "LineString", "coordinates": [ [ -73.4958403, 45.6714987 ], [ -73.4960098, 45.6708721 ], [ -73.4960204, 45.6707891 ] ] } },
{ "type": "Feature", "properties": { "u": 295801580, "v": 295801599, "key": 0, "highway": "residential", "length_km": 0.070903216595974011, "h_neige": 2.65, "is_crit_security_social": true, "is_crit_economique": false, "quartier": "riviere_des_prairies", "scenario_1": true, "scenario_2": false, "scenario_3": true }, "geometry": { "type": "LineString", "coordinates": [ [ -73.4954085, 45.6727585 ], [ -73.4956187, 45.672138 ] ] } },
{ "type": "Feature", "properties": { "u": 295801587, "v": 617477428, "key": 0, "highway": "residential", "length_km": 0.15756335940965199, "h_neige": 16.61, "is_crit_security_social": true, "is_crit_economique": false, "quartier": "riviere_des_prairies", "scenario_1": true, "scenario_2": false, "scenario_3": true }, "geometry": { "type": "LineString", "coordinates": [ [ -73.494047, 45.6704631 ], [ -73.4942822, 45.6705 ], [ -73.4952586, 45.6706624 ], [ -73.4954858, 45.6707002 ], [ -73.4956187, 45.6707223 ], [ -73.4960204, 45.6707891 ] ] } },
{ "type": "Feature", "properties": { "u": 295801587, "v": 297622193, "key": 0, "highway": "secondary", "length_km": 0.044506214779912893, "h_neige": 8.84, "is_crit_security_social": true, "is_crit_economique": true, "quartier": "riviere_des_prairies", "scenario_1": true, "scenario_2": true, "scenario_3": true }, "geometry": { "type": "LineString", "coordinates": [ [ -73.494047, 45.6704631 ], [ -73.4940218, 45.6705681 ], [ -73.493947, 45.6708572 ] ] } },
{ "type": "Feature", "properties": { "u": 295801587, "v": 297622195, "key": 0, "highway": "secondary", "length_km": 0.081371141245910814, "h_neige": 14.45, "is_crit_security_social": true, "is_crit_economique": true, "quartier": "riviere_des_prairies", "scenario_1": true, "scenario_2": true, "scenario_3": true }, "geometry": { "type": "LineString", "coordinates": [ [ -73.494047, 45.6704631 ], [ -73.4940676, 45.6703719 ], [ -73.4942408, 45.669744 ] ] } },
{ "type": "Feature", "properties": { "u": 295801588, "v": 5349628393, "key": 0, "highway": "primary", "length_km": 0.07961475882338416, "h_neige": 19.09, "is_crit_security_social": true, "is_crit_economique": true, "quartier": "riviere_des_prairies", "scenario_1": true, "scenario_2": true, "scenario_3": true }, "geometry": { "type": "LineString", "coordinates": [ [ -73.5040694, 45.6721382 ], [ -73.5041096, 45.6720231 ], [ -73.5043122, 45.6714426 ] ] } },
{ "type": "Feature", "properties": { "u": 295801588, "v": 224826168, "key": 0, "highway": "primary", "length_km": 0.55585240283591952, "h_neige": 15.74, "is_crit_security_social": true, "is_crit_economique": true, "quartier": "riviere_des_prairies", "scenario_1": true, "scenario_2": true, "scenario_3": true }, "geometry": { "type": "LineString", "coordinates": [ [ -73.5040694, 45.6721382 ], [ -73.5040204, 45.6722787 ], [ -73.5036559, 45.6733233 ], [ -73.5035516, 45.6736223 ], [ -73.5035464, 45.6736373 ], [ -73.5035294, 45.6736814 ], [ -73.5034923, 45.6737922 ], [ -73.5034822, 45.6738212 ], [ -73.5028797, 45.6755477 ], [ -73.5028286, 45.675694 ], [ -73.5024057, 45.6769059 ], [ -73.5023747, 45.6769948 ] ] } },
{ "type": "Feature", "properties": { "u": 295801599, "v": 617477431, "key": 0, "highway": "residential", "length_km": 0.20892054209254743, "h_neige": 3.05, "is_crit_security_social": true, "is_crit_economique": false, "quartier": "riviere_des_prairies", "scenario_1": true, "scenario_2": false, "scenario_3": true }, "geometry": { "type": "LineString", "coordinates": [ [ -73.4956187, 45.672138 ], [ -73.4982307, 45.672584 ] ] } },
{ "type": "Feature", "properties": { "u": 295801599, "v": 295801580, "key": 0, "highway": "residential", "length_km": 0.070903216595974011, "h_neige": 14.88, "is_crit_security_social": true, "is_crit_economique": false, "quartier": "riviere_des_prairies", "scenario_1": true, "scenario_2": false, "scenario_3": true }, "geometry": { "type": "LineString", "coordinates": [ [ -73.4956187, 45.672138 ], [ -73.4954085, 45.6727585 ] ] } },
{ "type": "Feature", "properties": { "u": 295801599, "v": 295801561, "key": 0, "highway": "residential", "length_km": 0.073142535943004294, "h_neige": 10.25, "is_crit_security_social": true, "is_crit_economique": false, "quartier": "riviere_des_prairies", "scenario_1": true, "scenario_2": false, "scenario_3": true }, "geometry": { "type": "LineString", "coordinates": [ [ -73.4956187, 45.672138 ], [ -73.4958403, 45.6714987 ] ] } },
{ "type": "Feature", "properties": { "u": 295801624, "v": 598419216, "key": 0, "highway": "primary", "length_km": 0.3382403985091712, "h_neige": 16.97, "is_crit_security_social": true, "is_crit_economique": true, "quartier": "riviere_des_prairies", "scenario_1": true, "scenario_2": true, "scenario_3": true }, "geometry": { "type": "LineString", "coordinates": [ [ -73.5009609, 45.6810459 ], [ -73.5004911, 45.6823919 ], [ -73.5004849, 45.6824097 ], [ -73.5004759, 45.6824355 ], [ -73.5004659, 45.6824641 ], [ -73.5004505, 45.6825081 ], [ -73.5004398, 45.6825389 ], [ -73.5003624, 45.6827606 ], [ -73.5002527, 45.6830748 ], [ -73.5000396, 45.6836855 ], [ -73.4999814, 45.6838992 ], [ -73.4999527, 45.6840047 ] ] } },
{ "type": "Feature", "properties": { "u": 295801624, "v": 295801682, "key": 0, "highway": "primary", "length_km": 0.22953495333117077, "h_neige": 18.29, "is_crit_security_social": true, "is_crit_economique": true, "quartier": "riviere_des_prairies", "scenario_1": true, "scenario_2": true, "scenario_3": true }, "geometry": { "type": "LineString", "coordinates": [ [ -73.5009609, 45.6810459 ], [ -73.5009651, 45.6810339 ], [ -73.5016026, 45.6792071 ], [ -73.5016197, 45.6791582 ], [ -73.5016608, 45.6790404 ] ] } },
{ "type": "Feature", "properties": { "u": 295801682, "v": 295801624, "key": 0, "highway": "primary", "length_km": 0.22953495333117077, "h_neige": 19.69, "is_crit_security_social": true, "is_crit_economique": true, "quartier": "riviere_des_prairies", "scenario_1": true, "scenario_2": true, "scenario_3": true }, "geometry": { "type": "LineString", "coordinates": [ [ -73.5016608, 45.6790404 ], [ -73.5016197, 45.6791582 ], [ -73.5016026, 45.6792071 ], [ -73.5009651, 45.6810339 ], [ -73.5009609, 45.6810459 ] ] } },
{ "type": "Feature", "properties": { "u": 295801682, "v": 224826168, "key": 0, "highway": "primary", "length_km": 0.23412508439151888, "h_neige": 9.85, "is_crit_security_social": true, "is_crit_economique": true, "quartier": "riviere_des_prairies", "scenario_1": true, "scenario_2": true, "scenario_3": true }, "geometry": { "type": "LineString", "coordinates": [ [ -73.5016608, 45.6790404 ], [ -73.5016897, 45.6789576 ], [ -73.5023424, 45.6770872 ], [ -73.5023747, 45.6769948 ] ] } },
{ "type": "Feature", "properties": { "u": 297622192, "v": 620814333, "key": 0, "highway": "residential", "length_km": 0.14419103182896501, "h_neige": 16.47, "is_crit_security_social": true, "is_crit_economique": false, "quartier": "riviere_des_prairies", "scenario_1": true, "scenario_2": false, "scenario_3": true }, "geometry": { "type": "LineString", "coordinates": [ [ -73.4919636, 45.6713077 ], [ -73.4936304, 45.6715953 ], [ -73.4937635, 45.671623 ] ] } },
{ "type": "Feature", "properties": { "u": 297622193, "v": 620814333, "key": 0, "highway": "secondary", "length_km": 0.086338619723262844, "h_neige": 5.72, "is_crit_security_social": true, "is_crit_economique": true, "quartier": "riviere_des_prairies", "scenario_1": true, "scenario_2": true, "scenario_3": true }, "geometry": { "type": "LineString", "coordinates": [ [ -73.493947, 45.6708572 ], [ -73.4937635, 45.671623 ] ] } },
{ "type": "Feature", "properties": { "u": 297622193, "v": 297622194, "key": 0, "highway": "residential", "length_km": 0.1598994658439005, "h_neige": 9.69, "is_crit_security_social": true, "is_crit_economique": false, "quartier": "riviere_des_prairies", "scenario_1": true, "scenario_2": false, "scenario_3": true }, "geometry": { "type": "LineString", "coordinates": [ [ -73.493947, 45.6708572 ], [ -73.4937734, 45.6708307 ], [ -73.4930762, 45.6707124 ], [ -73.4919463, 45.6705207 ] ] } },
{ "type": "Feature", "properties": { "u": 297622193, "v": 295801587, "key": 0, "highway": "secondary", "length_km": 0.044506214779912893, "h_neige": 4.43, "is_crit_security_social": true, "is_crit_economique": true, "quartier": "riviere_des_prairies", "scenario_1": true, "scenario_2": true, "scenario_3": true }, "geometry": { "type": "LineString", "coordinates": [ [ -73.493947, 45.6708572 ], [ -73.4940218, 45.6705681 ], [ -73.494047, 45.6704631 ] ] } },
{ "type": "Feature", "properties": { "u": 297622194, "v": 297622193, "key": 0, "highway": "residential", "length_km": 0.1598994658439005, "h_neige": 19.0, "is_crit_security_social": true, "is_crit_economique": false, "quartier": "riviere_des_prairies", "scenario_1": true, "scenario_2": false, "scenario_3": true }, "geometry": { "type": "LineString", "coordinates": [ [ -73.4919463, 45.6705207 ], [ -73.4930762, 45.6707124 ], [ -73.4937734, 45.6708307 ], [ -73.493947, 45.6708572 ] ] } },
{ "type": "Feature", "properties": { "u": 297622195, "v": 295801587, "key": 0, "highway": "secondary", "length_km": 0.081371141245910814, "h_neige": 14.77, "is_crit_security_social": true, "is_crit_economique": true, "quartier": "riviere_des_prairies", "scenario_1": true, "scenario_2": true, "scenario_3": true }, "geometry": { "type": "LineString", "coordinates": [ [ -73.4942408, 45.669744 ], [ -73.4940676, 45.6703719 ], [ -73.494047, 45.6704631 ] ] } },
{ "type": "Feature", "properties": { "u": 297622195, "v": 224843651, "key": 0, "highway": "secondary", "length_km": 0.2436557870839669, "h_neige": 12.67, "is_crit_security_social": true, "is_crit_economique": true, "quartier": "riviere_des_prairies", "scenario_1": true, "scenario_2": true, "scenario_3": true }, "geometry": { "type": "LineString", "coordinates": [ [ -73.4942408, 45.669744 ], [ -73.4942476, 45.6697133 ], [ -73.4943392, 45.6693025 ], [ -73.494341, 45.6691972 ], [ -73.4943559, 45.6683233 ], [ -73.4943661, 45.6677219 ], [ -73.4943689, 45.6675582 ] ] } },
{ "type": "Feature", "properties": { "u": 297622249, "v": 297622251, "key": 0, "highway": "secondary", "length_km": 0.070163584873045609, "h_neige": 8.73, "is_crit_security_social": true, "is_crit_economique": true, "quartier": "riviere_des_prairies", "scenario_1": true, "scenario_2": true, "scenario_3": true }, "geometry": { "type": "LineString", "coordinates": [ [ -73.4933749, 45.6731038 ], [ -73.4933617, 45.6731611 ], [ -73.4932343, 45.6737271 ] ] } },
{ "type": "Feature", "properties": { "u": 297622249, "v": 623509919, "key": 0, "highway": "secondary", "length_km": 0.08198589113000708, "h_neige": 16.96, "is_crit_security_social": true, "is_crit_economique": true, "quartier": "riviere_des_prairies", "scenario_1": true, "scenario_2": true, "scenario_3": true }, "geometry": { "type": "LineString", "coordinates": [ [ -73.4933749, 45.6731038 ], [ -73.4933889, 45.6730437 ], [ -73.4933942, 45.6730208 ], [ -73.4934442, 45.6728242 ], [ -73.4935739, 45.6723798 ] ] } },
{ "type": "Feature", "properties": { "u": 297622251, "v": 297622253, "key": 0, "highway": "residential", "length_km": 0.09698836030911577, "h_neige": 19.23, "is_crit_security_social": true, "is_crit_economique": false, "quartier": "riviere_des_prairies", "scenario_1": true, "scenario_2": false, "scenario_3": true }, "geometry": { "type": "LineString", "coordinates": [ [ -73.4932343, 45.6737271 ], [ -73.4931369, 45.6737111 ], [ -73.4930988, 45.6737048 ], [ -73.4920191, 45.6735276 ] ] } },
{ "type": "Feature", "properties": { "u": 297622251, "v": 623509936, "key": 0, "highway": "secondary", "length_km": 0.095821840135681624, "h_neige": 0.38, "is_crit_security_social": true, "is_crit_economique": true, "quartier": "riviere_des_prairies", "scenario_1": true, "scenario_2": true, "scenario_3": true }, "geometry": { "type": "LineString", "coordinates": [ [ -73.4932343, 45.6737271 ], [ -73.4932184, 45.6738025 ], [ -73.4930503, 45.6745792 ] ] } },
{ "type": "Feature", "properties": { "u": 297622251, "v": 297622249, "key": 0, "highway": "secondary", "length_km": 0.070163584873045609, "h_neige": 8.94, "is_crit_security_social": true, "is_crit_economique": true, "quartier": "riviere_des_prairies", "scenario_1": true, "scenario_2": true, "scenario_3": true }, "geometry": { "type": "LineString", "coordinates": [ [ -73.4932343, 45.6737271 ], [ -73.4933617, 45.6731611 ], [ -73.4933749, 45.6731038 ] ] } },
{ "type": "Feature", "properties": { "u": 297622253, "v": 297622251, "key": 0, "highway": "residential", "length_km": 0.096988360309115784, "h_neige": 8.55, "is_crit_security_social": true, "is_crit_economique": false, "quartier": "riviere_des_prairies", "scenario_1": true, "scenario_2": false, "scenario_3": true }, "geometry": { "type": "LineString", "coordinates": [ [ -73.4920191, 45.6735276 ], [ -73.4930988, 45.6737048 ], [ -73.4931369, 45.6737111 ], [ -73.4932343, 45.6737271 ] ] } },
{ "type": "Feature", "properties": { "u": 297622262, "v": 297622339, "key": 0, "highway": "secondary", "length_km": 0.072603884885581754, "h_neige": 8.33, "is_crit_security_social": true, "is_crit_economique": true, "quartier": "riviere_des_prairies", "scenario_1": true, "scenario_2": true, "scenario_3": true }, "geometry": { "type": "LineString", "coordinates": [ [ -73.4928724, 45.6754239 ], [ -73.4927365, 45.6760699 ] ] } },
{ "type": "Feature", "properties": { "u": 297622262, "v": 623509936, "key": 0, "highway": "secondary", "length_km": 0.09493803947278126, "h_neige": 4.81, "is_crit_security_social": true, "is_crit_economique": true, "quartier": "riviere_des_prairies", "scenario_1": true, "scenario_2": true, "scenario_3": true }, "geometry": { "type": "LineString", "coordinates": [ [ -73.4928724, 45.6754239 ], [ -73.4930503, 45.6745792 ] ] } },
{ "type": "Feature", "properties": { "u": 297622262, "v": 297622266, "key": 0, "highway": "residential", "length_km": 0.14464107704840151, "h_neige": 11.44, "is_crit_security_social": true, "is_crit_economique": false, "quartier": "riviere_des_prairies", "scenario_1": true, "scenario_2": false, "scenario_3": true }, "geometry": { "type": "LineString", "coordinates": [ [ -73.4928724, 45.6754239 ], [ -73.4927706, 45.675406 ], [ -73.4927399, 45.6754006 ], [ -73.4910673, 45.6751057 ] ] } },
{ "type": "Feature", "properties": { "u": 297622266, "v": 297622262, "key": 0, "highway": "residential", "length_km": 0.14464107704840151, "h_neige": 8.66, "is_crit_security_social": true, "is_crit_economique": false, "quartier": "riviere_des_prairies", "scenario_1": true, "scenario_2": false, "scenario_3": true }, "geometry": { "type": "LineString", "coordinates": [ [ -73.4910673, 45.6751057 ], [ -73.4927399, 45.6754006 ], [ -73.4927706, 45.675406 ], [ -73.4928724, 45.6754239 ] ] } },
{ "type": "Feature", "properties": { "u": 297622268, "v": 297622338, "key": 0, "highway": "secondary", "length_km": 0.033451322620689949, "h_neige": 2.1, "is_crit_security_social": true, "is_crit_economique": true, "quartier": "riviere_des_prairies", "scenario_1": true, "scenario_2": true, "scenario_3": true }, "geometry": { "type": "LineString", "coordinates": [ [ -73.4926665, 45.6764196 ], [ -73.4927275, 45.6761218 ] ] } },
{ "type": "Feature", "properties": { "u": 297622268, "v": 297622338, "key": 1, "highway": "residential", "length_km": 0.14906016900154229, "h_neige": 19.4, "is_crit_security_social": true, "is_crit_economique": false, "quartier": "riviere_des_prairies", "scenario_1": true, "scenario_2": false, "scenario_3": true }, "geometry": { "type": "LineString", "coordinates": [ [ -73.4926665, 45.6764196 ], [ -73.4927756, 45.6764306 ], [ -73.4928135, 45.6764344 ], [ -73.4928693, 45.67644 ], [ -73.4933412, 45.6764874 ], [ -73.4933786, 45.6764879 ], [ -73.4934096, 45.6764838 ], [ -73.4934317, 45.6764737 ], [ -73.493449, 45.6764602 ], [ -73.4934595, 45.6764388 ], [ -73.493492, 45.6762697 ], [ -73.4934858, 45.6762414 ], [ -73.4934685, 45.676219 ], [ -73.4934418, 45.6762008 ], [ -73.4933996, 45.6761892 ], [ -73.4929364, 45.6761446 ], [ -73.4928754, 45.676138 ], [ -73.4928334, 45.6761334 ], [ -73.4927275, 45.6761218 ] ] } },
{ "type": "Feature", "properties": { "u": 297622268, "v": 297622428, "key": 0, "highway": "secondary", "length_km": 0.075202172015900154, "h_neige": 6.75, "is_crit_security_social": true, "is_crit_economique": true, "quartier": "riviere_des_prairies", "scenario_1": true, "scenario_2": true, "scenario_3": true }, "geometry": { "type": "LineString", "coordinates": [ [ -73.4926665, 45.6764196 ], [ -73.4925478, 45.6770327 ], [ -73.4925367, 45.6770898 ] ] } },
{ "type": "Feature", "properties": { "u": 297622338, "v": 297622268, "key": 0, "highway": "secondary", "length_km": 0.033451322620689949, "h_neige": 5.28, "is_crit_security_social": true, "is_crit_economique": true, "quartier": "riviere_des_prairies", "scenario_1": true, "scenario_2": true, "scenario_3": true }, "geometry": { "type": "LineString", "coordinates": [ [ -73.4927275, 45.6761218 ], [ -73.4926665, 45.6764196 ] ] } },
{ "type": "Feature", "properties": { "u": 297622338, "v": 297622268, "key": 1, "highway": "residential", "length_km": 0.14906016900154226, "h_neige": 15.52, "is_crit_security_social": true, "is_crit_economique": false, "quartier": "riviere_des_prairies", "scenario_1": true, "scenario_2": false, "scenario_3": true }, "geometry": { "type": "LineString", "coordinates": [ [ -73.4927275, 45.6761218 ], [ -73.4928334, 45.6761334 ], [ -73.4928754, 45.676138 ], [ -73.4929364, 45.6761446 ], [ -73.4933996, 45.6761892 ], [ -73.4934418, 45.6762008 ], [ -73.4934685, 45.676219 ], [ -73.4934858, 45.6762414 ], [ -73.493492, 45.6762697 ], [ -73.4934595, 45.6764388 ], [ -73.493449, 45.6764602 ], [ -73.4934317, 45.6764737 ], [ -73.4934096, 45.6764838 ], [ -73.4933786, 45.6764879 ], [ -73.4933412, 45.6764874 ], [ -73.4928693, 45.67644 ], [ -73.4928135, 45.6764344 ], [ -73.4927756, 45.6764306 ], [ -73.4926665, 45.6764196 ] ] } },
{ "type": "Feature", "properties": { "u": 297622338, "v": 297622339, "key": 0, "highway": "secondary", "length_km": 0.0058132320569955626, "h_neige": 17.49, "is_crit_security_social": true, "is_crit_economique": true, "quartier": "riviere_des_prairies", "scenario_1": true, "scenario_2": true, "scenario_3": true }, "geometry": { "type": "LineString", "coordinates": [ [ -73.4927275, 45.6761218 ], [ -73.4927365, 45.6760699 ] ] } },
{ "type": "Feature", "properties": { "u": 297622339, "v": 297622338, "key": 0, "highway": "secondary", "length_km": 0.0058132320569955626, "h_neige": 9.07, "is_crit_security_social": true, "is_crit_economique": true, "quartier": "riviere_des_prairies", "scenario_1": true, "scenario_2": true, "scenario_3": true }, "geometry": { "type": "LineString", "coordinates": [ [ -73.4927365, 45.6760699 ], [ -73.4927275, 45.6761218 ] ] } },
{ "type": "Feature", "properties": { "u": 297622339, "v": 297622262, "key": 0, "highway": "secondary", "length_km": 0.072603884885581754, "h_neige": 15.52, "is_crit_security_social": true, "is_crit_economique": true, "quartier": "riviere_des_prairies", "scenario_1": true, "scenario_2": true, "scenario_3": true }, "geometry": { "type": "LineString", "coordinates": [ [ -73.4927365, 45.6760699 ], [ -73.4928724, 45.6754239 ] ] } },
{ "type": "Feature", "properties": { "u": 297622339, "v": 297622340, "key": 0, "highway": "residential", "length_km": 0.099755834407702193, "h_neige": 8.64, "is_crit_security_social": true, "is_crit_economique": false, "quartier": "riviere_des_prairies", "scenario_1": true, "scenario_2": false, "scenario_3": true }, "geometry": { "type": "LineString", "coordinates": [ [ -73.4927365, 45.6760699 ], [ -73.4926375, 45.6760544 ], [ -73.4926035, 45.6760491 ], [ -73.4914896, 45.675856 ] ] } },
{ "type": "Feature", "properties": { "u": 297622340, "v": 297622339, "key": 0, "highway": "residential", "length_km": 0.099755834407702207, "h_neige": 15.63, "is_crit_security_social": true, "is_crit_economique": false, "quartier": "riviere_des_prairies", "scenario_1": true, "scenario_2": false, "scenario_3": true }, "geometry": { "type": "LineString", "coordinates": [ [ -73.4914896, 45.675856 ], [ -73.4926035, 45.6760491 ], [ -73.4926375, 45.6760544 ], [ -73.4927365, 45.6760699 ] ] } },
{ "type": "Feature", "properties": { "u": 297622340, "v": 297622340, "key": 0, "highway": "residential", "length_km": 0.078120695558238223, "h_neige": 17.18, "is_crit_security_social": true, "is_crit_economique": false, "quartier": "riviere_des_prairies", "scenario_1": true, "scenario_2": false, "scenario_3": true }, "geometry": { "type": "LineString", "coordinates": [ [ -73.4914896, 45.675856 ], [ -73.4913109, 45.6758226 ], [ -73.4912674, 45.6758141 ], [ -73.4912224, 45.6758159 ], [ -73.4911806, 45.6758278 ], [ -73.4911465, 45.6758485 ], [ -73.4911239, 45.6758759 ], [ -73.4911152, 45.6759068 ], [ -73.4911214, 45.6759382 ], [ -73.4911419, 45.6759665 ], [ -73.4911744, 45.6759886 ], [ -73.4912154, 45.6760021 ], [ -73.4912605, 45.6760056 ], [ -73.4913048, 45.6759985 ], [ -73.4913434, 45.6759819 ], [ -73.4913721, 45.6759573 ], [ -73.4914896, 45.675856 ] ] } },
{ "type": "Feature", "properties": { "u": 297622385, "v": 297622428, "key": 1, "highway": "secondary", "length_km": 0.029309775428785181, "h_neige": 7.47, "is_crit_security_social": true, "is_crit_economique": true, "quartier": "riviere_des_prairies", "scenario_1": true, "scenario_2": true, "scenario_3": true }, "geometry": { "type": "LineString", "coordinates": [ [ -73.492484, 45.6773508 ], [ -73.4924958, 45.6772878 ], [ -73.4925252, 45.6771454 ], [ -73.4925367, 45.6770898 ] ] } },
{ "type": "Feature", "properties": { "u": 297622385, "v": 620814341, "key": 0, "highway": "secondary", "length_km": 0.069687682305704768, "h_neige": 5.8, "is_crit_security_social": true, "is_crit_economique": true, "quartier": "riviere_des_prairies", "scenario_1": true, "scenario_2": true, "scenario_3": true }, "geometry": { "type": "LineString", "coordinates": [ [ -73.492484, 45.6773508 ], [ -73.4924735, 45.6774018 ], [ -73.4923697, 45.6779724 ] ] } },
{ "type": "Feature", "properties": { "u": 297622428, "v": 297622385, "key": 1, "highway": "secondary", "length_km": 0.029309775428785181, "h_neige": 18.26, "is_crit_security_social": true, "is_crit_economique": true, "quartier": "riviere_des_prairies", "scenario_1": true, "scenario_2": true, "scenario_3": true }, "geometry": { "type": "LineString", "coordinates": [ [ -73.4925367, 45.6770898 ], [ -73.4925252, 45.6771454 ], [ -73.4924958, 45.6772878 ], [ -73.492484, 45.6773508 ] ] } },
{ "type": "Feature", "properties": { "u": 297622428, "v": 297622268, "key": 0, "highway": "secondary", "length_km": 0.075202172015900154, "h_neige": 15.97, "is_crit_security_social": true, "is_crit_economique": true, "quartier": "riviere_des_prairies", "scenario_1": true, "scenario_2": true, "scenario_3": true }, "geometry": { "type": "LineString", "coordinates": [ [ -73.4925367, 45.6770898 ], [ -73.4925478, 45.6770327 ], [ -73.4926665, 45.6764196 ] ] } },
{ "type": "Feature", "properties": { "u": 297622542, "v": 623509948, "key": 0, "highway": "secondary", "length_km": 0.03071492180282832, "h_neige": 8.13, "is_crit_security_social": true, "is_crit_economique": true, "quartier": "riviere_des_prairies", "scenario_1": true, "scenario_2": true, "scenario_3": true }, "geometry": { "type": "LineString", "coordinates": [ [ -73.4922523, 45.6785985 ], [ -73.4922057, 45.6788728 ] ] } },
{ "type": "Feature", "properties": { "u": 297622542, "v": 620814341, "key": 0, "highway": "secondary", "length_km": 0.070214165386099647, "h_neige": 6.02, "is_crit_security_social": true, "is_crit_economique": true, "quartier": "riviere_des_prairies", "scenario_1": true, "scenario_2": true, "scenario_3": true }, "geometry": { "type": "LineString", "coordinates": [ [ -73.4922523, 45.6785985 ], [ -73.4923697, 45.6779724 ] ] } },
{ "type": "Feature", "properties": { "u": 297622544, "v": 297622567, "key": 0, "highway": "secondary", "length_km": 0.38890587174201141, "h_neige": 13.83, "is_crit_security_social": true, "is_crit_economique": true, "quartier": "riviere_des_prairies", "scenario_1": true, "scenario_2": true, "scenario_3": true }, "geometry": { "type": "LineString", "coordinates": [ [ -73.4921006, 45.6793352 ], [ -73.4920866, 45.6793911 ], [ -73.4919784, 45.6797843 ], [ -73.4915504, 45.6813404 ], [ -73.4912553, 45.6824134 ], [ -73.4911841, 45.6826728 ], [ -73.4911753, 45.6827131 ], [ -73.4911627, 45.6827707 ] ] } },
{ "type": "Feature", "properties": { "u": 297622544, "v": 623509948, "key": 0, "highway": "secondary", "length_km": 0.052063702640270215, "h_neige": 8.18, "is_crit_security_social": true, "is_crit_economique": true, "quartier": "riviere_des_prairies", "scenario_1": true, "scenario_2": true, "scenario_3": true }, "geometry": { "type": "LineString", "coordinates": [ [ -73.4921006, 45.6793352 ], [ -73.492115, 45.6792774 ], [ -73.4921372, 45.6791886 ], [ -73.4922057, 45.6788728 ] ] } },
{ "type": "Feature", "properties": { "u": 297622567, "v": 297623067, "key": 0, "highway": "secondary", "length_km": 0.2412850162208994, "h_neige": 10.35, "is_crit_security_social": true, "is_crit_economique": true, "quartier": "riviere_des_prairies", "scenario_1": true, "scenario_2": true, "scenario_3": true }, "geometry": { "type": "LineString", "coordinates": [ [ -73.4911627, 45.6827707 ], [ -73.4911466, 45.6828345 ], [ -73.4911363, 45.6828754 ], [ -73.4905846, 45.6849027 ] ] } },
{ "type": "Feature", "properties": { "u": 297622567, "v": 297622544, "key": 0, "highway": "secondary", "length_km": 0.38890587174201141, "h_neige": 6.59, "is_crit_security_social": true, "is_crit_economique": true, "quartier": "riviere_des_prairies", "scenario_1": true, "scenario_2": true, "scenario_3": true }, "geometry": { "type": "LineString", "coordinates": [ [ -73.4911627, 45.6827707 ], [ -73.4911753, 45.6827131 ], [ -73.4911841, 45.6826728 ], [ -73.4912553, 45.6824134 ], [ -73.4915504, 45.6813404 ], [ -73.4919784, 45.6797843 ], [ -73.4920866, 45.6793911 ], [ -73.4921006, 45.6793352 ] ] } },
{ "type": "Feature", "properties": { "u": 297622966, "v": 297623226, "key": 0, "highway": "secondary", "length_km": 0.024863440290879075, "h_neige": 13.26, "is_crit_security_social": true, "is_crit_economique": true, "quartier": "riviere_des_prairies", "scenario_1": true, "scenario_2": true, "scenario_3": true }, "geometry": { "type": "LineString", "coordinates": [ [ -73.4898581, 45.6875249 ], [ -73.4899213, 45.6873057 ] ] } },
{ "type": "Feature", "properties": { "u": 297622966, "v": 620809764, "key": 0, "highway": "secondary", "length_km": 0.081574767715930335, "h_neige": 8.93, "is_crit_security_social": true, "is_crit_economique": true, "quartier": "riviere_des_prairies", "scenario_1": true, "scenario_2": true, "scenario_3": true }, "geometry": { "type": "LineString", "coordinates": [ [ -73.4898581, 45.6875249 ], [ -73.4896757, 45.6881843 ], [ -73.4896589, 45.6882452 ] ] } },
{ "type": "Feature", "properties": { "u": 297623067, "v": 297623226, "key": 0, "highway": "secondary", "length_km": 0.27212441295828715, "h_neige": 2.43, "is_crit_security_social": true, "is_crit_economique": true, "quartier": "riviere_des_prairies", "scenario_1": true, "scenario_2": true, "scenario_3": true }, "geometry": { "type": "LineString", "coordinates": [ [ -73.4905846, 45.6849027 ], [ -73.4901162, 45.6865933 ], [ -73.4899213, 45.6873057 ] ] } },
{ "type": "Feature", "properties": { "u": 297623067, "v": 297622567, "key": 0, "highway": "secondary", "length_km": 0.2412850162208994, "h_neige": 1.46, "is_crit_security_social": true, "is_crit_economique": true, "quartier": "riviere_des_prairies", "scenario_1": true, "scenario_2": true, "scenario_3": true }, "geometry": { "type": "LineString", "coordinates": [ [ -73.4905846, 45.6849027 ], [ -73.4911363, 45.6828754 ], [ -73.4911466, 45.6828345 ], [ -73.4911627, 45.6827707 ] ] } },
{ "type": "Feature", "properties": { "u": 297623226, "v": 297622966, "key": 0, "highway": "secondary", "length_km": 0.024863440290879075, "h_neige": 11.09, "is_crit_security_social": true, "is_crit_economique": true, "quartier": "riviere_des_prairies", "scenario_1": true, "scenario_2": true, "scenario_3": true }, "geometry": { "type": "LineString", "coordinates": [ [ -73.4899213, 45.6873057 ], [ -73.4898581, 45.6875249 ] ] } },
{ "type": "Feature", "properties": { "u": 297623226, "v": 297623067, "key": 0, "highway": "secondary", "length_km": 0.27212441295828715, "h_neige": 1.57, "is_crit_security_social": true, "is_crit_economique": true, "quartier": "riviere_des_prairies", "scenario_1": true, "scenario_2": true, "scenario_3": true }, "geometry": { "type": "LineString", "coordinates": [ [ -73.4899213, 45.6873057 ], [ -73.4901162, 45.6865933 ], [ -73.4905846, 45.6849027 ] ] } },
{ "type": "Feature", "properties": { "u": 297623735, "v": 297624052, "key": 0, "highway": "secondary", "length_km": 0.091015768694975865, "h_neige": 16.99, "is_crit_security_social": true, "is_crit_economique": true, "quartier": "riviere_des_prairies", "scenario_1": true, "scenario_2": true, "scenario_3": true }, "geometry": { "type": "LineString", "coordinates": [ [ -73.488462, 45.6925873 ], [ -73.4884444, 45.6926541 ], [ -73.4884376, 45.6926799 ], [ -73.48839, 45.6928541 ], [ -73.4882629, 45.6933189 ], [ -73.488243, 45.6933914 ] ] } },
{ "type": "Feature", "properties": { "u": 297623735, "v": 12107087535, "key": 0, "highway": "secondary", "length_km": 0.082361522728532269, "h_neige": 4.52, "is_crit_security_social": true, "is_crit_economique": true, "quartier": "riviere_des_prairies", "scenario_1": true, "scenario_2": true, "scenario_3": true }, "geometry": { "type": "LineString", "coordinates": [ [ -73.488462, 45.6925873 ], [ -73.4884779, 45.6925243 ], [ -73.488485, 45.692496 ], [ -73.4886494, 45.6919124 ], [ -73.4886641, 45.6918602 ] ] } },
{ "type": "Feature", "properties": { "u": 297623806, "v": 623324627, "key": 0, "highway": "residential", "length_km": 0.16078891091719885, "h_neige": 1.42, "is_crit_security_social": true, "is_crit_economique": false, "quartier": "riviere_des_prairies", "scenario_1": true, "scenario_2": false, "scenario_3": true }, "geometry": { "type": "LineString", "coordinates": [ [ -73.4870081, 45.6902137 ], [ -73.4888941, 45.6905022 ], [ -73.4889362, 45.6905085 ], [ -73.4890304, 45.6905225 ] ] } },
{ "type": "Feature", "properties": { "u": 297623819, "v": 297623824, "key": 0, "highway": "residential", "length_km": 0.19659453594460605, "h_neige": 17.06, "is_crit_security_social": true, "is_crit_economique": false, "quartier": "riviere_des_prairies", "scenario_1": true, "scenario_2": false, "scenario_3": true }, "geometry": { "type": "LineString", "coordinates": [ [ -73.4902255, 45.6922455 ], [ -73.4901309, 45.6922014 ], [ -73.4897799, 45.6920381 ], [ -73.4897384, 45.6920067 ], [ -73.4897156, 45.6919781 ], [ -73.4897055, 45.6919471 ], [ -73.4897105, 45.6919118 ], [ -73.4897296, 45.6918345 ], [ -73.4900299, 45.6907719 ], [ -73.4900548, 45.6906839 ] ] } },
{ "type": "Feature", "properties": { "u": 297623819, "v": 297623824, "key": 1, "highway": "residential", "length_km": 0.25786588878897715, "h_neige": 3.13, "is_crit_security_social": true, "is_crit_economique": false, "quartier": "riviere_des_prairies", "scenario_1": true, "scenario_2": false, "scenario_3": true }, "geometry": { "type": "LineString", "coordinates": [ [ -73.4902255, 45.6922455 ], [ -73.4905172, 45.6919484 ], [ -73.4905985, 45.6918382 ], [ -73.4911627, 45.6910045 ], [ -73.4911728, 45.6909668 ], [ -73.4911658, 45.6909291 ], [ -73.4911445, 45.6908955 ], [ -73.4911122, 45.6908684 ], [ -73.4910726, 45.690849 ], [ -73.4910179, 45.6908331 ], [ -73.4900548, 45.6906839 ] ] } },
{ "type": "Feature", "properties": { "u": 297623824, "v": 297623819, "key": 0, "highway": "residential", "length_km": 0.19659453594460607, "h_neige": 15.86, "is_crit_security_social": true, "is_crit_economique": false, "quartier": "riviere_des_prairies", "scenario_1": true, "scenario_2": false, "scenario_3": true }, "geometry": { "type": "LineString", "coordinates": [ [ -73.4900548, 45.6906839 ], [ -73.4900299, 45.6907719 ], [ -73.4897296, 45.6918345 ], [ -73.4897105, 45.6919118 ], [ -73.4897055, 45.6919471 ], [ -73.4897156, 45.6919781 ], [ -73.4897384, 45.6920067 ], [ -73.4897799, 45.6920381 ], [ -73.4901309, 45.6922014 ], [ -73.4902255, 45.6922455 ] ] } },
{ "type": "Feature", "properties": { "u": 297623824, "v": 297623819, "key": 1, "highway": "residential", "length_km": 0.25786588878897704, "h_neige": 11.79, "is_crit_security_social": true, "is_crit_economique": false, "quartier": "riviere_des_prairies", "scenario_1": true, "scenario_2": false, "scenario_3": true }, "geometry": { "type": "LineString", "coordinates": [ [ -73.4900548, 45.6906839 ], [ -73.4910179, 45.6908331 ], [ -73.4910726, 45.690849 ], [ -73.4911122, 45.6908684 ], [ -73.4911445, 45.6908955 ], [ -73.4911658, 45.6909291 ], [ -73.4911728, 45.6909668 ], [ -73.4911627, 45.6910045 ], [ -73.4905985, 45.6918382 ], [ -73.4905172, 45.6919484 ], [ -73.4902255, 45.6922455 ] ] } },
{ "type": "Feature", "properties": { "u": 297623824, "v": 623324627, "key": 0, "highway": "residential", "length_km": 0.081567914746597317, "h_neige": 12.2, "is_crit_security_social": true, "is_crit_economique": false, "quartier": "riviere_des_prairies", "scenario_1": true, "scenario_2": false, "scenario_3": true }, "geometry": { "type": "LineString", "coordinates": [ [ -73.4900548, 45.6906839 ], [ -73.489165, 45.6905429 ], [ -73.4891275, 45.6905372 ], [ -73.4890304, 45.6905225 ] ] } },
{ "type": "Feature", "properties": { "u": 297623827, "v": 620809759, "key": 0, "highway": "residential", "length_km": 0.23859454977900021, "h_neige": 16.9, "is_crit_security_social": true, "is_crit_economique": false, "quartier": "riviere_des_prairies", "scenario_1": true, "scenario_2": false, "scenario_3": true }, "geometry": { "type": "LineString", "coordinates": [ [ -73.4922303, 45.6902706 ], [ -73.4894012, 45.6898349 ], [ -73.4893256, 45.6898228 ], [ -73.4892309, 45.6898077 ] ] } },
{ "type": "Feature", "properties": { "u": 297623828, "v": 620809759, "key": 0, "highway": "residential", "length_km": 0.27322490638709429, "h_neige": 13.66, "is_crit_security_social": true, "is_crit_economique": false, "quartier": "riviere_des_prairies", "scenario_1": true, "scenario_2": false, "scenario_3": true }, "geometry": { "type": "LineString", "coordinates": [ [ -73.4857954, 45.6892801 ], [ -73.4858725, 45.6892919 ], [ -73.4859502, 45.6893038 ], [ -73.4890674, 45.689782 ], [ -73.4891338, 45.6897924 ], [ -73.4892309, 45.6898077 ] ] } },
{ "type": "Feature", "properties": { "u": 297623828, "v": 620809843, "key": 0, "highway": "residential", "length_km": 0.32402876551474019, "h_neige": 1.0, "is_crit_security_social": true, "is_crit_economique": false, "quartier": "riviere_des_prairies", "scenario_1": true, "scenario_2": false, "scenario_3": true }, "geometry": { "type": "LineString", "coordinates": [ [ -73.4857954, 45.6892801 ], [ -73.4865554, 45.6886382 ], [ -73.4865923, 45.688615 ], [ -73.486634, 45.6886018 ], [ -73.4866862, 45.6885971 ], [ -73.4867425, 45.6886053 ], [ -73.4893065, 45.6890006 ], [ -73.4893499, 45.6890086 ], [ -73.4894494, 45.689027 ] ] } },
{ "type": "Feature", "properties": { "u": 297623919, "v": 3409336043, "key": 0, "highway": "primary", "length_km": 0.27413518458039299, "h_neige": 9.94, "is_crit_security_social": true, "is_crit_economique": true, "quartier": "riviere_des_prairies", "scenario_1": true, "scenario_2": true, "scenario_3": true }, "geometry": { "type": "LineString", "coordinates": [ [ -73.4960764, 45.6940736 ], [ -73.4959871, 45.6941911 ], [ -73.4958921, 45.6943016 ], [ -73.4956782, 45.6945359 ], [ -73.4954815, 45.6947319 ], [ -73.495248, 45.6949413 ], [ -73.4950091, 45.6951362 ], [ -73.4946945, 45.695368 ], [ -73.4944131, 45.6955551 ], [ -73.4941345, 45.695721 ], [ -73.4937746, 45.6959153 ] ] } },
{ "type": "Feature", "properties": { "u": 297624052, "v": 224843673, "key": 0, "highway": "secondary", "length_km": 0.23896287780746903, "h_neige": 3.88, "is_crit_security_social": true, "is_crit_economique": true, "quartier": "riviere_des_prairies", "scenario_1": true, "scenario_2": true, "scenario_3": true }, "geometry": { "type": "LineString", "coordinates": [ [ -73.488243, 45.6933914 ], [ -73.4882285, 45.6934437 ], [ -73.4881181, 45.6938414 ], [ -73.4880981, 45.6939111 ], [ -73.4879531, 45.6944164 ], [ -73.4878788, 45.6946064 ], [ -73.4877885, 45.694779 ], [ -73.4877048, 45.6949 ], [ -73.4876843, 45.6949296 ], [ -73.4875739, 45.695057 ], [ -73.4873343, 45.6953101 ], [ -73.4873105, 45.6953302 ], [ -73.4872394, 45.6953901 ] ] } },
{ "type": "Feature", "properties": { "u": 297624052, "v": 297623735, "key": 0, "highway": "secondary", "length_km": 0.091015768694975852, "h_neige": 13.13, "is_crit_security_social": true, "is_crit_economique": true, "quartier": "riviere_des_prairies", "scenario_1": true, "scenario_2": true, "scenario_3": true }, "geometry": { "type": "LineString", "coordinates": [ [ -73.488243, 45.6933914 ], [ -73.4882629, 45.6933189 ], [ -73.48839, 45.6928541 ], [ -73.4884376, 45.6926799 ], [ -73.4884444, 45.6926541 ], [ -73.488462, 45.6925873 ] ] } },
{ "type": "Feature", "properties": { "u": 297625580, "v": 297625607, "key": 0, "highway": "residential", "length_km": 0.082023833949013761, "h_neige": 17.51, "is_crit_security_social": true, "is_crit_economique": false, "quartier": "riviere_des_prairies", "scenario_1": true, "scenario_2": false, "scenario_3": true }, "geometry": { "type": "LineString", "coordinates": [ [ -73.4942831, 45.6976124 ], [ -73.4942719, 45.6976552 ], [ -73.4942631, 45.6976889 ], [ -73.4942116, 45.6978267 ], [ -73.4941692, 45.6978757 ], [ -73.4941082, 45.6979146 ], [ -73.494038, 45.6979457 ], [ -73.4936121, 45.6981194 ] ] } },
{ "type": "Feature", "properties": { "u": 297625580, "v": 297625648, "key": 0, "highway": "tertiary", "length_km": 0.041183768473183439, "h_neige": 2.12, "is_crit_security_social": true, "is_crit_economique": true, "quartier": "riviere_des_prairies", "scenario_1": true, "scenario_2": true, "scenario_3": true }, "geometry": { "type": "LineString", "coordinates": [ [ -73.4942831, 45.6976124 ], [ -73.4944228, 45.6976317 ], [ -73.4946942, 45.6976711 ], [ -73.4948018, 45.6976892 ] ] } },
{ "type": "Feature", "properties": { "u": 297625580, "v": 282597769, "key": 0, "highway": "tertiary", "length_km": 0.16948329687421593, "h_neige": 13.71, "is_crit_security_social": true, "is_crit_economique": true, "quartier": "riviere_des_prairies", "scenario_1": true, "scenario_2": true, "scenario_3": true }, "geometry": { "type": "LineString", "coordinates": [ [ -73.4942831, 45.6976124 ], [ -73.494143, 45.6975915 ], [ -73.4939087, 45.6975573 ], [ -73.4933451, 45.6974706 ], [ -73.4925317, 45.6973484 ], [ -73.4923406, 45.6973189 ], [ -73.4922474, 45.6972983 ], [ -73.4921563, 45.6972749 ] ] } },
{ "type": "Feature", "properties": { "u": 297625607, "v": 297625611, "key": 0, "highway": "residential", "length_km": 0.2446801507146916, "h_neige": 7.3, "is_crit_security_social": true, "is_crit_economique": false, "quartier": "riviere_des_prairies", "scenario_1": true, "scenario_2": false, "scenario_3": true }, "geometry": { "type": "LineString", "coordinates": [ [ -73.4936121, 45.6981194 ], [ -73.4927228, 45.6985047 ], [ -73.491841, 45.6988535 ], [ -73.491775, 45.6988791 ], [ -73.4916532, 45.6989295 ], [ -73.4915014, 45.698945 ], [ -73.4914188, 45.6989371 ], [ -73.4913142, 45.6988884 ], [ -73.4912365, 45.6987733 ], [ -73.4910942, 45.6985662 ] ] } },
{ "type": "Feature", "properties": { "u": 297625607, "v": 297625611, "key": 1, "highway": "residential", "length_km": 0.26564066406938991, "h_neige": 16.37, "is_crit_security_social": true, "is_crit_economique": false, "quartier": "riviere_des_prairies", "scenario_1": true, "scenario_2": false, "scenario_3": true }, "geometry": { "type": "LineString", "coordinates": [ [ -73.4936121, 45.6981194 ], [ -73.4935699, 45.6980739 ], [ -73.49351, 45.69802 ], [ -73.4934425, 45.6979802 ], [ -73.4933759, 45.6979455 ], [ -73.4933051, 45.6979202 ], [ -73.4921292, 45.6977704 ], [ -73.4920687, 45.6977732 ], [ -73.4920005, 45.6977764 ], [ -73.4918976, 45.6978168 ], [ -73.4918632, 45.6978303 ], [ -73.4913436, 45.6980958 ], [ -73.4912751, 45.6981288 ], [ -73.4910726, 45.6982406 ], [ -73.4910122, 45.6982724 ], [ -73.4909839, 45.6983122 ], [ -73.490974, 45.6983605 ], [ -73.4909989, 45.6984026 ], [ -73.4910942, 45.6985662 ] ] } },
{ "type": "Feature", "properties": { "u": 297625607, "v": 297625580, "key": 0, "highway": "residential", "length_km": 0.082023833949013747, "h_neige": 2.06, "is_crit_security_social": true, "is_crit_economique": false, "quartier": "riviere_des_prairies", "scenario_1": true, "scenario_2": false, "scenario_3": true }, "geometry": { "type": "LineString", "coordinates": [ [ -73.4936121, 45.6981194 ], [ -73.494038, 45.6979457 ], [ -73.4941082, 45.6979146 ], [ -73.4941692, 45.6978757 ], [ -73.4942116, 45.6978267 ], [ -73.4942631, 45.6976889 ], [ -73.4942719, 45.6976552 ], [ -73.4942831, 45.6976124 ] ] } },
{ "type": "Feature", "properties": { "u": 297625611, "v": 297625607, "key": 0, "highway": "residential", "length_km": 0.26564066406938991, "h_neige": 17.31, "is_crit_security_social": true, "is_crit_economique": false, "quartier": "riviere_des_prairies", "scenario_1": true, "scenario_2": false, "scenario_3": true }, "geometry": { "type": "LineString", "coordinates": [ [ -73.4910942, 45.6985662 ], [ -73.4909989, 45.6984026 ], [ -73.490974, 45.6983605 ], [ -73.4909839, 45.6983122 ], [ -73.4910122, 45.6982724 ], [ -73.4910726, 45.6982406 ], [ -73.4912751, 45.6981288 ], [ -73.4913436, 45.6980958 ], [ -73.4918632, 45.6978303 ], [ -73.4918976, 45.6978168 ], [ -73.4920005, 45.6977764 ], [ -73.4920687, 45.6977732 ], [ -73.4921292, 45.6977704 ], [ -73.4933051, 45.6979202 ], [ -73.4933759, 45.6979455 ], [ -73.4934425, 45.6979802 ], [ -73.49351, 45.69802 ], [ -73.4935699, 45.6980739 ], [ -73.4936121, 45.6981194 ] ] } },
{ "type": "Feature", "properties": { "u": 297625611, "v": 297625607, "key": 1, "highway": "residential", "length_km": 0.2446801507146916, "h_neige": 0.18, "is_crit_security_social": true, "is_crit_economique": false, "quartier": "riviere_des_prairies", "scenario_1": true, "scenario_2": false, "scenario_3": true }, "geometry": { "type": "LineString", "coordinates": [ [ -73.4910942, 45.6985662 ], [ -73.4912365, 45.6987733 ], [ -73.4913142, 45.6988884 ], [ -73.4914188, 45.6989371 ], [ -73.4915014, 45.698945 ], [ -73.4916532, 45.6989295 ], [ -73.491775, 45.6988791 ], [ -73.491841, 45.6988535 ], [ -73.4927228, 45.6985047 ], [ -73.4936121, 45.6981194 ] ] } },
{ "type": "Feature", "properties": { "u": 297625641, "v": 224843928, "key": 0, "highway": "primary", "length_km": 0.018307504499722564, "h_neige": 18.2, "is_crit_security_social": true, "is_crit_economique": true, "quartier": "riviere_des_prairies", "scenario_1": true, "scenario_2": true, "scenario_3": true }, "geometry": { "type": "LineString", "coordinates": [ [ -73.4909401, 45.6975306 ], [ -73.4910387, 45.6974963 ], [ -73.4910791, 45.6974779 ], [ -73.4911438, 45.6974483 ] ] } },
{ "type": "Feature", "properties": { "u": 297625648, "v": 297625580, "key": 0, "highway": "tertiary", "length_km": 0.041183768473183439, "h_neige": 15.31, "is_crit_security_social": true, "is_crit_economique": true, "quartier": "riviere_des_prairies", "scenario_1": true, "scenario_2": true, "scenario_3": true }, "geometry": { "type": "LineString", "coordinates": [ [ -73.4948018, 45.6976892 ], [ -73.4946942, 45.6976711 ], [ -73.4944228, 45.6976317 ], [ -73.4942831, 45.6976124 ] ] } },
{ "type": "Feature", "properties": { "u": 297626295, "v": 4667313100, "key": 0, "highway": "primary", "length_km": 0.02731663502643129, "h_neige": 3.25, "is_crit_security_social": true, "is_crit_economique": true, "quartier": "riviere_des_prairies", "scenario_1": true, "scenario_2": true, "scenario_3": true }, "geometry": { "type": "LineString", "coordinates": [ [ -73.5124587, 45.6636085 ], [ -73.5121927, 45.6637691 ] ] } },
{ "type": "Feature", "properties": { "u": 297626314, "v": 295067057, "key": 0, "highway": "primary", "length_km": 0.25965253204143768, "h_neige": 8.52, "is_crit_security_social": true, "is_crit_economique": true, "quartier": "riviere_des_prairies", "scenario_1": true, "scenario_2": true, "scenario_3": true }, "geometry": { "type": "LineString", "coordinates": [ [ -73.5073972, 45.6628308 ], [ -73.5078072, 45.6616015 ], [ -73.5079522, 45.6612049 ], [ -73.5081501, 45.6606633 ], [ -73.5081828, 45.6605613 ] ] } },
{ "type": "Feature", "properties": { "u": 297627055, "v": 224867597, "key": 0, "highway": "primary", "length_km": 0.1177594801480184, "h_neige": 11.9, "is_crit_security_social": true, "is_crit_economique": true, "quartier": "riviere_des_prairies", "scenario_1": true, "scenario_2": true, "scenario_3": true }, "geometry": { "type": "LineString", "coordinates": [ [ -73.5086521, 45.6660448 ], [ -73.5099158, 45.6654603 ] ] } },
{ "type": "Feature", "properties": { "u": 305092038, "v": 305092054, "key": 0, "highway": "tertiary", "length_km": 0.26218039760635836, "h_neige": 3.09, "is_crit_security_social": true, "is_crit_economique": true, "quartier": "riviere_des_prairies", "scenario_1": true, "scenario_2": true, "scenario_3": true }, "geometry": { "type": "LineString", "coordinates": [ [ -73.5098283, 45.6585933 ], [ -73.5098871, 45.6586036 ], [ -73.5106724, 45.6587237 ], [ -73.5131234, 45.6590986 ] ] } },
{ "type": "Feature", "properties": { "u": 305092054, "v": 632183115, "key": 0, "highway": "residential", "length_km": 0.07290761846698747, "h_neige": 2.0, "is_crit_security_social": true, "is_crit_economique": false, "quartier": "riviere_des_prairies", "scenario_1": true, "scenario_2": false, "scenario_3": true }, "geometry": { "type": "LineString", "coordinates": [ [ -73.5131234, 45.6590986 ], [ -73.5129294, 45.6597401 ] ] } },
{ "type": "Feature", "properties": { "u": 305092054, "v": 305092271, "key": 0, "highway": "tertiary", "length_km": 0.26268362248480714, "h_neige": 3.94, "is_crit_security_social": true, "is_crit_economique": true, "quartier": "riviere_des_prairies", "scenario_1": true, "scenario_2": true, "scenario_3": true }, "geometry": { "type": "LineString", "coordinates": [ [ -73.5131234, 45.6590986 ], [ -73.5164225, 45.6596124 ] ] } },
{ "type": "Feature", "properties": { "u": 305092054, "v": 305092038, "key": 0, "highway": "tertiary", "length_km": 0.26218039760635836, "h_neige": 3.37, "is_crit_security_social": true, "is_crit_economique": true, "quartier": "riviere_des_prairies", "scenario_1": true, "scenario_2": true, "scenario_3": true }, "geometry": { "type": "LineString", "coordinates": [ [ -73.5131234, 45.6590986 ], [ -73.5106724, 45.6587237 ], [ -73.5098871, 45.6586036 ], [ -73.5098283, 45.6585933 ] ] } },
{ "type": "Feature", "properties": { "u": 305092271, "v": 305092054, "key": 0, "highway": "tertiary", "length_km": 0.26268362248480714, "h_neige": 11.73, "is_crit_security_social": true, "is_crit_economique": true, "quartier": "riviere_des_prairies", "scenario_1": true, "scenario_2": true, "scenario_3": true }, "geometry": { "type": "LineString", "coordinates": [ [ -73.5164225, 45.6596124 ], [ -73.5131234, 45.6590986 ] ] } },
{ "type": "Feature", "properties": { "u": 305092424, "v": 632183127, "key": 0, "highway": "residential", "length_km": 0.62477807806808583, "h_neige": 14.95, "is_crit_security_social": true, "is_crit_economique": false, "quartier": "riviere_des_prairies", "scenario_1": true, "scenario_2": false, "scenario_3": true }, "geometry": { "type": "LineString", "coordinates": [ [ -73.515479, 45.6578215 ], [ -73.5123133, 45.6573507 ], [ -73.5122489, 45.6572458 ], [ -73.5126222, 45.6560645 ], [ -73.5126352, 45.6560234 ], [ -73.5125708, 45.6559484 ], [ -73.5124783, 45.655934 ], [ -73.5118031, 45.6558292 ], [ -73.5110587, 45.6557138 ], [ -73.5109951, 45.6557039 ], [ -73.5108856, 45.6556868 ], [ -73.5100549, 45.6555568 ], [ -73.5099132, 45.6555347 ] ] } },
{ "type": "Feature", "properties": { "u": 305092432, "v": 595748276, "key": 0, "highway": "secondary", "length_km": 0.06460690430409409, "h_neige": 1.02, "is_crit_security_social": true, "is_crit_economique": true, "quartier": "riviere_des_prairies", "scenario_1": true, "scenario_2": true, "scenario_3": true }, "geometry": { "type": "LineString", "coordinates": [ [ -73.5195644, 45.6447579 ], [ -73.5203645, 45.6449151 ] ] } },
{ "type": "Feature", "properties": { "u": 305777215, "v": 224843574, "key": 0, "highway": "secondary", "length_km": 0.031359055271790046, "h_neige": 1.71, "is_crit_security_social": true, "is_crit_economique": true, "quartier": "riviere_des_prairies", "scenario_1": true, "scenario_2": true, "scenario_3": true }, "geometry": { "type": "LineString", "coordinates": [ [ -73.4932503, 45.6340944 ], [ -73.4930698, 45.6343466 ] ] } },
{ "type": "Feature", "properties": { "u": 305777215, "v": 224843570, "key": 0, "highway": "secondary", "length_km": 0.064729257096935347, "h_neige": 14.24, "is_crit_security_social": true, "is_crit_economique": true, "quartier": "riviere_des_prairies", "scenario_1": true, "scenario_2": true, "scenario_3": true }, "geometry": { "type": "LineString", "coordinates": [ [ -73.4932503, 45.6340944 ], [ -73.4936228, 45.6335738 ] ] } },
{ "type": "Feature", "properties": { "u": 320621114, "v": 4502314652, "key": 0, "highway": "primary", "length_km": 0.077968193751889139, "h_neige": 18.54, "is_crit_security_social": true, "is_crit_economique": true, "quartier": "riviere_des_prairies", "scenario_1": true, "scenario_2": true, "scenario_3": true }, "geometry": { "type": "LineString", "coordinates": [ [ -73.5150595, 45.6400178 ], [ -73.5148382, 45.6407017 ] ] } },
{ "type": "Feature", "properties": { "u": 367127332, "v": 367127336, "key": 0, "highway": "secondary", "length_km": 0.055236307412583452, "h_neige": 6.2, "is_crit_security_social": true, "is_crit_economique": true, "quartier": "riviere_des_prairies", "scenario_1": true, "scenario_2": true, "scenario_3": true }, "geometry": { "type": "LineString", "coordinates": [ [ -73.5642821, 45.6586877 ], [ -73.5648578, 45.6583964 ] ] } },
{ "type": "Feature", "properties": { "u": 367127333, "v": 595752932, "key": 0, "highway": "secondary", "length_km": 0.059137689499431746, "h_neige": 1.87, "is_crit_security_social": true, "is_crit_economique": true, "quartier": "riviere_des_prairies", "scenario_1": true, "scenario_2": true, "scenario_3": true }, "geometry": { "type": "LineString", "coordinates": [ [ -73.5641722, 45.6585814 ], [ -73.5636498, 45.6588506 ], [ -73.563559, 45.6588963 ] ] } },
{ "type": "Feature", "properties": { "u": 367127336, "v": 595756654, "key": 0, "highway": "secondary", "length_km": 0.058505206990247013, "h_neige": 4.23, "is_crit_security_social": true, "is_crit_economique": true, "quartier": "riviere_des_prairies", "scenario_1": true, "scenario_2": true, "scenario_3": true }, "geometry": { "type": "LineString", "coordinates": [ [ -73.5648578, 45.6583964 ], [ -73.5653673, 45.6581336 ], [ -73.5654609, 45.6580816 ] ] } },
{ "type": "Feature", "properties": { "u": 367127392, "v": 367127333, "key": 0, "highway": "secondary", "length_km": 0.05571362687579183, "h_neige": 6.64, "is_crit_security_social": true, "is_crit_economique": true, "quartier": "riviere_des_prairies", "scenario_1": true, "scenario_2": true, "scenario_3": true }, "geometry": { "type": "LineString", "coordinates": [ [ -73.5647506, 45.6582854 ], [ -73.5641722, 45.6585814 ] ] } },
{ "type": "Feature", "properties": { "u": 367127796, "v": 224992031, "key": 0, "highway": "secondary", "length_km": 0.33811674760735444, "h_neige": 6.93, "is_crit_security_social": true, "is_crit_economique": true, "quartier": "riviere_des_prairies", "scenario_1": true, "scenario_2": true, "scenario_3": true }, "geometry": { "type": "LineString", "coordinates": [ [ -73.5495779, 45.66805 ], [ -73.5499498, 45.6678601 ], [ -73.5503139, 45.6676656 ], [ -73.5506766, 45.6674683 ], [ -73.551028, 45.6672655 ], [ -73.5514679, 45.6669951 ], [ -73.5519004, 45.6667219 ], [ -73.5523175, 45.666436 ], [ -73.5527268, 45.6661434 ], [ -73.552856, 45.6660575 ] ] } },
{ "type": "Feature", "properties": { "u": 369547022, "v": 8892226319, "key": 0, "highway": "secondary", "length_km": 0.63746566947094174, "h_neige": 13.42, "is_crit_security_social": true, "is_crit_economique": true, "quartier": "riviere_des_prairies", "scenario_1": true, "scenario_2": true, "scenario_3": true }, "geometry": { "type": "LineString", "coordinates": [ [ -73.5186228, 45.6644197 ], [ -73.5184663, 45.6637812 ], [ -73.5184545, 45.6637096 ], [ -73.5184418, 45.6636074 ], [ -73.5184328, 45.663531 ], [ -73.5184173, 45.6634138 ], [ -73.5184053, 45.663285 ], [ -73.5183957, 45.6631838 ], [ -73.5183873, 45.6630862 ], [ -73.5183811, 45.6629743 ], [ -73.518375, 45.6628043 ], [ -73.5183733, 45.6626496 ], [ -73.518374, 45.6624842 ], [ -73.5183787, 45.6623157 ], [ -73.5183866, 45.6621558 ], [ -73.5183977, 45.661996 ], [ -73.5184158, 45.6618205 ], [ -73.518441, 45.6616403 ], [ -73.5184649, 45.6614752 ], [ -73.518494, 45.6613136 ], [ -73.5185274, 45.6611517 ], [ -73.5185592, 45.660995 ], [ -73.5185958, 45.6608347 ], [ -73.5186418, 45.6606705 ], [ -73.5186885, 45.6605125 ], [ -73.5187386, 45.6603519 ], [ -73.5187901, 45.6601964 ], [ -73.5188496, 45.6600365 ], [ -73.5189074, 45.6598873 ], [ -73.5189478, 45.6597928 ], [ -73.5189678, 45.659746 ], [ -73.5190137, 45.6596412 ], [ -73.519061, 45.6595378 ], [ -73.5191151, 45.6594212 ], [ -73.519182, 45.6592843 ], [ -73.5192401, 45.6591718 ], [ -73.5193918, 45.658896 ], [ -73.5194463, 45.6587963 ] ] } },
{ "type": "Feature", "properties": { "u": 369547030, "v": 8892348812, "key": 0, "highway": "secondary", "length_km": 0.28189639595699106, "h_neige": 5.09, "is_crit_security_social": true, "is_crit_economique": true, "quartier": "riviere_des_prairies", "scenario_1": true, "scenario_2": true, "scenario_3": true }, "geometry": { "type": "LineString", "coordinates": [ [ -73.5211274, 45.6566663 ], [ -73.5222386, 45.6554321 ], [ -73.5224362, 45.655212 ], [ -73.5226614, 45.6549623 ], [ -73.5228519, 45.6547377 ], [ -73.5230422, 45.6545134 ] ] } },
{ "type": "Feature", "properties": { "u": 369550962, "v": 8891331382, "key": 0, "highway": "secondary", "length_km": 0.29462000222005796, "h_neige": 15.33, "is_crit_security_social": true, "is_crit_economique": true, "quartier": "riviere_des_prairies", "scenario_1": true, "scenario_2": true, "scenario_3": true }, "geometry": { "type": "LineString", "coordinates": [ [ -73.517625, 45.6637895 ], [ -73.5176419, 45.6638992 ], [ -73.5176611, 45.6640221 ], [ -73.5176818, 45.6641497 ], [ -73.5177151, 45.6643196 ], [ -73.5177552, 45.6645356 ], [ -73.5178445, 45.6650095 ], [ -73.5179008, 45.6652971 ], [ -73.5180198, 45.6659298 ], [ -73.5181114, 45.6664171 ] ] } },
{ "type": "Feature", "properties": { "u": 369551878, "v": 297626295, "key": 0, "highway": "primary", "length_km": 0.10430376973937847, "h_neige": 14.02, "is_crit_security_social": true, "is_crit_economique": true, "quartier": "riviere_des_prairies", "scenario_1": true, "scenario_2": true, "scenario_3": true }, "geometry": { "type": "LineString", "coordinates": [ [ -73.5134088, 45.6629469 ], [ -73.5133081, 45.6630241 ], [ -73.5129576, 45.6632797 ], [ -73.5127918, 45.6633986 ], [ -73.5126732, 45.6634766 ], [ -73.5125769, 45.6635377 ], [ -73.5124587, 45.6636085 ] ] } },
{ "type": "Feature", "properties": { "u": 369552028, "v": 224826116, "key": 0, "highway": "primary", "length_km": 0.08182584609905795, "h_neige": 13.24, "is_crit_security_social": true, "is_crit_economique": true, "quartier": "riviere_des_prairies", "scenario_1": true, "scenario_2": true, "scenario_3": true }, "geometry": { "type": "LineString", "coordinates": [ [ -73.5066756, 45.6649241 ], [ -73.5067371, 45.664718 ], [ -73.5069073, 45.6642063 ] ] } },
{ "type": "Feature", "properties": { "u": 369552373, "v": 8893268380, "key": 0, "highway": "secondary", "length_km": 0.54821503747510469, "h_neige": 5.48, "is_crit_security_social": true, "is_crit_economique": true, "quartier": "riviere_des_prairies", "scenario_1": true, "scenario_2": true, "scenario_3": true }, "geometry": { "type": "LineString", "coordinates": [ [ -73.5289984, 45.6476605 ], [ -73.5291266, 45.6475155 ], [ -73.5295727, 45.6470106 ], [ -73.5299927, 45.6465344 ], [ -73.5304543, 45.6460092 ], [ -73.5312077, 45.6451773 ], [ -73.5316, 45.6447743 ], [ -73.5318283, 45.6445349 ], [ -73.5323442, 45.6439993 ], [ -73.5323831, 45.6439562 ], [ -73.5324302, 45.6439075 ], [ -73.5328099, 45.6435134 ] ] } },
{ "type": "Feature", "properties": { "u": 369554210, "v": 8892349160, "key": 0, "highway": "secondary", "length_km": 0.1217624410446011, "h_neige": 8.13, "is_crit_security_social": true, "is_crit_economique": true, "quartier": "riviere_des_prairies", "scenario_1": true, "scenario_2": true, "scenario_3": true }, "geometry": { "type": "LineString", "coordinates": [ [ -73.5284758, 45.6474885 ], [ -73.5281261, 45.6478832 ], [ -73.5279363, 45.6480967 ], [ -73.5276493, 45.6484187 ] ] } },
{ "type": "Feature", "properties": { "u": 369557152, "v": 224843590, "key": 0, "highway": "secondary", "length_km": 0.010323624366106871, "h_neige": 1.76, "is_crit_security_social": true, "is_crit_economique": true, "quartier": "riviere_des_prairies", "scenario_1": true, "scenario_2": true, "scenario_3": true }, "geometry": { "type": "LineString", "coordinates": [ [ -73.4902566, 45.6398943 ], [ -73.4902341, 45.6399858 ] ] } },
{ "type": "Feature", "properties": { "u": 369557152, "v": 224843587, "key": 0, "highway": "secondary", "length_km": 0.048271589365796543, "h_neige": 17.06, "is_crit_security_social": true, "is_crit_economique": true, "quartier": "riviere_des_prairies", "scenario_1": true, "scenario_2": true, "scenario_3": true }, "geometry": { "type": "LineString", "coordinates": [ [ -73.4902566, 45.6398943 ], [ -73.4902728, 45.6398352 ], [ -73.4903953, 45.6394712 ] ] } },
{ "type": "Feature", "properties": { "u": 369557369, "v": 369558855, "key": 0, "highway": "secondary", "length_km": 0.20204145673368484, "h_neige": 13.71, "is_crit_security_social": true, "is_crit_economique": true, "quartier": "riviere_des_prairies", "scenario_1": true, "scenario_2": true, "scenario_3": true }, "geometry": { "type": "LineString", "coordinates": [ [ -73.5089613, 45.6429752 ], [ -73.5073879, 45.6427179 ], [ -73.5068843, 45.6426355 ], [ -73.5065651, 45.6425854 ], [ -73.5064297, 45.6425643 ] ] } },
{ "type": "Feature", "properties": { "u": 369557528, "v": 369557738, "key": 0, "highway": "secondary", "length_km": 0.097684309075591252, "h_neige": 5.97, "is_crit_security_social": true, "is_crit_economique": true, "quartier": "riviere_des_prairies", "scenario_1": true, "scenario_2": true, "scenario_3": true }, "geometry": { "type": "LineString", "coordinates": [ [ -73.4939321, 45.6405043 ], [ -73.4929071, 45.6403349 ], [ -73.4928249, 45.6403213 ], [ -73.4927093, 45.6403022 ] ] } },
{ "type": "Feature", "properties": { "u": 369557619, "v": 4541060053, "key": 0, "highway": "secondary", "length_km": 0.068867750855063373, "h_neige": 8.67, "is_crit_security_social": true, "is_crit_economique": true, "quartier": "riviere_des_prairies", "scenario_1": true, "scenario_2": true, "scenario_3": true }, "geometry": { "type": "LineString", "coordinates": [ [ -73.4922643, 45.6402235 ], [ -73.4914023, 45.6400808 ] ] } },
{ "type": "Feature", "properties": { "u": 369557738, "v": 369557619, "key": 0, "highway": "secondary", "length_km": 0.035690438952724876, "h_neige": 8.69, "is_crit_security_social": true, "is_crit_economique": true, "quartier": "riviere_des_prairies", "scenario_1": true, "scenario_2": true, "scenario_3": true }, "geometry": { "type": "LineString", "coordinates": [ [ -73.4927093, 45.6403022 ], [ -73.4925065, 45.6402691 ], [ -73.4923582, 45.6402412 ], [ -73.4923284, 45.6402356 ], [ -73.4923191, 45.6402338 ], [ -73.4922643, 45.6402235 ] ] } },
{ "type": "Feature", "properties": { "u": 369558048, "v": 369558134, "key": 0, "highway": "secondary", "length_km": 0.015751433825732755, "h_neige": 17.44, "is_crit_security_social": true, "is_crit_economique": true, "quartier": "riviere_des_prairies", "scenario_1": true, "scenario_2": true, "scenario_3": true }, "geometry": { "type": "LineString", "coordinates": [ [ -73.5139794, 45.643749 ], [ -73.5137815, 45.6437186 ] ] } },
{ "type": "Feature", "properties": { "u": 369558048, "v": 4667250395, "key": 0, "highway": "primary", "length_km": 0.10637375788831419, "h_neige": 17.4, "is_crit_security_social": true, "is_crit_economique": true, "quartier": "riviere_des_prairies", "scenario_1": true, "scenario_2": true, "scenario_3": true }, "geometry": { "type": "LineString", "coordinates": [ [ -73.5139794, 45.643749 ], [ -73.5139991, 45.6436925 ], [ -73.5143042, 45.6428197 ] ] } },
{ "type": "Feature", "properties": { "u": 369558103, "v": 4502304226, "key": 0, "highway": "secondary", "length_km": 0.082923768566148304, "h_neige": 8.66, "is_crit_security_social": true, "is_crit_economique": true, "quartier": "riviere_des_prairies", "scenario_1": true, "scenario_2": true, "scenario_3": true }, "geometry": { "type": "LineString", "coordinates": [ [ -73.5122538, 45.6434889 ], [ -73.5112128, 45.6433262 ] ] } },
{ "type": "Feature", "properties": { "u": 369558134, "v": 293304287, "key": 0, "highway": "primary", "length_km": 0.010222527998971255, "h_neige": 7.59, "is_crit_security_social": true, "is_crit_economique": true, "quartier": "riviere_des_prairies", "scenario_1": true, "scenario_2": true, "scenario_3": true }, "geometry": { "type": "LineString", "coordinates": [ [ -73.5137815, 45.6437186 ], [ -73.513748, 45.6438075 ] ] } },
{ "type": "Feature", "properties": { "u": 369558134, "v": 4502149345, "key": 0, "highway": "secondary", "length_km": 0.087795689846373787, "h_neige": 18.77, "is_crit_security_social": true, "is_crit_economique": true, "quartier": "riviere_des_prairies", "scenario_1": true, "scenario_2": true, "scenario_3": true }, "geometry": { "type": "LineString", "coordinates": [ [ -73.5137815, 45.6437186 ], [ -73.5137022, 45.6437071 ], [ -73.5135542, 45.6436851 ], [ -73.5133663, 45.6436579 ], [ -73.5130221, 45.6436081 ], [ -73.5130085, 45.6436061 ], [ -73.5126773, 45.643553 ] ] } },
{ "type": "Feature", "properties": { "u": 369558847, "v": 4667249872, "key": 0, "highway": "secondary", "length_km": 0.15465987620034122, "h_neige": 6.41, "is_crit_security_social": true, "is_crit_economique": true, "quartier": "riviere_des_prairies", "scenario_1": true, "scenario_2": true, "scenario_3": true }, "geometry": { "type": "LineString", "coordinates": [ [ -73.5196058, 45.6446421 ], [ -73.5187544, 45.6444965 ], [ -73.5176652, 45.6443364 ] ] } },
{ "type": "Feature", "properties": { "u": 369558855, "v": 282596731, "key": 0, "highway": "residential", "length_km": 0.0094871980624906364, "h_neige": 19.0, "is_crit_security_social": true, "is_crit_economique": false, "quartier": "riviere_des_prairies", "scenario_1": true, "scenario_2": false, "scenario_3": true }, "geometry": { "type": "LineString", "coordinates": [ [ -73.5064297, 45.6425643 ], [ -73.5064033, 45.6426476 ] ] } },
{ "type": "Feature", "properties": { "u": 369558855, "v": 4502211574, "key": 0, "highway": "secondary", "length_km": 0.16401386264843112, "h_neige": 7.1, "is_crit_security_social": true, "is_crit_economique": true, "quartier": "riviere_des_prairies", "scenario_1": true, "scenario_2": true, "scenario_3": true }, "geometry": { "type": "LineString", "coordinates": [ [ -73.5064297, 45.6425643 ], [ -73.5059862, 45.6424911 ], [ -73.5055962, 45.6424258 ], [ -73.5053283, 45.6423809 ], [ -73.5050684, 45.6423374 ], [ -73.5045123, 45.6422443 ], [ -73.5043773, 45.6422227 ] ] } },
{ "type": "Feature", "properties": { "u": 369564363, "v": 4031745323, "key": 0, "highway": "secondary", "length_km": 0.037321769345736173, "h_neige": 12.09, "is_crit_security_social": true, "is_crit_economique": true, "quartier": "riviere_des_prairies", "scenario_1": true, "scenario_2": true, "scenario_3": true }, "geometry": { "type": "LineString", "coordinates": [ [ -73.5299967, 45.6489434 ], [ -73.5297259, 45.6488116 ], [ -73.5296889, 45.6487928 ], [ -73.5296059, 45.6487485 ] ] } },
{ "type": "Feature", "properties": { "u": 387222120, "v": 387222364, "key": 0, "highway": "secondary", "length_km": 0.08101997633378985, "h_neige": 5.51, "is_crit_security_social": true, "is_crit_economique": true, "quartier": "riviere_des_prairies", "scenario_1": true, "scenario_2": true, "scenario_3": true }, "geometry": { "type": "LineString", "coordinates": [ [ -73.4898995, 45.6420451 ], [ -73.4898257, 45.6427719 ] ] } },
{ "type": "Feature", "properties": { "u": 387222120, "v": 923866353, "key": 0, "highway": "secondary", "length_km": 0.083094358384942738, "h_neige": 18.33, "is_crit_security_social": true, "is_crit_economique": true, "quartier": "riviere_des_prairies", "scenario_1": true, "scenario_2": true, "scenario_3": true }, "geometry": { "type": "LineString", "coordinates": [ [ -73.4898995, 45.6420451 ], [ -73.4899035, 45.6419831 ], [ -73.4899517, 45.6415112 ], [ -73.4899531, 45.6415013 ], [ -73.4899672, 45.6413998 ], [ -73.4899863, 45.6413005 ] ] } },
{ "type": "Feature", "properties": { "u": 387222364, "v": 387222120, "key": 0, "highway": "secondary", "length_km": 0.08101997633378985, "h_neige": 17.34, "is_crit_security_social": true, "is_crit_economique": true, "quartier": "riviere_des_prairies", "scenario_1": true, "scenario_2": true, "scenario_3": true }, "geometry": { "type": "LineString", "coordinates": [ [ -73.4898257, 45.6427719 ], [ -73.4898995, 45.6420451 ] ] } },
{ "type": "Feature", "properties": { "u": 387222364, "v": 224843598, "key": 0, "highway": "secondary", "length_km": 0.073113572893951179, "h_neige": 3.97, "is_crit_security_social": true, "is_crit_economique": true, "quartier": "riviere_des_prairies", "scenario_1": true, "scenario_2": true, "scenario_3": true }, "geometry": { "type": "LineString", "coordinates": [ [ -73.4898257, 45.6427719 ], [ -73.489773, 45.6433425 ], [ -73.4897694, 45.6434282 ] ] } },
{ "type": "Feature", "properties": { "u": 387222391, "v": 387222395, "key": 0, "highway": "secondary", "length_km": 0.069453028732101338, "h_neige": 9.41, "is_crit_security_social": true, "is_crit_economique": true, "quartier": "riviere_des_prairies", "scenario_1": true, "scenario_2": true, "scenario_3": true }, "geometry": { "type": "LineString", "coordinates": [ [ -73.489704, 45.6441201 ], [ -73.4896509, 45.644472 ], [ -73.4895858, 45.6447389 ] ] } },
{ "type": "Feature", "properties": { "u": 387222391, "v": 224843598, "key": 0, "highway": "secondary", "length_km": 0.077105872573802248, "h_neige": 9.69, "is_crit_security_social": true, "is_crit_economique": true, "quartier": "riviere_des_prairies", "scenario_1": true, "scenario_2": true, "scenario_3": true }, "geometry": { "type": "LineString", "coordinates": [ [ -73.489704, 45.6441201 ], [ -73.4897567, 45.643534 ], [ -73.4897694, 45.6434282 ] ] } },
{ "type": "Feature", "properties": { "u": 387222395, "v": 224843609, "key": 0, "highway": "secondary", "length_km": 0.079891612620078115, "h_neige": 15.75, "is_crit_security_social": true, "is_crit_economique": true, "quartier": "riviere_des_prairies", "scenario_1": true, "scenario_2": true, "scenario_3": true }, "geometry": { "type": "LineString", "coordinates": [ [ -73.4895858, 45.6447389 ], [ -73.4893285, 45.6454345 ] ] } },
{ "type": "Feature", "properties": { "u": 387222395, "v": 387222391, "key": 0, "highway": "secondary", "length_km": 0.069453028732101338, "h_neige": 2.0, "is_crit_security_social": true, "is_crit_economique": true, "quartier": "riviere_des_prairies", "scenario_1": true, "scenario_2": true, "scenario_3": true }, "geometry": { "type": "LineString", "coordinates": [ [ -73.4895858, 45.6447389 ], [ -73.4896509, 45.644472 ], [ -73.489704, 45.6441201 ] ] } },
{ "type": "Feature", "properties": { "u": 534467548, "v": 224991816, "key": 0, "highway": "secondary", "length_km": 0.076735716768037227, "h_neige": 15.36, "is_crit_security_social": true, "is_crit_economique": true, "quartier": "riviere_des_prairies", "scenario_1": true, "scenario_2": true, "scenario_3": true }, "geometry": { "type": "LineString", "coordinates": [ [ -73.6098495, 45.6309852 ], [ -73.6105405, 45.6304925 ] ] } },
{ "type": "Feature", "properties": { "u": 534467578, "v": 596568875, "key": 0, "highway": "secondary", "length_km": 0.071174976423913627, "h_neige": 12.69, "is_crit_security_social": true, "is_crit_economique": true, "quartier": "riviere_des_prairies", "scenario_1": true, "scenario_2": true, "scenario_3": true }, "geometry": { "type": "LineString", "coordinates": [ [ -73.6091531, 45.63125 ], [ -73.6085188, 45.6317115 ] ] } },
{ "type": "Feature", "properties": { "u": 534467579, "v": 534467548, "key": 0, "highway": "secondary", "length_km": 0.061511402380711261, "h_neige": 15.37, "is_crit_security_social": true, "is_crit_economique": true, "quartier": "riviere_des_prairies", "scenario_1": true, "scenario_2": true, "scenario_3": true }, "geometry": { "type": "LineString", "coordinates": [ [ -73.6092945, 45.6313794 ], [ -73.6098495, 45.6309852 ] ] } },
{ "type": "Feature", "properties": { "u": 536273507, "v": 536273941, "key": 0, "highway": "secondary", "length_km": 0.017866262339448356, "h_neige": 5.38, "is_crit_security_social": true, "is_crit_economique": true, "quartier": "riviere_des_prairies", "scenario_1": true, "scenario_2": true, "scenario_3": true }, "geometry": { "type": "LineString", "coordinates": [ [ -73.6037322, 45.6227674 ], [ -73.6038705, 45.6228957 ] ] } },
{ "type": "Feature", "properties": { "u": 536273941, "v": 224991801, "key": 0, "highway": "secondary", "length_km": 0.96394462039611273, "h_neige": 11.8, "is_crit_security_social": true, "is_crit_economique": true, "quartier": "riviere_des_prairies", "scenario_1": true, "scenario_2": true, "scenario_3": true }, "geometry": { "type": "LineString", "coordinates": [ [ -73.6038705, 45.6228957 ], [ -73.6039329, 45.6229592 ], [ -73.6039578, 45.6229831 ], [ -73.6040339, 45.6230566 ], [ -73.6041346, 45.6231473 ], [ -73.6042544, 45.6232543 ], [ -73.6043838, 45.6233669 ], [ -73.6045186, 45.623484 ], [ -73.6046276, 45.6235825 ], [ -73.6047535, 45.6236956 ], [ -73.6055006, 45.6244025 ], [ -73.6064438, 45.6252985 ], [ -73.6073803, 45.6261846 ], [ -73.6083357, 45.6270878 ], [ -73.610252, 45.6288998 ], [ -73.6105395, 45.629176 ], [ -73.6106995, 45.6293362 ], [ -73.6111186, 45.6297592 ], [ -73.6111425, 45.6297841 ], [ -73.6111756, 45.6298187 ], [ -73.6112268, 45.629872 ] ] } },
{ "type": "Feature", "properties": { "u": 574794173, "v": 595756470, "key": 0, "highway": "secondary", "length_km": 0.13233437993544456, "h_neige": 8.91, "is_crit_security_social": true, "is_crit_economique": true, "quartier": "riviere_des_prairies", "scenario_1": true, "scenario_2": true, "scenario_3": true }, "geometry": { "type": "LineString", "coordinates": [ [ -73.5771759, 45.650831 ], [ -73.5760905, 45.6517479 ] ] } },
{ "type": "Feature", "properties": { "u": 595748223, "v": 369558847, "key": 0, "highway": "secondary", "length_km": 0.3769545374577557, "h_neige": 4.84, "is_crit_security_social": true, "is_crit_economique": true, "quartier": "riviere_des_prairies", "scenario_1": true, "scenario_2": true, "scenario_3": true }, "geometry": { "type": "LineString", "coordinates": [ [ -73.5238723, 45.6461957 ], [ -73.5237632, 45.6461471 ], [ -73.5229491, 45.6457794 ], [ -73.5214257, 45.6450865 ], [ -73.5209086, 45.6449202 ], [ -73.520435, 45.6447956 ], [ -73.51982, 45.6446773 ], [ -73.5196058, 45.6446421 ] ] } },
{ "type": "Feature", "properties": { "u": 595748273, "v": 4502314655, "key": 0, "highway": "primary", "length_km": 0.043130478396426718, "h_neige": 11.9, "is_crit_security_social": true, "is_crit_economique": true, "quartier": "riviere_des_prairies", "scenario_1": true, "scenario_2": true, "scenario_3": true }, "geometry": { "type": "LineString", "coordinates": [ [ -73.5147859, 45.6413773 ], [ -73.5148058, 45.6413191 ], [ -73.5149146, 45.641 ] ] } },
{ "type": "Feature", "properties": { "u": 595748274, "v": 224806468, "key": 0, "highway": "primary", "length_km": 0.07498260827930571, "h_neige": 3.17, "is_crit_security_social": true, "is_crit_economique": true, "quartier": "riviere_des_prairies", "scenario_1": true, "scenario_2": true, "scenario_3": true }, "geometry": { "type": "LineString", "coordinates": [ [ -73.5146327, 45.6413483 ], [ -73.5145993, 45.6414414 ], [ -73.5143982, 45.6420024 ] ] } },
{ "type": "Feature", "properties": { "u": 595748276, "v": 653993004, "key": 0, "highway": "secondary", "length_km": 0.30839077935554121, "h_neige": 5.02, "is_crit_security_social": true, "is_crit_economique": true, "quartier": "riviere_des_prairies", "scenario_1": true, "scenario_2": true, "scenario_3": true }, "geometry": { "type": "LineString", "coordinates": [ [ -73.5203645, 45.6449151 ], [ -73.520855, 45.6450253 ], [ -73.5213623, 45.6451908 ], [ -73.521583, 45.6452744 ], [ -73.5228744, 45.6458557 ], [ -73.5232463, 45.6460254 ], [ -73.5235985, 45.6461831 ], [ -73.5236951, 45.6462261 ], [ -73.5238033, 45.6462743 ] ] } },
{ "type": "Feature", "properties": { "u": 595748282, "v": 305092432, "key": 0, "highway": "secondary", "length_km": 0.060739901798385211, "h_neige": 4.1, "is_crit_security_social": true, "is_crit_economique": true, "quartier": "riviere_des_prairies", "scenario_1": true, "scenario_2": true, "scenario_3": true }, "geometry": { "type": "LineString", "coordinates": [ [ -73.5188066, 45.6446248 ], [ -73.5193972, 45.6447285 ], [ -73.5195052, 45.6447475 ], [ -73.5195644, 45.6447579 ] ] } },
{ "type": "Feature", "properties": { "u": 595748302, "v": 4667249888, "key": 0, "highway": "primary", "length_km": 0.059133183833905957, "h_neige": 2.53, "is_crit_security_social": true, "is_crit_economique": true, "quartier": "riviere_des_prairies", "scenario_1": true, "scenario_2": true, "scenario_3": true }, "geometry": { "type": "LineString", "coordinates": [ [ -73.5131399, 45.6456249 ], [ -73.5129647, 45.6461424 ] ] } },
{ "type": "Feature", "properties": { "u": 595748303, "v": 4667250391, "key": 0, "highway": "primary", "length_km": 0.076763898997489713, "h_neige": 5.54, "is_crit_security_social": true, "is_crit_economique": true, "quartier": "riviere_des_prairies", "scenario_1": true, "scenario_2": true, "scenario_3": true }, "geometry": { "type": "LineString", "coordinates": [ [ -73.5133255, 45.6456517 ], [ -73.5135612, 45.6449813 ] ] } },
{ "type": "Feature", "properties": { "u": 595748348, "v": 5407310535, "key": 0, "highway": "secondary", "length_km": 0.010705248312668841, "h_neige": 17.89, "is_crit_security_social": true, "is_crit_economique": true, "quartier": "riviere_des_prairies", "scenario_1": true, "scenario_2": true, "scenario_3": true }, "geometry": { "type": "LineString", "coordinates": [ [ -73.5417657, 45.6593074 ], [ -73.5418642, 45.6593747 ] ] } },
{ "type": "Feature", "properties": { "u": 595748562, "v": 369551878, "key": 0, "highway": "primary", "length_km": 0.15992766027781741, "h_neige": 13.93, "is_crit_security_social": true, "is_crit_economique": true, "quartier": "riviere_des_prairies", "scenario_1": true, "scenario_2": true, "scenario_3": true }, "geometry": { "type": "LineString", "coordinates": [ [ -73.5148202, 45.6619002 ], [ -73.5145808, 45.662078 ], [ -73.5144216, 45.6621947 ], [ -73.5140213, 45.6624927 ], [ -73.5137861, 45.6626671 ], [ -73.5135532, 45.662841 ], [ -73.5134088, 45.6629469 ] ] } },
{ "type": "Feature", "properties": { "u": 595748564, "v": 369547022, "key": 0, "highway": "secondary", "length_km": 0.12653679608862195, "h_neige": 16.41, "is_crit_security_social": true, "is_crit_economique": true, "quartier": "riviere_des_prairies", "scenario_1": true, "scenario_2": true, "scenario_3": true }, "geometry": { "type": "LineString", "coordinates": [ [ -73.5188441, 45.6655471 ], [ -73.5187654, 45.665127 ], [ -73.5186228, 45.6644197 ] ] } },
{ "type": "Feature", "properties": { "u": 595748567, "v": 595748564, "key": 0, "highway": "secondary", "length_km": 0.074264225317531116, "h_neige": 5.2, "is_crit_security_social": true, "is_crit_economique": true, "quartier": "riviere_des_prairies", "scenario_1": true, "scenario_2": true, "scenario_3": true }, "geometry": { "type": "LineString", "coordinates": [ [ -73.5189662, 45.6662095 ], [ -73.5188441, 45.6655471 ] ] } },
{ "type": "Feature", "properties": { "u": 595752818, "v": 596515848, "key": 0, "highway": "primary", "length_km": 0.56074106664413792, "h_neige": 14.94, "is_crit_security_social": true, "is_crit_economique": true, "quartier": "riviere_des_prairies", "scenario_1": true, "scenario_2": true, "scenario_3": true }, "geometry": { "type": "LineString", "coordinates": [ [ -73.559963, 45.6397913 ], [ -73.5600656, 45.6397235 ], [ -73.5607807, 45.6392501 ], [ -73.5618214, 45.6385611 ], [ -73.5618739, 45.638531 ], [ -73.562329, 45.638245 ], [ -73.5630071, 45.637791 ], [ -73.5636026, 45.6373934 ], [ -73.5643502, 45.6368907 ], [ -73.5651275, 45.6363966 ], [ -73.5651523, 45.6363805 ], [ -73.5652179, 45.6363378 ] ] } },
{ "type": "Feature", "properties": { "u": 595752835, "v": 595752818, "key": 0, "highway": "primary", "length_km": 0.2619119929965974, "h_neige": 11.43, "is_crit_security_social": true, "is_crit_economique": true, "quartier": "riviere_des_prairies", "scenario_1": true, "scenario_2": true, "scenario_3": true }, "geometry": { "type": "LineString", "coordinates": [ [ -73.5574714, 45.6413766 ], [ -73.5586542, 45.6406343 ], [ -73.5592364, 45.6402594 ], [ -73.5598205, 45.6398833 ], [ -73.5598398, 45.6398708 ], [ -73.559963, 45.6397913 ] ] } },
{ "type": "Feature", "properties": { "u": 595752839, "v": 595752835, "key": 0, "highway": "primary", "length_km": 0.063837473048807075, "h_neige": 0.38, "is_crit_security_social": true, "is_crit_economique": true, "quartier": "riviere_des_prairies", "scenario_1": true, "scenario_2": true, "scenario_3": true }, "geometry": { "type": "LineString", "coordinates": [ [ -73.55689, 45.641782 ], [ -73.5573835, 45.6414358 ], [ -73.5574714, 45.6413766 ] ] } },
{ "type": "Feature", "properties": { "u": 595752843, "v": 595752839, "key": 0, "highway": "primary", "length_km": 0.063585433754787868, "h_neige": 13.8, "is_crit_security_social": true, "is_crit_economique": true, "quartier": "riviere_des_prairies", "scenario_1": true, "scenario_2": true, "scenario_3": true }, "geometry": { "type": "LineString", "coordinates": [ [ -73.5562897, 45.6421704 ], [ -73.55689, 45.641782 ] ] } },
{ "type": "Feature", "properties": { "u": 595752845, "v": 595752843, "key": 0, "highway": "primary", "length_km": 0.074664525373234994, "h_neige": 18.94, "is_crit_security_social": true, "is_crit_economique": true, "quartier": "riviere_des_prairies", "scenario_1": true, "scenario_2": true, "scenario_3": true }, "geometry": { "type": "LineString", "coordinates": [ [ -73.5555847, 45.6426264 ], [ -73.5562897, 45.6421704 ] ] } },
{ "type": "Feature", "properties": { "u": 595752868, "v": 595752845, "key": 0, "highway": "primary", "length_km": 0.16285141178364887, "h_neige": 15.06, "is_crit_security_social": true, "is_crit_economique": true, "quartier": "riviere_des_prairies", "scenario_1": true, "scenario_2": true, "scenario_3": true }, "geometry": { "type": "LineString", "coordinates": [ [ -73.5540292, 45.6436067 ], [ -73.5541361, 45.6435484 ], [ -73.5542026, 45.6435121 ], [ -73.5546393, 45.6432332 ], [ -73.5548598, 45.6430924 ], [ -73.5554068, 45.642743 ], [ -73.5555847, 45.6426264 ] ] } },
{ "type": "Feature", "properties": { "u": 595752896, "v": 595752898, "key": 0, "highway": "primary", "length_km": 0.074619494262667882, "h_neige": 6.95, "is_crit_security_social": true, "is_crit_economique": true, "quartier": "riviere_des_prairies", "scenario_1": true, "scenario_2": true, "scenario_3": true }, "geometry": { "type": "LineString", "coordinates": [ [ -73.5525018, 45.6444619 ], [ -73.5532533, 45.6440444 ] ] } },
{ "type": "Feature", "properties": { "u": 595752898, "v": 643967471, "key": 0, "highway": "primary", "length_km": 0.039043502864530046, "h_neige": 7.52, "is_crit_security_social": true, "is_crit_economique": true, "quartier": "riviere_des_prairies", "scenario_1": true, "scenario_2": true, "scenario_3": true }, "geometry": { "type": "LineString", "coordinates": [ [ -73.5532533, 45.6440444 ], [ -73.5534605, 45.6439231 ], [ -73.5536384, 45.643819 ] ] } },
{ "type": "Feature", "properties": { "u": 595752932, "v": 595753006, "key": 0, "highway": "secondary", "length_km": 0.41223574764153048, "h_neige": 2.11, "is_crit_security_social": true, "is_crit_economique": true, "quartier": "riviere_des_prairies", "scenario_1": true, "scenario_2": true, "scenario_3": true }, "geometry": { "type": "LineString", "coordinates": [ [ -73.563559, 45.6588963 ], [ -73.5616856, 45.6598676 ], [ -73.5611567, 45.6601334 ], [ -73.5606211, 45.6604151 ], [ -73.5601144, 45.6606728 ], [ -73.559845, 45.6608108 ], [ -73.5593963, 45.6610458 ], [ -73.5592899, 45.6610964 ] ] } },
{ "type": "Feature", "properties": { "u": 595752933, "v": 367127332, "key": 0, "highway": "secondary", "length_km": 0.059181636995206691, "h_neige": 2.9, "is_crit_security_social": true, "is_crit_economique": true, "quartier": "riviere_des_prairies", "scenario_1": true, "scenario_2": true, "scenario_3": true }, "geometry": { "type": "LineString", "coordinates": [ [ -73.5636661, 45.6590006 ], [ -73.5642821, 45.6586877 ] ] } },
{ "type": "Feature", "properties": { "u": 595753006, "v": 595753058, "key": 0, "highway": "secondary", "length_km": 0.091209283375141462, "h_neige": 12.2, "is_crit_security_social": true, "is_crit_economique": true, "quartier": "riviere_des_prairies", "scenario_1": true, "scenario_2": true, "scenario_3": true }, "geometry": { "type": "LineString", "coordinates": [ [ -73.5592899, 45.6610964 ], [ -73.5584731, 45.661545 ], [ -73.5583689, 45.6616048 ] ] } },
{ "type": "Feature", "properties": { "u": 595753007, "v": 595752933, "key": 0, "highway": "secondary", "length_km": 0.41436260458023444, "h_neige": 11.56, "is_crit_security_social": true, "is_crit_economique": true, "quartier": "riviere_des_prairies", "scenario_1": true, "scenario_2": true, "scenario_3": true }, "geometry": { "type": "LineString", "coordinates": [ [ -73.5593753, 45.6612124 ], [ -73.5595245, 45.6611365 ], [ -73.5598715, 45.66096 ], [ -73.5606877, 45.6605477 ], [ -73.5608728, 45.660446 ], [ -73.5635728, 45.6590501 ], [ -73.5636661, 45.6590006 ] ] } },
{ "type": "Feature", "properties": { "u": 595753058, "v": 595753133, "key": 0, "highway": "secondary", "length_km": 0.26694268834469759, "h_neige": 12.03, "is_crit_security_social": true, "is_crit_economique": true, "quartier": "riviere_des_prairies", "scenario_1": true, "scenario_2": true, "scenario_3": true }, "geometry": { "type": "LineString", "coordinates": [ [ -73.5583689, 45.6616048 ], [ -73.5579293, 45.6618772 ], [ -73.5574982, 45.6621622 ], [ -73.5572843, 45.6623032 ], [ -73.5570784, 45.6624495 ], [ -73.5566763, 45.6627475 ], [ -73.5560895, 45.6632169 ], [ -73.5559715, 45.6633196 ] ] } },
{ "type": "Feature", "properties": { "u": 595753133, "v": 225000222, "key": 0, "highway": "secondary", "length_km": 0.19070443827203976, "h_neige": 14.27, "is_crit_security_social": true, "is_crit_economique": true, "quartier": "riviere_des_prairies", "scenario_1": true, "scenario_2": true, "scenario_3": true }, "geometry": { "type": "LineString", "coordinates": [ [ -73.5559715, 45.6633196 ], [ -73.5544489, 45.664576 ], [ -73.5543825, 45.6646265 ] ] } },
{ "type": "Feature", "properties": { "u": 595756360, "v": 2629865773, "key": 0, "highway": "residential", "length_km": 0.012019326377100443, "h_neige": 10.35, "is_crit_security_social": true, "is_crit_economique": false, "quartier": "riviere_des_prairies", "scenario_1": true, "scenario_2": false, "scenario_3": true }, "geometry": { "type": "LineString", "coordinates": [ [ -73.5755826, 45.6460684 ], [ -73.5754703, 45.6461427 ] ] } },
{ "type": "Feature", "properties": { "u": 595756360, "v": 596516704, "key": 0, "highway": "residential", "length_km": 0.11342109413059839, "h_neige": 3.97, "is_crit_security_social": true, "is_crit_economique": false, "quartier": "riviere_des_prairies", "scenario_1": true, "scenario_2": false, "scenario_3": true }, "geometry": { "type": "LineString", "coordinates": [ [ -73.5755826, 45.6460684 ], [ -73.5756822, 45.6460058 ], [ -73.5767404, 45.6454482 ] ] } },
{ "type": "Feature", "properties": { "u": 595756360, "v": 596516937, "key": 0, "highway": "tertiary", "length_km": 0.30178980736455147, "h_neige": 16.69, "is_crit_security_social": true, "is_crit_economique": true, "quartier": "riviere_des_prairies", "scenario_1": true, "scenario_2": true, "scenario_3": true }, "geometry": { "type": "LineString", "coordinates": [ [ -73.5755826, 45.6460684 ], [ -73.5733289, 45.6439667 ], [ -73.5732561, 45.6438957 ] ] } },
{ "type": "Feature", "properties": { "u": 595756384, "v": 5305594196, "key": 0, "highway": "residential", "length_km": 0.082446796224187616, "h_neige": 1.45, "is_crit_security_social": true, "is_crit_economique": false, "quartier": "riviere_des_prairies", "scenario_1": true, "scenario_2": false, "scenario_3": true }, "geometry": { "type": "LineString", "coordinates": [ [ -73.5740183, 45.645984 ], [ -73.574643, 45.6465832 ] ] } },
{ "type": "Feature", "properties": { "u": 595756384, "v": 595756384, "key": 0, "highway": "residential", "length_km": 0.32718022197044544, "h_neige": 13.0, "is_crit_security_social": true, "is_crit_economique": false, "quartier": "riviere_des_prairies", "scenario_1": true, "scenario_2": false, "scenario_3": true }, "geometry": { "type": "LineString", "coordinates": [ [ -73.5740183, 45.645984 ], [ -73.5735742, 45.6455717 ], [ -73.5735258, 45.6455516 ], [ -73.5734617, 45.6455571 ], [ -73.5734016, 45.6455763 ], [ -73.5725622, 45.6462178 ], [ -73.5725291, 45.6462653 ], [ -73.5725338, 45.6463255 ], [ -73.5725788, 45.6463759 ], [ -73.5727592, 45.6465203 ], [ -73.5727984, 45.6465368 ], [ -73.5728468, 45.646545 ], [ -73.5729017, 45.6465349 ], [ -73.5740183, 45.645984 ] ] } },
{ "type": "Feature", "properties": { "u": 595756384, "v": 595756384, "key": 1, "highway": "residential", "length_km": 0.32718022197044538, "h_neige": 7.31, "is_crit_security_social": true, "is_crit_economique": false, "quartier": "riviere_des_prairies", "scenario_1": true, "scenario_2": false, "scenario_3": true }, "geometry": { "type": "LineString", "coordinates": [ [ -73.5740183, 45.645984 ], [ -73.5729017, 45.6465349 ], [ -73.5728468, 45.646545 ], [ -73.5727984, 45.6465368 ], [ -73.5727592, 45.6465203 ], [ -73.5725788, 45.6463759 ], [ -73.5725338, 45.6463255 ], [ -73.5725291, 45.6462653 ], [ -73.5725622, 45.6462178 ], [ -73.5734016, 45.6455763 ], [ -73.5734617, 45.6455571 ], [ -73.5735258, 45.6455516 ], [ -73.5735742, 45.6455717 ], [ -73.5740183, 45.645984 ] ] } },
{ "type": "Feature", "properties": { "u": 595756464, "v": 5413953144, "key": 0, "highway": "secondary", "length_km": 0.10135085588868033, "h_neige": 16.87, "is_crit_security_social": true, "is_crit_economique": true, "quartier": "riviere_des_prairies", "scenario_1": true, "scenario_2": true, "scenario_3": true }, "geometry": { "type": "LineString", "coordinates": [ [ -73.577307, 45.6509057 ], [ -73.5776542, 45.6506171 ], [ -73.577899, 45.6504117 ], [ -73.5781375, 45.6502031 ] ] } },
{ "type": "Feature", "properties": { "u": 595756470, "v": 596571503, "key": 0, "highway": "secondary", "length_km": 0.030692383861447872, "h_neige": 5.63, "is_crit_security_social": true, "is_crit_economique": true, "quartier": "riviere_des_prairies", "scenario_1": true, "scenario_2": true, "scenario_3": true }, "geometry": { "type": "LineString", "coordinates": [ [ -73.5760905, 45.6517479 ], [ -73.5758378, 45.65196 ] ] } },
{ "type": "Feature", "properties": { "u": 595756506, "v": 2626154087, "key": 0, "highway": "secondary", "length_km": 0.082510682070044736, "h_neige": 17.46, "is_crit_security_social": true, "is_crit_economique": true, "quartier": "riviere_des_prairies", "scenario_1": true, "scenario_2": true, "scenario_3": true }, "geometry": { "type": "LineString", "coordinates": [ [ -73.5752836, 45.6524348 ], [ -73.5746072, 45.6530067 ] ] } },
{ "type": "Feature", "properties": { "u": 595756507, "v": 596571502, "key": 0, "highway": "secondary", "length_km": 0.068463953106903633, "h_neige": 19.08, "is_crit_security_social": true, "is_crit_economique": true, "quartier": "riviere_des_prairies", "scenario_1": true, "scenario_2": true, "scenario_3": true }, "geometry": { "type": "LineString", "coordinates": [ [ -73.5754275, 45.6525222 ], [ -73.5757314, 45.6522641 ], [ -73.5759832, 45.6520445 ] ] } },
{ "type": "Feature", "properties": { "u": 595756592, "v": 595756593, "key": 0, "highway": "secondary", "length_km": 0.07034327177490822, "h_neige": 0.23, "is_crit_security_social": true, "is_crit_economique": true, "quartier": "riviere_des_prairies", "scenario_1": true, "scenario_2": true, "scenario_3": true }, "geometry": { "type": "LineString", "coordinates": [ [ -73.5722811, 45.6543998 ], [ -73.5716458, 45.6547321 ], [ -73.5715553, 45.6547777 ] ] } },
{ "type": "Feature", "properties": { "u": 595756593, "v": 595756595, "key": 0, "highway": "secondary", "length_km": 0.064259835195861162, "h_neige": 11.35, "is_crit_security_social": true, "is_crit_economique": true, "quartier": "riviere_des_prairies", "scenario_1": true, "scenario_2": true, "scenario_3": true }, "geometry": { "type": "LineString", "coordinates": [ [ -73.5715553, 45.6547777 ], [ -73.57089, 45.6551208 ] ] } },
{ "type": "Feature", "properties": { "u": 595756595, "v": 595756597, "key": 0, "highway": "secondary", "length_km": 0.06324151163299481, "h_neige": 12.82, "is_crit_security_social": true, "is_crit_economique": true, "quartier": "riviere_des_prairies", "scenario_1": true, "scenario_2": true, "scenario_3": true }, "geometry": { "type": "LineString", "coordinates": [ [ -73.57089, 45.6551208 ], [ -73.5702337, 45.655457 ] ] } },
{ "type": "Feature", "properties": { "u": 595756596, "v": 596571658, "key": 0, "highway": "secondary", "length_km": 0.063664122585293553, "h_neige": 10.83, "is_crit_security_social": true, "is_crit_economique": true, "quartier": "riviere_des_prairies", "scenario_1": true, "scenario_2": true, "scenario_3": true }, "geometry": { "type": "LineString", "coordinates": [ [ -73.57101, 45.6552278 ], [ -73.5715758, 45.6549397 ], [ -73.5716687, 45.6548876 ] ] } },
{ "type": "Feature", "properties": { "u": 595756597, "v": 595756614, "key": 0, "highway": "secondary", "length_km": 0.075038942109048379, "h_neige": 13.26, "is_crit_security_social": true, "is_crit_economique": true, "quartier": "riviere_des_prairies", "scenario_1": true, "scenario_2": true, "scenario_3": true }, "geometry": { "type": "LineString", "coordinates": [ [ -73.5702337, 45.655457 ], [ -73.5694596, 45.6558603 ] ] } },
{ "type": "Feature", "properties": { "u": 595756598, "v": 595756596, "key": 0, "highway": "secondary", "length_km": 0.063569495027744033, "h_neige": 0.07, "is_crit_security_social": true, "is_crit_economique": true, "quartier": "riviere_des_prairies", "scenario_1": true, "scenario_2": true, "scenario_3": true }, "geometry": { "type": "LineString", "coordinates": [ [ -73.5703513, 45.6555667 ], [ -73.57101, 45.6552278 ] ] } },
{ "type": "Feature", "properties": { "u": 595756614, "v": 595756616, "key": 0, "highway": "secondary", "length_km": 0.1046065871145274, "h_neige": 19.68, "is_crit_security_social": true, "is_crit_economique": true, "quartier": "riviere_des_prairies", "scenario_1": true, "scenario_2": true, "scenario_3": true }, "geometry": { "type": "LineString", "coordinates": [ [ -73.5694596, 45.6558603 ], [ -73.5683759, 45.6564182 ] ] } },
{ "type": "Feature", "properties": { "u": 595756615, "v": 595756598, "key": 0, "highway": "secondary", "length_km": 0.075392087345149961, "h_neige": 15.92, "is_crit_security_social": true, "is_crit_economique": true, "quartier": "riviere_des_prairies", "scenario_1": true, "scenario_2": true, "scenario_3": true }, "geometry": { "type": "LineString", "coordinates": [ [ -73.5695688, 45.6559674 ], [ -73.5703513, 45.6555667 ] ] } },
{ "type": "Feature", "properties": { "u": 595756616, "v": 595756637, "key": 0, "highway": "secondary", "length_km": 0.059155256583750197, "h_neige": 1.3, "is_crit_security_social": true, "is_crit_economique": true, "quartier": "riviere_des_prairies", "scenario_1": true, "scenario_2": true, "scenario_3": true }, "geometry": { "type": "LineString", "coordinates": [ [ -73.5683759, 45.6564182 ], [ -73.5678718, 45.6566748 ], [ -73.5677615, 45.6567322 ] ] } },
{ "type": "Feature", "properties": { "u": 595756636, "v": 595756615, "key": 0, "highway": "secondary", "length_km": 0.10465741417155412, "h_neige": 10.17, "is_crit_security_social": true, "is_crit_economique": true, "quartier": "riviere_des_prairies", "scenario_1": true, "scenario_2": true, "scenario_3": true }, "geometry": { "type": "LineString", "coordinates": [ [ -73.5684825, 45.6565236 ], [ -73.5689583, 45.65628 ], [ -73.5695688, 45.6559674 ] ] } },
{ "type": "Feature", "properties": { "u": 595756637, "v": 595756645, "key": 0, "highway": "secondary", "length_km": 0.0729650593886529, "h_neige": 1.79, "is_crit_security_social": true, "is_crit_economique": true, "quartier": "riviere_des_prairies", "scenario_1": true, "scenario_2": true, "scenario_3": true }, "geometry": { "type": "LineString", "coordinates": [ [ -73.5677615, 45.6567322 ], [ -73.5670084, 45.657124 ] ] } },
{ "type": "Feature", "properties": { "u": 595756639, "v": 595756636, "key": 0, "highway": "secondary", "length_km": 0.059188695837703156, "h_neige": 1.63, "is_crit_security_social": true, "is_crit_economique": true, "quartier": "riviere_des_prairies", "scenario_1": true, "scenario_2": true, "scenario_3": true }, "geometry": { "type": "LineString", "coordinates": [ [ -73.5678721, 45.6568419 ], [ -73.5684825, 45.6565236 ] ] } },
{ "type": "Feature", "properties": { "u": 595756645, "v": 595756647, "key": 0, "highway": "secondary", "length_km": 0.07344146297686964, "h_neige": 15.58, "is_crit_security_social": true, "is_crit_economique": true, "quartier": "riviere_des_prairies", "scenario_1": true, "scenario_2": true, "scenario_3": true }, "geometry": { "type": "LineString", "coordinates": [ [ -73.5670084, 45.657124 ], [ -73.5662463, 45.6575145 ] ] } },
{ "type": "Feature", "properties": { "u": 595756646, "v": 595756639, "key": 0, "highway": "secondary", "length_km": 0.07279033206990021, "h_neige": 7.95, "is_crit_security_social": true, "is_crit_economique": true, "quartier": "riviere_des_prairies", "scenario_1": true, "scenario_2": true, "scenario_3": true }, "geometry": { "type": "LineString", "coordinates": [ [ -73.567117, 45.657229 ], [ -73.567761, 45.6569039 ], [ -73.5678721, 45.6568419 ] ] } },
{ "type": "Feature", "properties": { "u": 595756647, "v": 595756652, "key": 0, "highway": "secondary", "length_km": 0.08651365387469985, "h_neige": 3.21, "is_crit_security_social": true, "is_crit_economique": true, "quartier": "riviere_des_prairies", "scenario_1": true, "scenario_2": true, "scenario_3": true }, "geometry": { "type": "LineString", "coordinates": [ [ -73.5662463, 45.6575145 ], [ -73.5654487, 45.6579253 ], [ -73.5653514, 45.6579772 ] ] } },
{ "type": "Feature", "properties": { "u": 595756649, "v": 595756646, "key": 0, "highway": "secondary", "length_km": 0.071875513237256911, "h_neige": 5.36, "is_crit_security_social": true, "is_crit_economique": true, "quartier": "riviere_des_prairies", "scenario_1": true, "scenario_2": true, "scenario_3": true }, "geometry": { "type": "LineString", "coordinates": [ [ -73.5663736, 45.6576135 ], [ -73.567117, 45.657229 ] ] } },
{ "type": "Feature", "properties": { "u": 595756652, "v": 367127392, "key": 0, "highway": "secondary", "length_km": 0.057919909475342896, "h_neige": 9.43, "is_crit_security_social": true, "is_crit_economique": true, "quartier": "riviere_des_prairies", "scenario_1": true, "scenario_2": true, "scenario_3": true }, "geometry": { "type": "LineString", "coordinates": [ [ -73.5653514, 45.6579772 ], [ -73.5647506, 45.6582854 ] ] } },
{ "type": "Feature", "properties": { "u": 595756654, "v": 595756649, "key": 0, "highway": "secondary", "length_km": 0.087982274609110553, "h_neige": 16.03, "is_crit_security_social": true, "is_crit_economique": true, "quartier": "riviere_des_prairies", "scenario_1": true, "scenario_2": true, "scenario_3": true }, "geometry": { "type": "LineString", "coordinates": [ [ -73.5654609, 45.6580816 ], [ -73.5663736, 45.6576135 ] ] } },
{ "type": "Feature", "properties": { "u": 596515165, "v": 596515309, "key": 0, "highway": "residential", "length_km": 0.21880153580651335, "h_neige": 16.74, "is_crit_security_social": true, "is_crit_economique": false, "quartier": "riviere_des_prairies", "scenario_1": true, "scenario_2": false, "scenario_3": true }, "geometry": { "type": "LineString", "coordinates": [ [ -73.5868337, 45.6305126 ], [ -73.5872827, 45.6309345 ], [ -73.5877255, 45.6313604 ], [ -73.5877698, 45.631434 ], [ -73.5877785, 45.6315212 ], [ -73.5877528, 45.6316027 ], [ -73.5876958, 45.6316702 ], [ -73.5871234, 45.6320984 ] ] } },
{ "type": "Feature", "properties": { "u": 596515265, "v": 596515333, "key": 0, "highway": "residential", "length_km": 0.16858069242640675, "h_neige": 5.2, "is_crit_security_social": true, "is_crit_economique": false, "quartier": "riviere_des_prairies", "scenario_1": true, "scenario_2": false, "scenario_3": true }, "geometry": { "type": "LineString", "coordinates": [ [ -73.5900427, 45.6332503 ], [ -73.5899099, 45.6331224 ], [ -73.5897171, 45.6329368 ], [ -73.5896451, 45.6328846 ], [ -73.5896022, 45.6328612 ], [ -73.5895554, 45.6328458 ], [ -73.5895036, 45.6328312 ], [ -73.5894457, 45.6328229 ], [ -73.5893541, 45.6328237 ], [ -73.5893118, 45.6328274 ], [ -73.5892742, 45.6328399 ], [ -73.5892247, 45.632857 ], [ -73.5891771, 45.6328842 ], [ -73.5890946, 45.6329426 ], [ -73.5884985, 45.6333946 ] ] } },
{ "type": "Feature", "properties": { "u": 596515309, "v": 596515321, "key": 0, "highway": "residential", "length_km": 0.042012747013235437, "h_neige": 1.9, "is_crit_security_social": true, "is_crit_economique": false, "quartier": "riviere_des_prairies", "scenario_1": true, "scenario_2": false, "scenario_3": true }, "geometry": { "type": "LineString", "coordinates": [ [ -73.5871234, 45.6320984 ], [ -73.5868041, 45.6317936 ] ] } },
{ "type": "Feature", "properties": { "u": 596515309, "v": 596515549, "key": 0, "highway": "residential", "length_km": 0.11163358480871451, "h_neige": 3.79, "is_crit_security_social": true, "is_crit_economique": false, "quartier": "riviere_des_prairies", "scenario_1": true, "scenario_2": false, "scenario_3": true }, "geometry": { "type": "LineString", "coordinates": [ [ -73.5871234, 45.6320984 ], [ -73.5861451, 45.6328332 ] ] } },
{ "type": "Feature", "properties": { "u": 596515309, "v": 596515165, "key": 0, "highway": "residential", "length_km": 0.21880153580651332, "h_neige": 1.36, "is_crit_security_social": true, "is_crit_economique": false, "quartier": "riviere_des_prairies", "scenario_1": true, "scenario_2": false, "scenario_3": true }, "geometry": { "type": "LineString", "coordinates": [ [ -73.5871234, 45.6320984 ], [ -73.5876958, 45.6316702 ], [ -73.5877528, 45.6316027 ], [ -73.5877785, 45.6315212 ], [ -73.5877698, 45.631434 ], [ -73.5877255, 45.6313604 ], [ -73.5872827, 45.6309345 ], [ -73.5868337, 45.6305126 ] ] } },
{ "type": "Feature", "properties": { "u": 596515309, "v": 596515324, "key": 0, "highway": "residential", "length_km": 0.085382521264951092, "h_neige": 1.47, "is_crit_security_social": true, "is_crit_economique": false, "quartier": "riviere_des_prairies", "scenario_1": true, "scenario_2": false, "scenario_3": true }, "geometry": { "type": "LineString", "coordinates": [ [ -73.5871234, 45.6320984 ], [ -73.5876967, 45.6326342 ], [ -73.5877251, 45.6326648 ], [ -73.5877735, 45.632717 ] ] } },
{ "type": "Feature", "properties": { "u": 596515316, "v": 596515333, "key": 0, "highway": "residential", "length_km": 0.081645503418642851, "h_neige": 1.67, "is_crit_security_social": true, "is_crit_economique": false, "quartier": "riviere_des_prairies", "scenario_1": true, "scenario_2": false, "scenario_3": true }, "geometry": { "type": "LineString", "coordinates": [ [ -73.5878658, 45.6328086 ], [ -73.5879101, 45.6328491 ], [ -73.5879343, 45.6328713 ], [ -73.5884985, 45.6333946 ] ] } },
{ "type": "Feature", "properties": { "u": 596515316, "v": 596515141, "key": 0, "highway": "tertiary", "length_km": 0.18695094986262117, "h_neige": 2.54, "is_crit_security_social": true, "is_crit_economique": true, "quartier": "riviere_des_prairies", "scenario_1": true, "scenario_2": true, "scenario_3": true }, "geometry": { "type": "LineString", "coordinates": [ [ -73.5878658, 45.6328086 ], [ -73.5893954, 45.6316324 ], [ -73.5894182, 45.6316158 ], [ -73.589486, 45.6315664 ] ] } },
{ "type": "Feature", "properties": { "u": 596515321, "v": 596515309, "key": 0, "highway": "residential", "length_km": 0.042012747013235437, "h_neige": 3.58, "is_crit_security_social": true, "is_crit_economique": false, "quartier": "riviere_des_prairies", "scenario_1": true, "scenario_2": false, "scenario_3": true }, "geometry": { "type": "LineString", "coordinates": [ [ -73.5868041, 45.6317936 ], [ -73.5871234, 45.6320984 ] ] } },
{ "type": "Feature", "properties": { "u": 596515324, "v": 596515309, "key": 0, "highway": "residential", "length_km": 0.085382521264951092, "h_neige": 2.73, "is_crit_security_social": true, "is_crit_economique": false, "quartier": "riviere_des_prairies", "scenario_1": true, "scenario_2": false, "scenario_3": true }, "geometry": { "type": "LineString", "coordinates": [ [ -73.5877735, 45.632717 ], [ -73.5877251, 45.6326648 ], [ -73.5876967, 45.6326342 ], [ -73.5871234, 45.6320984 ] ] } },
{ "type": "Feature", "properties": { "u": 596515324, "v": 596515572, "key": 0, "highway": "tertiary", "length_km": 0.23228848591657716, "h_neige": 14.62, "is_crit_security_social": true, "is_crit_economique": true, "quartier": "riviere_des_prairies", "scenario_1": true, "scenario_2": true, "scenario_3": true }, "geometry": { "type": "LineString", "coordinates": [ [ -73.5877735, 45.632717 ], [ -73.5869192, 45.633398 ], [ -73.5866963, 45.6335757 ], [ -73.5864492, 45.6337784 ], [ -73.585822, 45.6341722 ], [ -73.585733, 45.6342386 ] ] } },
{ "type": "Feature", "properties": { "u": 596515333, "v": 596515386, "key": 0, "highway": "residential", "length_km": 0.16542926515247572, "h_neige": 12.99, "is_crit_security_social": true, "is_crit_economique": false, "quartier": "riviere_des_prairies", "scenario_1": true, "scenario_2": false, "scenario_3": true }, "geometry": { "type": "LineString", "coordinates": [ [ -73.5884985, 45.6333946 ], [ -73.5879495, 45.6338142 ], [ -73.5872194, 45.6343675 ], [ -73.5870577, 45.6344893 ] ] } },
{ "type": "Feature", "properties": { "u": 596515333, "v": 596515265, "key": 0, "highway": "residential", "length_km": 0.16858069242640675, "h_neige": 11.62, "is_crit_security_social": true, "is_crit_economique": false, "quartier": "riviere_des_prairies", "scenario_1": true, "scenario_2": false, "scenario_3": true }, "geometry": { "type": "LineString", "coordinates": [ [ -73.5884985, 45.6333946 ], [ -73.5890946, 45.6329426 ], [ -73.5891771, 45.6328842 ], [ -73.5892247, 45.632857 ], [ -73.5892742, 45.6328399 ], [ -73.5893118, 45.6328274 ], [ -73.5893541, 45.6328237 ], [ -73.5894457, 45.6328229 ], [ -73.5895036, 45.6328312 ], [ -73.5895554, 45.6328458 ], [ -73.5896022, 45.6328612 ], [ -73.5896451, 45.6328846 ], [ -73.5897171, 45.6329368 ], [ -73.5899099, 45.6331224 ], [ -73.5900427, 45.6332503 ] ] } },
{ "type": "Feature", "properties": { "u": 596515333, "v": 596515316, "key": 0, "highway": "residential", "length_km": 0.081645503418642851, "h_neige": 13.61, "is_crit_security_social": true, "is_crit_economique": false, "quartier": "riviere_des_prairies", "scenario_1": true, "scenario_2": false, "scenario_3": true }, "geometry": { "type": "LineString", "coordinates": [ [ -73.5884985, 45.6333946 ], [ -73.5879343, 45.6328713 ], [ -73.5879101, 45.6328491 ], [ -73.5878658, 45.6328086 ] ] } },
{ "type": "Feature", "properties": { "u": 596515383, "v": 596515386, "key": 0, "highway": "residential", "length_km": 0.18753335231156743, "h_neige": 13.89, "is_crit_security_social": true, "is_crit_economique": false, "quartier": "riviere_des_prairies", "scenario_1": true, "scenario_2": false, "scenario_3": true }, "geometry": { "type": "LineString", "coordinates": [ [ -73.5886936, 45.6351988 ], [ -73.5882442, 45.6347621 ], [ -73.5881913, 45.6347297 ], [ -73.5881369, 45.634717 ], [ -73.5880914, 45.6347208 ], [ -73.5880588, 45.6347412 ], [ -73.5877694, 45.6348957 ], [ -73.5877072, 45.6349266 ], [ -73.5876463, 45.6349394 ], [ -73.5875912, 45.6349477 ], [ -73.5875309, 45.634938 ], [ -73.5874674, 45.6349102 ], [ -73.5870577, 45.6344893 ] ] } },
{ "type": "Feature", "properties": { "u": 596515386, "v": 596515403, "key": 0, "highway": "residential", "length_km": 0.068013767698429026, "h_neige": 10.75, "is_crit_security_social": true, "is_crit_economique": false, "quartier": "riviere_des_prairies", "scenario_1": true, "scenario_2": false, "scenario_3": true }, "geometry": { "type": "LineString", "coordinates": [ [ -73.5870577, 45.6344893 ], [ -73.5864707, 45.6349428 ] ] } },
{ "type": "Feature", "properties": { "u": 596515386, "v": 596515383, "key": 0, "highway": "residential", "length_km": 0.18753335231156743, "h_neige": 9.54, "is_crit_security_social": true, "is_crit_economique": false, "quartier": "riviere_des_prairies", "scenario_1": true, "scenario_2": false, "scenario_3": true }, "geometry": { "type": "LineString", "coordinates": [ [ -73.5870577, 45.6344893 ], [ -73.5874674, 45.6349102 ], [ -73.5875309, 45.634938 ], [ -73.5875912, 45.6349477 ], [ -73.5876463, 45.6349394 ], [ -73.5877072, 45.6349266 ], [ -73.5877694, 45.6348957 ], [ -73.5880588, 45.6347412 ], [ -73.5880914, 45.6347208 ], [ -73.5881369, 45.634717 ], [ -73.5881913, 45.6347297 ], [ -73.5882442, 45.6347621 ], [ -73.5886936, 45.6351988 ] ] } },
{ "type": "Feature", "properties": { "u": 596515386, "v": 596515333, "key": 0, "highway": "residential", "length_km": 0.16542926515247572, "h_neige": 16.4, "is_crit_security_social": true, "is_crit_economique": false, "quartier": "riviere_des_prairies", "scenario_1": true, "scenario_2": false, "scenario_3": true }, "geometry": { "type": "LineString", "coordinates": [ [ -73.5870577, 45.6344893 ], [ -73.5872194, 45.6343675 ], [ -73.5879495, 45.6338142 ], [ -73.5884985, 45.6333946 ] ] } },
{ "type": "Feature", "properties": { "u": 596515403, "v": 596515386, "key": 0, "highway": "residential", "length_km": 0.068013767698429026, "h_neige": 7.51, "is_crit_security_social": true, "is_crit_economique": false, "quartier": "riviere_des_prairies", "scenario_1": true, "scenario_2": false, "scenario_3": true }, "geometry": { "type": "LineString", "coordinates": [ [ -73.5864707, 45.6349428 ], [ -73.5870577, 45.6344893 ] ] } },
{ "type": "Feature", "properties": { "u": 596515403, "v": 596515568, "key": 0, "highway": "residential", "length_km": 0.083097644137068008, "h_neige": 17.13, "is_crit_security_social": true, "is_crit_economique": false, "quartier": "riviere_des_prairies", "scenario_1": true, "scenario_2": false, "scenario_3": true }, "geometry": { "type": "LineString", "coordinates": [ [ -73.5864707, 45.6349428 ], [ -73.5861581, 45.6346484 ], [ -73.5859073, 45.6344122 ], [ -73.5858924, 45.6343959 ], [ -73.5858406, 45.6343394 ] ] } },
{ "type": "Feature", "properties": { "u": 596515488, "v": 596644178, "key": 0, "highway": "primary", "length_km": 0.25680592764913668, "h_neige": 17.49, "is_crit_security_social": true, "is_crit_economique": true, "quartier": "riviere_des_prairies", "scenario_1": true, "scenario_2": true, "scenario_3": true }, "geometry": { "type": "LineString", "coordinates": [ [ -73.579202, 45.6270392 ], [ -73.5792711, 45.6269908 ], [ -73.5810527, 45.6257447 ], [ -73.5812893, 45.6255792 ], [ -73.5814338, 45.6254781 ], [ -73.5814506, 45.6254672 ], [ -73.5815407, 45.6254087 ] ] } },
{ "type": "Feature", "properties": { "u": 596515549, "v": 596515309, "key": 0, "highway": "residential", "length_km": 0.11163358480871451, "h_neige": 8.31, "is_crit_security_social": true, "is_crit_economique": false, "quartier": "riviere_des_prairies", "scenario_1": true, "scenario_2": false, "scenario_3": true }, "geometry": { "type": "LineString", "coordinates": [ [ -73.5861451, 45.6328332 ], [ -73.5871234, 45.6320984 ] ] } },
{ "type": "Feature", "properties": { "u": 596515549, "v": 596515550, "key": 0, "highway": "residential", "length_km": 0.19051188865462951, "h_neige": 19.86, "is_crit_security_social": true, "is_crit_economique": false, "quartier": "riviere_des_prairies", "scenario_1": true, "scenario_2": false, "scenario_3": true }, "geometry": { "type": "LineString", "coordinates": [ [ -73.5861451, 45.6328332 ], [ -73.5856612, 45.6323708 ], [ -73.5856089, 45.6323445 ], [ -73.5855461, 45.6323317 ], [ -73.5854808, 45.6323428 ], [ -73.5854194, 45.6323726 ], [ -73.5844833, 45.6330615 ] ] } },
{ "type": "Feature", "properties": { "u": 596515549, "v": 596515559, "key": 0, "highway": "residential", "length_km": 0.12147278584515542, "h_neige": 11.39, "is_crit_security_social": true, "is_crit_economique": false, "quartier": "riviere_des_prairies", "scenario_1": true, "scenario_2": false, "scenario_3": true }, "geometry": { "type": "LineString", "coordinates": [ [ -73.5861451, 45.6328332 ], [ -73.5860736, 45.6328908 ], [ -73.5860428, 45.6329147 ], [ -73.5850997, 45.633645 ] ] } },
{ "type": "Feature", "properties": { "u": 596515550, "v": 596515559, "key": 0, "highway": "residential", "length_km": 0.080664126470420164, "h_neige": 17.84, "is_crit_security_social": true, "is_crit_economique": false, "quartier": "riviere_des_prairies", "scenario_1": true, "scenario_2": false, "scenario_3": true }, "geometry": { "type": "LineString", "coordinates": [ [ -73.5844833, 45.6330615 ], [ -73.5850997, 45.633645 ] ] } },
{ "type": "Feature", "properties": { "u": 596515550, "v": 596515549, "key": 0, "highway": "residential", "length_km": 0.19051188865462954, "h_neige": 0.89, "is_crit_security_social": true, "is_crit_economique": false, "quartier": "riviere_des_prairies", "scenario_1": true, "scenario_2": false, "scenario_3": true }, "geometry": { "type": "LineString", "coordinates": [ [ -73.5844833, 45.6330615 ], [ -73.5854194, 45.6323726 ], [ -73.5854808, 45.6323428 ], [ -73.5855461, 45.6323317 ], [ -73.5856089, 45.6323445 ], [ -73.5856612, 45.6323708 ], [ -73.5861451, 45.6328332 ] ] } },
{ "type": "Feature", "properties": { "u": 596515559, "v": 596515567, "key": 0, "highway": "residential", "length_km": 0.070775434875221949, "h_neige": 10.81, "is_crit_security_social": true, "is_crit_economique": false, "quartier": "riviere_des_prairies", "scenario_1": true, "scenario_2": false, "scenario_3": true }, "geometry": { "type": "LineString", "coordinates": [ [ -73.5850997, 45.633645 ], [ -73.5844664, 45.6341022 ] ] } },
{ "type": "Feature", "properties": { "u": 596515559, "v": 596515550, "key": 0, "highway": "residential", "length_km": 0.080664126470420164, "h_neige": 9.5, "is_crit_security_social": true, "is_crit_economique": false, "quartier": "riviere_des_prairies", "scenario_1": true, "scenario_2": false, "scenario_3": true }, "geometry": { "type": "LineString", "coordinates": [ [ -73.5850997, 45.633645 ], [ -73.5844833, 45.6330615 ] ] } },
{ "type": "Feature", "properties": { "u": 596515559, "v": 596515549, "key": 0, "highway": "residential", "length_km": 0.12147278584515543, "h_neige": 10.85, "is_crit_security_social": true, "is_crit_economique": false, "quartier": "riviere_des_prairies", "scenario_1": true, "scenario_2": false, "scenario_3": true }, "geometry": { "type": "LineString", "coordinates": [ [ -73.5850997, 45.633645 ], [ -73.5860428, 45.6329147 ], [ -73.5860736, 45.6328908 ], [ -73.5861451, 45.6328332 ] ] } },
{ "type": "Feature", "properties": { "u": 596515559, "v": 596515572, "key": 0, "highway": "residential", "length_km": 0.082354413974601234, "h_neige": 10.82, "is_crit_security_social": true, "is_crit_economique": false, "quartier": "riviere_des_prairies", "scenario_1": true, "scenario_2": false, "scenario_3": true }, "geometry": { "type": "LineString", "coordinates": [ [ -73.5850997, 45.633645 ], [ -73.5852197, 45.6337585 ], [ -73.5854491, 45.6339754 ], [ -73.5856578, 45.6341727 ], [ -73.585688, 45.6341991 ], [ -73.585733, 45.6342386 ] ] } },
{ "type": "Feature", "properties": { "u": 596515567, "v": 596515559, "key": 0, "highway": "residential", "length_km": 0.070775434875221949, "h_neige": 9.83, "is_crit_security_social": true, "is_crit_economique": false, "quartier": "riviere_des_prairies", "scenario_1": true, "scenario_2": false, "scenario_3": true }, "geometry": { "type": "LineString", "coordinates": [ [ -73.5844664, 45.6341022 ], [ -73.5850997, 45.633645 ] ] } },
{ "type": "Feature", "properties": { "u": 596515568, "v": 596515572, "key": 0, "highway": "residential", "length_km": 0.013986449706065088, "h_neige": 10.93, "is_crit_security_social": true, "is_crit_economique": false, "quartier": "riviere_des_prairies", "scenario_1": true, "scenario_2": false, "scenario_3": true }, "geometry": { "type": "LineString", "coordinates": [ [ -73.5858406, 45.6343394 ], [ -73.585733, 45.6342386 ] ] } },
{ "type": "Feature", "properties": { "u": 596515568, "v": 596515403, "key": 0, "highway": "residential", "length_km": 0.083097644137067994, "h_neige": 5.94, "is_crit_security_social": true, "is_crit_economique": false, "quartier": "riviere_des_prairies", "scenario_1": true, "scenario_2": false, "scenario_3": true }, "geometry": { "type": "LineString", "coordinates": [ [ -73.5858406, 45.6343394 ], [ -73.5858924, 45.6343959 ], [ -73.5859073, 45.6344122 ], [ -73.5861581, 45.6346484 ], [ -73.5864707, 45.6349428 ] ] } },
{ "type": "Feature", "properties": { "u": 596515568, "v": 596515316, "key": 0, "highway": "tertiary", "length_km": 0.23203595806153895, "h_neige": 16.0, "is_crit_security_social": true, "is_crit_economique": true, "quartier": "riviere_des_prairies", "scenario_1": true, "scenario_2": true, "scenario_3": true }, "geometry": { "type": "LineString", "coordinates": [ [ -73.5858406, 45.6343394 ], [ -73.5865457, 45.6338577 ], [ -73.5870204, 45.6334733 ], [ -73.5872776, 45.6332651 ], [ -73.5878658, 45.6328086 ] ] } },
{ "type": "Feature", "properties": { "u": 596515572, "v": 596515568, "key": 0, "highway": "residential", "length_km": 0.013986449706065088, "h_neige": 7.06, "is_crit_security_social": true, "is_crit_economique": false, "quartier": "riviere_des_prairies", "scenario_1": true, "scenario_2": false, "scenario_3": true }, "geometry": { "type": "LineString", "coordinates": [ [ -73.585733, 45.6342386 ], [ -73.5858406, 45.6343394 ] ] } },
{ "type": "Feature", "properties": { "u": 596515572, "v": 596515559, "key": 0, "highway": "residential", "length_km": 0.082354413974601234, "h_neige": 5.92, "is_crit_security_social": true, "is_crit_economique": false, "quartier": "riviere_des_prairies", "scenario_1": true, "scenario_2": false, "scenario_3": true }, "geometry": { "type": "LineString", "coordinates": [ [ -73.585733, 45.6342386 ], [ -73.585688, 45.6341991 ], [ -73.5856578, 45.6341727 ], [ -73.5854491, 45.6339754 ], [ -73.5852197, 45.6337585 ], [ -73.5850997, 45.633645 ] ] } },
{ "type": "Feature", "properties": { "u": 596515572, "v": 596515694, "key": 0, "highway": "tertiary", "length_km": 0.3169125776812633, "h_neige": 12.65, "is_crit_security_social": true, "is_crit_economique": true, "quartier": "riviere_des_prairies", "scenario_1": true, "scenario_2": true, "scenario_3": true }, "geometry": { "type": "LineString", "coordinates": [ [ -73.585733, 45.6342386 ], [ -73.5851398, 45.6346975 ], [ -73.5848941, 45.6348876 ], [ -73.5844557, 45.635236 ], [ -73.5839944, 45.6355811 ], [ -73.5830754, 45.6362653 ], [ -73.5829827, 45.6363417 ] ] } },
{ "type": "Feature", "properties": { "u": 596515610, "v": 596515568, "key": 0, "highway": "tertiary", "length_km": 0.14881308719204508, "h_neige": 9.74, "is_crit_security_social": true, "is_crit_economique": true, "quartier": "riviere_des_prairies", "scenario_1": true, "scenario_2": true, "scenario_3": true }, "geometry": { "type": "LineString", "coordinates": [ [ -73.5845364, 45.6353177 ], [ -73.584856, 45.6350738 ], [ -73.5850941, 45.6349135 ], [ -73.585258, 45.6347892 ], [ -73.5853167, 45.6347447 ], [ -73.5857396, 45.6344047 ], [ -73.5858406, 45.6343394 ] ] } },
{ "type": "Feature", "properties": { "u": 596515848, "v": 224873391, "key": 0, "highway": "primary", "length_km": 0.015081785017347374, "h_neige": 18.15, "is_crit_security_social": true, "is_crit_economique": true, "quartier": "riviere_des_prairies", "scenario_1": true, "scenario_2": true, "scenario_3": true }, "geometry": { "type": "LineString", "coordinates": [ [ -73.5652179, 45.6363378 ], [ -73.565362, 45.636247 ] ] } },
{ "type": "Feature", "properties": { "u": 596515893, "v": 596515895, "key": 0, "highway": "secondary", "length_km": 0.060751373746909615, "h_neige": 4.06, "is_crit_security_social": true, "is_crit_economique": true, "quartier": "riviere_des_prairies", "scenario_1": true, "scenario_2": true, "scenario_3": true }, "geometry": { "type": "LineString", "coordinates": [ [ -73.5938553, 45.6399934 ], [ -73.5935444, 45.6401538 ], [ -73.5932233, 45.6403147 ] ] } },
{ "type": "Feature", "properties": { "u": 596515894, "v": 596516031, "key": 0, "highway": "secondary", "length_km": 0.063580855002064909, "h_neige": 7.21, "is_crit_security_social": true, "is_crit_economique": true, "quartier": "riviere_des_prairies", "scenario_1": true, "scenario_2": true, "scenario_3": true }, "geometry": { "type": "LineString", "coordinates": [ [ -73.5925262, 45.6406741 ], [ -73.591874, 45.6410191 ] ] } },
{ "type": "Feature", "properties": { "u": 596515895, "v": 596515894, "key": 0, "highway": "secondary", "length_km": 0.067336372155174101, "h_neige": 17.44, "is_crit_security_social": true, "is_crit_economique": true, "quartier": "riviere_des_prairies", "scenario_1": true, "scenario_2": true, "scenario_3": true }, "geometry": { "type": "LineString", "coordinates": [ [ -73.5932233, 45.6403147 ], [ -73.5926307, 45.6406211 ], [ -73.5925262, 45.6406741 ] ] } },
{ "type": "Feature", "properties": { "u": 596516031, "v": 596516032, "key": 0, "highway": "secondary", "length_km": 0.25715197043927962, "h_neige": 18.61, "is_crit_security_social": true, "is_crit_economique": true, "quartier": "riviere_des_prairies", "scenario_1": true, "scenario_2": true, "scenario_3": true }, "geometry": { "type": "LineString", "coordinates": [ [ -73.591874, 45.6410191 ], [ -73.5893366, 45.6423248 ], [ -73.5892068, 45.6423868 ] ] } },
{ "type": "Feature", "properties": { "u": 596516032, "v": 596516484, "key": 0, "highway": "secondary", "length_km": 0.31336094446078505, "h_neige": 1.08, "is_crit_security_social": true, "is_crit_economique": true, "quartier": "riviere_des_prairies", "scenario_1": true, "scenario_2": true, "scenario_3": true }, "geometry": { "type": "LineString", "coordinates": [ [ -73.5892068, 45.6423868 ], [ -73.5860715, 45.6440028 ], [ -73.5859622, 45.644059 ] ] } },
{ "type": "Feature", "properties": { "u": 596516484, "v": 596516582, "key": 0, "highway": "secondary", "length_km": 0.33279824318862861, "h_neige": 8.1, "is_crit_security_social": true, "is_crit_economique": true, "quartier": "riviere_des_prairies", "scenario_1": true, "scenario_2": true, "scenario_3": true }, "geometry": { "type": "LineString", "coordinates": [ [ -73.5859622, 45.644059 ], [ -73.5850964, 45.6445091 ], [ -73.5844819, 45.6448282 ], [ -73.5843319, 45.6449098 ], [ -73.5840607, 45.6450706 ], [ -73.5838114, 45.645225 ], [ -73.5836665, 45.6453237 ], [ -73.5834318, 45.6454986 ], [ -73.5832105, 45.6456814 ], [ -73.5827782, 45.6460393 ] ] } },
{ "type": "Feature", "properties": { "u": 596516582, "v": 596516584, "key": 0, "highway": "secondary", "length_km": 0.07963801661852965, "h_neige": 1.81, "is_crit_security_social": true, "is_crit_economique": true, "quartier": "riviere_des_prairies", "scenario_1": true, "scenario_2": true, "scenario_3": true }, "geometry": { "type": "LineString", "coordinates": [ [ -73.5827782, 45.6460393 ], [ -73.5822177, 45.6465175 ], [ -73.5821257, 45.6465914 ] ] } },
{ "type": "Feature", "properties": { "u": 596516584, "v": 596516687, "key": 0, "highway": "secondary", "length_km": 0.19562293335044562, "h_neige": 18.04, "is_crit_security_social": true, "is_crit_economique": true, "quartier": "riviere_des_prairies", "scenario_1": true, "scenario_2": true, "scenario_3": true }, "geometry": { "type": "LineString", "coordinates": [ [ -73.5821257, 45.6465914 ], [ -73.5806267, 45.6478795 ], [ -73.5805395, 45.6479572 ] ] } },
{ "type": "Feature", "properties": { "u": 596516659, "v": 596516704, "key": 0, "highway": "residential", "length_km": 0.30632817839803533, "h_neige": 12.15, "is_crit_security_social": true, "is_crit_economique": false, "quartier": "riviere_des_prairies", "scenario_1": true, "scenario_2": false, "scenario_3": true }, "geometry": { "type": "LineString", "coordinates": [ [ -73.5755175, 45.6432595 ], [ -73.5749846, 45.6436633 ], [ -73.5749573, 45.6436956 ], [ -73.5749489, 45.6437316 ], [ -73.5749526, 45.643772 ], [ -73.5749807, 45.6438027 ], [ -73.5767404, 45.6454482 ] ] } },
{ "type": "Feature", "properties": { "u": 596516687, "v": 596516970, "key": 0, "highway": "secondary", "length_km": 0.070789835279006896, "h_neige": 17.47, "is_crit_security_social": true, "is_crit_economique": true, "quartier": "riviere_des_prairies", "scenario_1": true, "scenario_2": true, "scenario_3": true }, "geometry": { "type": "LineString", "coordinates": [ [ -73.5805395, 45.6479572 ], [ -73.5799593, 45.6484479 ] ] } },
{ "type": "Feature", "properties": { "u": 596516704, "v": 595756360, "key": 0, "highway": "residential", "length_km": 0.11342109413059839, "h_neige": 8.98, "is_crit_security_social": true, "is_crit_economique": false, "quartier": "riviere_des_prairies", "scenario_1": true, "scenario_2": false, "scenario_3": true }, "geometry": { "type": "LineString", "coordinates": [ [ -73.5767404, 45.6454482 ], [ -73.5756822, 45.6460058 ], [ -73.5755826, 45.6460684 ] ] } },
{ "type": "Feature", "properties": { "u": 596516704, "v": 596516659, "key": 0, "highway": "residential", "length_km": 0.30632817839803533, "h_neige": 19.87, "is_crit_security_social": true, "is_crit_economique": false, "quartier": "riviere_des_prairies", "scenario_1": true, "scenario_2": false, "scenario_3": true }, "geometry": { "type": "LineString", "coordinates": [ [ -73.5767404, 45.6454482 ], [ -73.5749807, 45.6438027 ], [ -73.5749526, 45.643772 ], [ -73.5749489, 45.6437316 ], [ -73.5749573, 45.6436956 ], [ -73.5749846, 45.6436633 ], [ -73.5755175, 45.6432595 ] ] } },
{ "type": "Feature", "properties": { "u": 596516938, "v": 2629865773, "key": 0, "highway": "tertiary", "length_km": 0.30026158554328025, "h_neige": 13.18, "is_crit_security_social": true, "is_crit_economique": true, "quartier": "riviere_des_prairies", "scenario_1": true, "scenario_2": true, "scenario_3": true }, "geometry": { "type": "LineString", "coordinates": [ [ -73.5731497, 45.6439841 ], [ -73.5738401, 45.6446246 ], [ -73.5739365, 45.6447114 ], [ -73.5753922, 45.6460725 ], [ -73.5754703, 45.6461427 ] ] } },
{ "type": "Feature", "properties": { "u": 596516967, "v": 596516969, "key": 0, "highway": "secondary", "length_km": 0.013012767885989165, "h_neige": 17.7, "is_crit_security_social": true, "is_crit_economique": true, "quartier": "riviere_des_prairies", "scenario_1": true, "scenario_2": true, "scenario_3": true }, "geometry": { "type": "LineString", "coordinates": [ [ -73.5790152, 45.6492642 ], [ -73.5789121, 45.6493564 ] ] } },
{ "type": "Feature", "properties": { "u": 596516969, "v": 5413953143, "key": 0, "highway": "secondary", "length_km": 0.11235105231312405, "h_neige": 11.24, "is_crit_security_social": true, "is_crit_economique": true, "quartier": "riviere_des_prairies", "scenario_1": true, "scenario_2": true, "scenario_3": true }, "geometry": { "type": "LineString", "coordinates": [ [ -73.5789121, 45.6493564 ], [ -73.5783465, 45.6498147 ], [ -73.57806, 45.6500607 ], [ -73.5779798, 45.6501284 ] ] } },
{ "type": "Feature", "properties": { "u": 596516970, "v": 596516967, "key": 0, "highway": "secondary", "length_km": 0.11672845233580664, "h_neige": 8.02, "is_crit_security_social": true, "is_crit_economique": true, "quartier": "riviere_des_prairies", "scenario_1": true, "scenario_2": true, "scenario_3": true }, "geometry": { "type": "LineString", "coordinates": [ [ -73.5799593, 45.6484479 ], [ -73.5791002, 45.6491864 ], [ -73.5790152, 45.6492642 ] ] } },
{ "type": "Feature", "properties": { "u": 596568875, "v": 596569265, "key": 0, "highway": "secondary", "length_km": 0.16178703033649539, "h_neige": 2.85, "is_crit_security_social": true, "is_crit_economique": true, "quartier": "riviere_des_prairies", "scenario_1": true, "scenario_2": true, "scenario_3": true }, "geometry": { "type": "LineString", "coordinates": [ [ -73.6085188, 45.6317115 ], [ -73.6071627, 45.6326548 ], [ -73.6070436, 45.6327376 ] ] } },
{ "type": "Feature", "properties": { "u": 596568893, "v": 534467579, "key": 0, "highway": "secondary", "length_km": 0.073303040810218975, "h_neige": 7.29, "is_crit_security_social": true, "is_crit_economique": true, "quartier": "riviere_des_prairies", "scenario_1": true, "scenario_2": true, "scenario_3": true }, "geometry": { "type": "LineString", "coordinates": [ [ -73.6086057, 45.6318295 ], [ -73.6092017, 45.63144 ], [ -73.6092945, 45.6313794 ] ] } },
{ "type": "Feature", "properties": { "u": 596569265, "v": 596569382, "key": 0, "highway": "secondary", "length_km": 0.16672404102413049, "h_neige": 1.82, "is_crit_security_social": true, "is_crit_economique": true, "quartier": "riviere_des_prairies", "scenario_1": true, "scenario_2": true, "scenario_3": true }, "geometry": { "type": "LineString", "coordinates": [ [ -73.6070436, 45.6327376 ], [ -73.6056048, 45.6337292 ], [ -73.6055164, 45.6337901 ] ] } },
{ "type": "Feature", "properties": { "u": 596569270, "v": 596568893, "key": 0, "highway": "secondary", "length_km": 0.15966480827104274, "h_neige": 11.16, "is_crit_security_social": true, "is_crit_economique": true, "quartier": "riviere_des_prairies", "scenario_1": true, "scenario_2": true, "scenario_3": true }, "geometry": { "type": "LineString", "coordinates": [ [ -73.6071437, 45.6328378 ], [ -73.6086057, 45.6318295 ] ] } },
{ "type": "Feature", "properties": { "u": 596569304, "v": 596569270, "key": 0, "highway": "secondary", "length_km": 0.16278303035108402, "h_neige": 12.86, "is_crit_security_social": true, "is_crit_economique": true, "quartier": "riviere_des_prairies", "scenario_1": true, "scenario_2": true, "scenario_3": true }, "geometry": { "type": "LineString", "coordinates": [ [ -73.6056717, 45.6338788 ], [ -73.6070441, 45.6329083 ], [ -73.6071437, 45.6328378 ] ] } },
{ "type": "Feature", "properties": { "u": 596569382, "v": 596569441, "key": 0, "highway": "secondary", "length_km": 0.20516935737525335, "h_neige": 0.19, "is_crit_security_social": true, "is_crit_economique": true, "quartier": "riviere_des_prairies", "scenario_1": true, "scenario_2": true, "scenario_3": true }, "geometry": { "type": "LineString", "coordinates": [ [ -73.6055164, 45.6337901 ], [ -73.6053579, 45.633897 ], [ -73.604524, 45.6344595 ], [ -73.6036661, 45.6349384 ], [ -73.603538, 45.6350079 ] ] } },
{ "type": "Feature", "properties": { "u": 596569434, "v": 596569304, "key": 0, "highway": "secondary", "length_km": 0.2091611143531881, "h_neige": 7.23, "is_crit_security_social": true, "is_crit_economique": true, "quartier": "riviere_des_prairies", "scenario_1": true, "scenario_2": true, "scenario_3": true }, "geometry": { "type": "LineString", "coordinates": [ [ -73.6036521, 45.6351206 ], [ -73.6045831, 45.6345776 ], [ -73.6055979, 45.6339262 ], [ -73.6056717, 45.6338788 ] ] } },
{ "type": "Feature", "properties": { "u": 596569441, "v": 596569573, "key": 0, "highway": "secondary", "length_km": 0.094597572018492754, "h_neige": 3.36, "is_crit_security_social": true, "is_crit_economique": true, "quartier": "riviere_des_prairies", "scenario_1": true, "scenario_2": true, "scenario_3": true }, "geometry": { "type": "LineString", "coordinates": [ [ -73.603538, 45.6350079 ], [ -73.6025576, 45.6355117 ] ] } },
{ "type": "Feature", "properties": { "u": 596569558, "v": 596569434, "key": 0, "highway": "secondary", "length_km": 0.094553168875954358, "h_neige": 10.53, "is_crit_security_social": true, "is_crit_economique": true, "quartier": "riviere_des_prairies", "scenario_1": true, "scenario_2": true, "scenario_3": true }, "geometry": { "type": "LineString", "coordinates": [ [ -73.6026733, 45.6356252 ], [ -73.6035251, 45.635189 ], [ -73.6036521, 45.6351206 ] ] } },
{ "type": "Feature", "properties": { "u": 596569573, "v": 596569623, "key": 0, "highway": "secondary", "length_km": 0.081873096893248953, "h_neige": 12.38, "is_crit_security_social": true, "is_crit_economique": true, "quartier": "riviere_des_prairies", "scenario_1": true, "scenario_2": true, "scenario_3": true }, "geometry": { "type": "LineString", "coordinates": [ [ -73.6025576, 45.6355117 ], [ -73.601703, 45.6359419 ] ] } },
{ "type": "Feature", "properties": { "u": 596569595, "v": 596569616, "key": 0, "highway": "secondary", "length_km": 0.077539226723053703, "h_neige": 13.39, "is_crit_security_social": true, "is_crit_economique": true, "quartier": "riviere_des_prairies", "scenario_1": true, "scenario_2": true, "scenario_3": true }, "geometry": { "type": "LineString", "coordinates": [ [ -73.6010178, 45.636462 ], [ -73.6018324, 45.6360597 ] ] } },
{ "type": "Feature", "properties": { "u": 596569616, "v": 596569558, "key": 0, "highway": "secondary", "length_km": 0.08129418376653047, "h_neige": 17.57, "is_crit_security_social": true, "is_crit_economique": true, "quartier": "riviere_des_prairies", "scenario_1": true, "scenario_2": true, "scenario_3": true }, "geometry": { "type": "LineString", "coordinates": [ [ -73.6018324, 45.6360597 ], [ -73.6026733, 45.6356252 ] ] } },
{ "type": "Feature", "properties": { "u": 596569619, "v": 596570365, "key": 0, "highway": "secondary", "length_km": 0.22260866092600667, "h_neige": 0.88, "is_crit_security_social": true, "is_crit_economique": true, "quartier": "riviere_des_prairies", "scenario_1": true, "scenario_2": true, "scenario_3": true }, "geometry": { "type": "LineString", "coordinates": [ [ -73.6008941, 45.6363615 ], [ -73.5997436, 45.6369586 ], [ -73.5985888, 45.6375488 ] ] } },
{ "type": "Feature", "properties": { "u": 596569623, "v": 596569619, "key": 0, "highway": "secondary", "length_km": 0.078308570167920269, "h_neige": 19.82, "is_crit_security_social": true, "is_crit_economique": true, "quartier": "riviere_des_prairies", "scenario_1": true, "scenario_2": true, "scenario_3": true }, "geometry": { "type": "LineString", "coordinates": [ [ -73.601703, 45.6359419 ], [ -73.6010301, 45.6362915 ], [ -73.6008941, 45.6363615 ] ] } },
{ "type": "Feature", "properties": { "u": 596570349, "v": 596569595, "key": 0, "highway": "secondary", "length_km": 0.22235850251539568, "h_neige": 16.92, "is_crit_security_social": true, "is_crit_economique": true, "quartier": "riviere_des_prairies", "scenario_1": true, "scenario_2": true, "scenario_3": true }, "geometry": { "type": "LineString", "coordinates": [ [ -73.5987149, 45.6376478 ], [ -73.5988963, 45.6375545 ], [ -73.6008842, 45.6365323 ], [ -73.6010178, 45.636462 ] ] } },
{ "type": "Feature", "properties": { "u": 596570365, "v": 596570606, "key": 0, "highway": "secondary", "length_km": 0.15533745285476214, "h_neige": 7.47, "is_crit_security_social": true, "is_crit_economique": true, "quartier": "riviere_des_prairies", "scenario_1": true, "scenario_2": true, "scenario_3": true }, "geometry": { "type": "LineString", "coordinates": [ [ -73.5985888, 45.6375488 ], [ -73.5976868, 45.6380318 ], [ -73.5971061, 45.6383172 ], [ -73.5969832, 45.6383798 ] ] } },
{ "type": "Feature", "properties": { "u": 596570597, "v": 596515893, "key": 0, "highway": "secondary", "length_km": 0.28725805975955454, "h_neige": 17.33, "is_crit_security_social": true, "is_crit_economique": true, "quartier": "riviere_des_prairies", "scenario_1": true, "scenario_2": true, "scenario_3": true }, "geometry": { "type": "LineString", "coordinates": [ [ -73.5968322, 45.6384632 ], [ -73.595387, 45.6392109 ], [ -73.5939468, 45.6399443 ], [ -73.5938553, 45.6399934 ] ] } },
{ "type": "Feature", "properties": { "u": 596570603, "v": 596570610, "key": 0, "highway": "secondary", "length_km": 0.015150446170885366, "h_neige": 2.5, "is_crit_security_social": true, "is_crit_economique": true, "quartier": "riviere_des_prairies", "scenario_1": true, "scenario_2": true, "scenario_3": true }, "geometry": { "type": "LineString", "coordinates": [ [ -73.5969406, 45.6385595 ], [ -73.5970947, 45.6384761 ] ] } },
{ "type": "Feature", "properties": { "u": 596570606, "v": 596570597, "key": 0, "highway": "secondary", "length_km": 0.014960603099022933, "h_neige": 16.49, "is_crit_security_social": true, "is_crit_economique": true, "quartier": "riviere_des_prairies", "scenario_1": true, "scenario_2": true, "scenario_3": true }, "geometry": { "type": "LineString", "coordinates": [ [ -73.5969832, 45.6383798 ], [ -73.5968322, 45.6384632 ] ] } },
{ "type": "Feature", "properties": { "u": 596570610, "v": 596570349, "key": 0, "highway": "secondary", "length_km": 0.15604494048267831, "h_neige": 11.35, "is_crit_security_social": true, "is_crit_economique": true, "quartier": "riviere_des_prairies", "scenario_1": true, "scenario_2": true, "scenario_3": true }, "geometry": { "type": "LineString", "coordinates": [ [ -73.5970947, 45.6384761 ], [ -73.5987149, 45.6376478 ] ] } },
{ "type": "Feature", "properties": { "u": 596570615, "v": 596570603, "key": 0, "highway": "secondary", "length_km": 0.21305768051155699, "h_neige": 15.8, "is_crit_security_social": true, "is_crit_economique": true, "quartier": "riviere_des_prairies", "scenario_1": true, "scenario_2": true, "scenario_3": true }, "geometry": { "type": "LineString", "coordinates": [ [ -73.5947409, 45.6397019 ], [ -73.5957663, 45.6391694 ], [ -73.5959465, 45.6390677 ], [ -73.5963283, 45.6388734 ], [ -73.5965067, 45.6387793 ], [ -73.5968316, 45.6386181 ], [ -73.5969406, 45.6385595 ] ] } },
{ "type": "Feature", "properties": { "u": 596570646, "v": 596570655, "key": 0, "highway": "secondary", "length_km": 0.063634308452072547, "h_neige": 15.88, "is_crit_security_social": true, "is_crit_economique": true, "quartier": "riviere_des_prairies", "scenario_1": true, "scenario_2": true, "scenario_3": true }, "geometry": { "type": "LineString", "coordinates": [ [ -73.5919816, 45.6411224 ], [ -73.5925287, 45.6408339 ], [ -73.5926381, 45.6407807 ] ] } },
{ "type": "Feature", "properties": { "u": 596570649, "v": 596570652, "key": 0, "highway": "secondary", "length_km": 0.060628191583072963, "h_neige": 4.48, "is_crit_security_social": true, "is_crit_economique": true, "quartier": "riviere_des_prairies", "scenario_1": true, "scenario_2": true, "scenario_3": true }, "geometry": { "type": "LineString", "coordinates": [ [ -73.5933392, 45.6404223 ], [ -73.5938596, 45.6401514 ], [ -73.5939595, 45.6400921 ] ] } },
{ "type": "Feature", "properties": { "u": 596570652, "v": 596570615, "key": 0, "highway": "secondary", "length_km": 0.074652438592572201, "h_neige": 14.71, "is_crit_security_social": true, "is_crit_economique": true, "quartier": "riviere_des_prairies", "scenario_1": true, "scenario_2": true, "scenario_3": true }, "geometry": { "type": "LineString", "coordinates": [ [ -73.5939595, 45.6400921 ], [ -73.5947409, 45.6397019 ] ] } },
{ "type": "Feature", "properties": { "u": 596570655, "v": 596570649, "key": 0, "highway": "secondary", "length_km": 0.067520772943077109, "h_neige": 11.7, "is_crit_security_social": true, "is_crit_economique": true, "quartier": "riviere_des_prairies", "scenario_1": true, "scenario_2": true, "scenario_3": true }, "geometry": { "type": "LineString", "coordinates": [ [ -73.5926381, 45.6407807 ], [ -73.5933392, 45.6404223 ] ] } },
{ "type": "Feature", "properties": { "u": 596570736, "v": 596570741, "key": 0, "highway": "secondary", "length_km": 0.087968639374271185, "h_neige": 5.09, "is_crit_security_social": true, "is_crit_economique": true, "quartier": "riviere_des_prairies", "scenario_1": true, "scenario_2": true, "scenario_3": true }, "geometry": { "type": "LineString", "coordinates": [ [ -73.5901968, 45.64204 ], [ -73.5911134, 45.6415761 ] ] } },
{ "type": "Feature", "properties": { "u": 596570738, "v": 596570736, "key": 0, "highway": "secondary", "length_km": 0.084978381127486111, "h_neige": 2.86, "is_crit_security_social": true, "is_crit_economique": true, "quartier": "riviere_des_prairies", "scenario_1": true, "scenario_2": true, "scenario_3": true }, "geometry": { "type": "LineString", "coordinates": [ [ -73.5893226, 45.6424988 ], [ -73.5901968, 45.64204 ] ] } },
{ "type": "Feature", "properties": { "u": 596570741, "v": 596570646, "key": 0, "highway": "secondary", "length_km": 0.084265961525520766, "h_neige": 18.43, "is_crit_security_social": true, "is_crit_economique": true, "quartier": "riviere_des_prairies", "scenario_1": true, "scenario_2": true, "scenario_3": true }, "geometry": { "type": "LineString", "coordinates": [ [ -73.5911134, 45.6415761 ], [ -73.5919816, 45.6411224 ] ] } },
{ "type": "Feature", "properties": { "u": 596571054, "v": 596570738, "key": 0, "highway": "secondary", "length_km": 0.31296218906747236, "h_neige": 6.26, "is_crit_security_social": true, "is_crit_economique": true, "quartier": "riviere_des_prairies", "scenario_1": true, "scenario_2": true, "scenario_3": true }, "geometry": { "type": "LineString", "coordinates": [ [ -73.5860702, 45.6441573 ], [ -73.5877809, 45.6432883 ], [ -73.5883185, 45.6430086 ], [ -73.5892082, 45.6425519 ], [ -73.5893226, 45.6424988 ] ] } },
{ "type": "Feature", "properties": { "u": 596571120, "v": 596571126, "key": 0, "highway": "secondary", "length_km": 0.079364584844769714, "h_neige": 0.57, "is_crit_security_social": true, "is_crit_economique": true, "quartier": "riviere_des_prairies", "scenario_1": true, "scenario_2": true, "scenario_3": true }, "geometry": { "type": "LineString", "coordinates": [ [ -73.5822462, 45.6467012 ], [ -73.5828922, 45.6461485 ] ] } },
{ "type": "Feature", "properties": { "u": 596571126, "v": 596571054, "key": 0, "highway": "secondary", "length_km": 0.33335431545177407, "h_neige": 1.72, "is_crit_security_social": true, "is_crit_economique": true, "quartier": "riviere_des_prairies", "scenario_1": true, "scenario_2": true, "scenario_3": true }, "geometry": { "type": "LineString", "coordinates": [ [ -73.5828922, 45.6461485 ], [ -73.5835695, 45.645579 ], [ -73.5837717, 45.645432 ], [ -73.5839594, 45.6453007 ], [ -73.5841754, 45.6451676 ], [ -73.5844001, 45.645032 ], [ -73.5845824, 45.6449342 ], [ -73.5852003, 45.6446153 ], [ -73.5859552, 45.6442163 ], [ -73.5860702, 45.6441573 ] ] } },
{ "type": "Feature", "properties": { "u": 596571406, "v": 656417708, "key": 0, "highway": "secondary", "length_km": 0.1163235305688613, "h_neige": 7.0, "is_crit_security_social": true, "is_crit_economique": true, "quartier": "riviere_des_prairies", "scenario_1": true, "scenario_2": true, "scenario_3": true }, "geometry": { "type": "LineString", "coordinates": [ [ -73.5791088, 45.6493611 ], [ -73.5800783, 45.6485642 ] ] } },
{ "type": "Feature", "properties": { "u": 596571410, "v": 596571406, "key": 0, "highway": "secondary", "length_km": 0.012816987387451068, "h_neige": 2.53, "is_crit_security_social": true, "is_crit_economique": true, "quartier": "riviere_des_prairies", "scenario_1": true, "scenario_2": true, "scenario_3": true }, "geometry": { "type": "LineString", "coordinates": [ [ -73.5790065, 45.6494515 ], [ -73.5791088, 45.6493611 ] ] } },
{ "type": "Feature", "properties": { "u": 596571494, "v": 595756464, "key": 0, "highway": "secondary", "length_km": 0.1088981203550293, "h_neige": 15.29, "is_crit_security_social": true, "is_crit_economique": true, "quartier": "riviere_des_prairies", "scenario_1": true, "scenario_2": true, "scenario_3": true }, "geometry": { "type": "LineString", "coordinates": [ [ -73.5764266, 45.6516672 ], [ -73.5767677, 45.6513744 ], [ -73.5772163, 45.6509746 ], [ -73.577307, 45.6509057 ] ] } },
{ "type": "Feature", "properties": { "u": 596571502, "v": 596571494, "key": 0, "highway": "secondary", "length_km": 0.054294692995732759, "h_neige": 3.99, "is_crit_security_social": true, "is_crit_economique": true, "quartier": "riviere_des_prairies", "scenario_1": true, "scenario_2": true, "scenario_3": true }, "geometry": { "type": "LineString", "coordinates": [ [ -73.5759832, 45.6520445 ], [ -73.5764266, 45.6516672 ] ] } },
{ "type": "Feature", "properties": { "u": 596571503, "v": 595756506, "key": 0, "highway": "secondary", "length_km": 0.068138911688630496, "h_neige": 10.77, "is_crit_security_social": true, "is_crit_economique": true, "quartier": "riviere_des_prairies", "scenario_1": true, "scenario_2": true, "scenario_3": true }, "geometry": { "type": "LineString", "coordinates": [ [ -73.5758378, 45.65196 ], [ -73.5752836, 45.6524348 ] ] } },
{ "type": "Feature", "properties": { "u": 596571594, "v": 595756507, "key": 0, "highway": "secondary", "length_km": 0.083933065685510413, "h_neige": 6.45, "is_crit_security_social": true, "is_crit_economique": true, "quartier": "riviere_des_prairies", "scenario_1": true, "scenario_2": true, "scenario_3": true }, "geometry": { "type": "LineString", "coordinates": [ [ -73.5747394, 45.6531032 ], [ -73.5752731, 45.6526723 ], [ -73.5754275, 45.6525222 ] ] } },
{ "type": "Feature", "properties": { "u": 596571658, "v": 596571594, "key": 0, "highway": "secondary", "length_km": 0.31136058901693031, "h_neige": 11.32, "is_crit_security_social": true, "is_crit_economique": true, "quartier": "riviere_des_prairies", "scenario_1": true, "scenario_2": true, "scenario_3": true }, "geometry": { "type": "LineString", "coordinates": [ [ -73.5716687, 45.6548876 ], [ -73.5724017, 45.6545086 ], [ -73.573169, 45.6541132 ], [ -73.5735331, 45.6539233 ], [ -73.5737148, 45.6538244 ], [ -73.5738785, 45.6537232 ], [ -73.5741144, 45.6535774 ], [ -73.5743405, 45.6534195 ], [ -73.5745463, 45.653262 ], [ -73.5747394, 45.6531032 ] ] } },
{ "type": "Feature", "properties": { "u": 596643856, "v": 2388532789, "key": 0, "highway": "primary", "length_km": 0.19537152511886627, "h_neige": 15.77, "is_crit_security_social": true, "is_crit_economique": true, "quartier": "riviere_des_prairies", "scenario_1": true, "scenario_2": true, "scenario_3": true }, "geometry": { "type": "LineString", "coordinates": [ [ -73.5921843, 45.6181588 ], [ -73.592642, 45.6178462 ], [ -73.5930967, 45.6175355 ], [ -73.5934922, 45.6172653 ], [ -73.5936481, 45.6171589 ], [ -73.5938039, 45.6170524 ], [ -73.5938586, 45.6170172 ], [ -73.5939824, 45.6169319 ] ] } },
{ "type": "Feature", "properties": { "u": 596643891, "v": 596643856, "key": 0, "highway": "primary", "length_km": 0.2132273640882679, "h_neige": 6.26, "is_crit_security_social": true, "is_crit_economique": true, "quartier": "riviere_des_prairies", "scenario_1": true, "scenario_2": true, "scenario_3": true }, "geometry": { "type": "LineString", "coordinates": [ [ -73.5902168, 45.6194942 ], [ -73.5908549, 45.6190691 ], [ -73.5920625, 45.6182434 ], [ -73.5921843, 45.6181588 ] ] } },
{ "type": "Feature", "properties": { "u": 596643958, "v": 656429735, "key": 0, "highway": "primary", "length_km": 0.17656892934771304, "h_neige": 18.78, "is_crit_security_social": true, "is_crit_economique": true, "quartier": "riviere_des_prairies", "scenario_1": true, "scenario_2": true, "scenario_3": true }, "geometry": { "type": "LineString", "coordinates": [ [ -73.5867295, 45.62188 ], [ -73.5874451, 45.6213994 ], [ -73.5879432, 45.6210476 ], [ -73.5882271, 45.6208471 ], [ -73.5883526, 45.6207701 ] ] } },
{ "type": "Feature", "properties": { "u": 596644172, "v": 224873405, "key": 0, "highway": "primary", "length_km": 0.27689234064174645, "h_neige": 18.31, "is_crit_security_social": true, "is_crit_economique": true, "quartier": "riviere_des_prairies", "scenario_1": true, "scenario_2": true, "scenario_3": true }, "geometry": { "type": "LineString", "coordinates": [ [ -73.5816786, 45.6253271 ], [ -73.5817787, 45.6252598 ], [ -73.5819429, 45.6251494 ], [ -73.5821674, 45.6249912 ], [ -73.5832384, 45.6242773 ], [ -73.5841338, 45.623658 ], [ -73.5842192, 45.6235836 ] ] } },
{ "type": "Feature", "properties": { "u": 596644178, "v": 596644172, "key": 0, "highway": "primary", "length_km": 0.014047254517292499, "h_neige": 9.32, "is_crit_security_social": true, "is_crit_economique": true, "quartier": "riviere_des_prairies", "scenario_1": true, "scenario_2": true, "scenario_3": true }, "geometry": { "type": "LineString", "coordinates": [ [ -73.5815407, 45.6254087 ], [ -73.5816786, 45.6253271 ] ] } },
{ "type": "Feature", "properties": { "u": 597658344, "v": 294210596, "key": 0, "highway": "residential", "length_km": 0.24383851597842779, "h_neige": 5.62, "is_crit_security_social": true, "is_crit_economique": false, "quartier": "riviere_des_prairies", "scenario_1": true, "scenario_2": false, "scenario_3": true }, "geometry": { "type": "LineString", "coordinates": [ [ -73.5093346, 45.6418766 ], [ -73.5072545, 45.6415478 ], [ -73.5062763, 45.6413899 ] ] } },
{ "type": "Feature", "properties": { "u": 597658345, "v": 294210596, "key": 0, "highway": "residential", "length_km": 0.20897850557676201, "h_neige": 15.1, "is_crit_security_social": true, "is_crit_economique": false, "quartier": "riviere_des_prairies", "scenario_1": true, "scenario_2": false, "scenario_3": true }, "geometry": { "type": "LineString", "coordinates": [ [ -73.5036592, 45.6409608 ], [ -73.504797, 45.6411474 ], [ -73.5062763, 45.6413899 ] ] } },
{ "type": "Feature", "properties": { "u": 597658357, "v": 597658358, "key": 0, "highway": "residential", "length_km": 0.20978678506850251, "h_neige": 9.52, "is_crit_security_social": true, "is_crit_economique": false, "quartier": "riviere_des_prairies", "scenario_1": true, "scenario_2": false, "scenario_3": true }, "geometry": { "type": "LineString", "coordinates": [ [ -73.5038801, 45.6403132 ], [ -73.5065101, 45.6407355 ] ] } },
{ "type": "Feature", "properties": { "u": 597658358, "v": 294210596, "key": 0, "highway": "residential", "length_km": 0.075001807838444082, "h_neige": 5.21, "is_crit_security_social": true, "is_crit_economique": false, "quartier": "riviere_des_prairies", "scenario_1": true, "scenario_2": false, "scenario_3": true }, "geometry": { "type": "LineString", "coordinates": [ [ -73.5065101, 45.6407355 ], [ -73.5062763, 45.6413899 ] ] } },
{ "type": "Feature", "properties": { "u": 597658358, "v": 293052340, "key": 0, "highway": "residential", "length_km": 0.075177408912603771, "h_neige": 5.06, "is_crit_security_social": true, "is_crit_economique": false, "quartier": "riviere_des_prairies", "scenario_1": true, "scenario_2": false, "scenario_3": true }, "geometry": { "type": "LineString", "coordinates": [ [ -73.5065101, 45.6407355 ], [ -73.5067452, 45.6400797 ] ] } },
{ "type": "Feature", "properties": { "u": 597658358, "v": 597658357, "key": 0, "highway": "residential", "length_km": 0.20978678506850251, "h_neige": 13.65, "is_crit_security_social": true, "is_crit_economique": false, "quartier": "riviere_des_prairies", "scenario_1": true, "scenario_2": false, "scenario_3": true }, "geometry": { "type": "LineString", "coordinates": [ [ -73.5065101, 45.6407355 ], [ -73.5038801, 45.6403132 ] ] } },
{ "type": "Feature", "properties": { "u": 597658358, "v": 659460913, "key": 0, "highway": "residential", "length_km": 0.24312438806907732, "h_neige": 18.07, "is_crit_security_social": true, "is_crit_economique": false, "quartier": "riviere_des_prairies", "scenario_1": true, "scenario_2": false, "scenario_3": true }, "geometry": { "type": "LineString", "coordinates": [ [ -73.5065101, 45.6407355 ], [ -73.5085708, 45.6410665 ], [ -73.509558, 45.6412251 ] ] } },
{ "type": "Feature", "properties": { "u": 598413466, "v": 598413470, "key": 0, "highway": "primary", "length_km": 0.02427726543077011, "h_neige": 3.5, "is_crit_security_social": true, "is_crit_economique": true, "quartier": "riviere_des_prairies", "scenario_1": true, "scenario_2": true, "scenario_3": true }, "geometry": { "type": "LineString", "coordinates": [ [ -73.5771459, 45.6284209 ], [ -73.5773812, 45.6282774 ] ] } },
{ "type": "Feature", "properties": { "u": 598413470, "v": 596515488, "key": 0, "highway": "primary", "length_km": 0.19755611088161071, "h_neige": 16.09, "is_crit_security_social": true, "is_crit_economique": true, "quartier": "riviere_des_prairies", "scenario_1": true, "scenario_2": true, "scenario_3": true }, "geometry": { "type": "LineString", "coordinates": [ [ -73.5773812, 45.6282774 ], [ -73.5774798, 45.6282095 ], [ -73.5790786, 45.6271079 ], [ -73.5791081, 45.6270915 ], [ -73.579202, 45.6270392 ] ] } },
{ "type": "Feature", "properties": { "u": 598419216, "v": 224826171, "key": 0, "highway": "primary", "length_km": 0.55159836403725515, "h_neige": 19.54, "is_crit_security_social": true, "is_crit_economique": true, "quartier": "riviere_des_prairies", "scenario_1": true, "scenario_2": true, "scenario_3": true }, "geometry": { "type": "LineString", "coordinates": [ [ -73.4999527, 45.6840047 ], [ -73.4999338, 45.6840549 ], [ -73.499909, 45.6841207 ], [ -73.4996268, 45.6848685 ], [ -73.4992732, 45.6858814 ], [ -73.4992349, 45.6859912 ], [ -73.4992078, 45.686069 ], [ -73.4991971, 45.6860995 ], [ -73.4985211, 45.6880914 ], [ -73.4985098, 45.6881288 ], [ -73.4984895, 45.6881957 ], [ -73.4984618, 45.688287 ], [ -73.4984544, 45.6883113 ], [ -73.498295, 45.6888278 ] ] } },
{ "type": "Feature", "properties": { "u": 598419216, "v": 295801624, "key": 0, "highway": "primary", "length_km": 0.33824039850917109, "h_neige": 12.46, "is_crit_security_social": true, "is_crit_economique": true, "quartier": "riviere_des_prairies", "scenario_1": true, "scenario_2": true, "scenario_3": true }, "geometry": { "type": "LineString", "coordinates": [ [ -73.4999527, 45.6840047 ], [ -73.4999814, 45.6838992 ], [ -73.5000396, 45.6836855 ], [ -73.5002527, 45.6830748 ], [ -73.5003624, 45.6827606 ], [ -73.5004398, 45.6825389 ], [ -73.5004505, 45.6825081 ], [ -73.5004659, 45.6824641 ], [ -73.5004759, 45.6824355 ], [ -73.5004849, 45.6824097 ], [ -73.5004911, 45.6823919 ], [ -73.5009609, 45.6810459 ] ] } },
{ "type": "Feature", "properties": { "u": 617477418, "v": 4035259419, "key": 0, "highway": "primary", "length_km": 0.14653754121320714, "h_neige": 12.17, "is_crit_security_social": true, "is_crit_economique": true, "quartier": "riviere_des_prairies", "scenario_1": true, "scenario_2": true, "scenario_3": true }, "geometry": { "type": "LineString", "coordinates": [ [ -73.5069472, 45.6635806 ], [ -73.5068843, 45.6637705 ], [ -73.5067933, 45.6640448 ], [ -73.5066594, 45.6644489 ], [ -73.5066328, 45.6645291 ], [ -73.5065027, 45.6648611 ] ] } },
{ "type": "Feature", "properties": { "u": 617477421, "v": 4101043565, "key": 0, "highway": "primary", "length_km": 0.19091626639975134, "h_neige": 6.87, "is_crit_security_social": true, "is_crit_economique": true, "quartier": "riviere_des_prairies", "scenario_1": true, "scenario_2": true, "scenario_3": true }, "geometry": { "type": "LineString", "coordinates": [ [ -73.5119972, 45.6644058 ], [ -73.5121106, 45.6643522 ], [ -73.5137151, 45.6635726 ], [ -73.5139164, 45.663472 ], [ -73.5140121, 45.6634235 ] ] } },
{ "type": "Feature", "properties": { "u": 617477428, "v": 617477429, "key": 0, "highway": "residential", "length_km": 0.21350352659251831, "h_neige": 7.67, "is_crit_security_social": true, "is_crit_economique": false, "quartier": "riviere_des_prairies", "scenario_1": true, "scenario_2": false, "scenario_3": true }, "geometry": { "type": "LineString", "coordinates": [ [ -73.4960204, 45.6707891 ], [ -73.4986905, 45.6712424 ] ] } },
{ "type": "Feature", "properties": { "u": 617477428, "v": 295801587, "key": 0, "highway": "residential", "length_km": 0.15756335940965199, "h_neige": 10.96, "is_crit_security_social": true, "is_crit_economique": false, "quartier": "riviere_des_prairies", "scenario_1": true, "scenario_2": false, "scenario_3": true }, "geometry": { "type": "LineString", "coordinates": [ [ -73.4960204, 45.6707891 ], [ -73.4956187, 45.6707223 ], [ -73.4954858, 45.6707002 ], [ -73.4952586, 45.6706624 ], [ -73.4942822, 45.6705 ], [ -73.494047, 45.6704631 ] ] } },
{ "type": "Feature", "properties": { "u": 617477428, "v": 295801546, "key": 0, "highway": "residential", "length_km": 0.084539226567397194, "h_neige": 5.66, "is_crit_security_social": true, "is_crit_economique": false, "quartier": "riviere_des_prairies", "scenario_1": true, "scenario_2": false, "scenario_3": true }, "geometry": { "type": "LineString", "coordinates": [ [ -73.4960204, 45.6707891 ], [ -73.4960156, 45.6706133 ], [ -73.496014, 45.6703185 ], [ -73.4959886, 45.6700294 ] ] } },
{ "type": "Feature", "properties": { "u": 617477428, "v": 295801561, "key": 0, "highway": "residential", "length_km": 0.08017452758855062, "h_neige": 10.61, "is_crit_security_social": true, "is_crit_economique": false, "quartier": "riviere_des_prairies", "scenario_1": true, "scenario_2": false, "scenario_3": true }, "geometry": { "type": "LineString", "coordinates": [ [ -73.4960204, 45.6707891 ], [ -73.4960098, 45.6708721 ], [ -73.4958403, 45.6714987 ] ] } },
{ "type": "Feature", "properties": { "u": 617477429, "v": 617477428, "key": 0, "highway": "residential", "length_km": 0.21350352659251831, "h_neige": 3.62, "is_crit_security_social": true, "is_crit_economique": false, "quartier": "riviere_des_prairies", "scenario_1": true, "scenario_2": false, "scenario_3": true }, "geometry": { "type": "LineString", "coordinates": [ [ -73.4986905, 45.6712424 ], [ -73.4960204, 45.6707891 ] ] } },
{ "type": "Feature", "properties": { "u": 617477430, "v": 295801561, "key": 0, "highway": "residential", "length_km": 0.20848052776154105, "h_neige": 5.65, "is_crit_security_social": true, "is_crit_economique": false, "quartier": "riviere_des_prairies", "scenario_1": true, "scenario_2": false, "scenario_3": true }, "geometry": { "type": "LineString", "coordinates": [ [ -73.4984445, 45.6719502 ], [ -73.4958403, 45.6714987 ] ] } },
{ "type": "Feature", "properties": { "u": 617477431, "v": 295801599, "key": 0, "highway": "residential", "length_km": 0.20892054209254743, "h_neige": 7.73, "is_crit_security_social": true, "is_crit_economique": false, "quartier": "riviere_des_prairies", "scenario_1": true, "scenario_2": false, "scenario_3": true }, "geometry": { "type": "LineString", "coordinates": [ [ -73.4982307, 45.672584 ], [ -73.4956187, 45.672138 ] ] } },
{ "type": "Feature", "properties": { "u": 617477501, "v": 4667440701, "key": 0, "highway": "secondary", "length_km": 0.082625644412099353, "h_neige": 2.35, "is_crit_security_social": true, "is_crit_economique": true, "quartier": "riviere_des_prairies", "scenario_1": true, "scenario_2": true, "scenario_3": true }, "geometry": { "type": "LineString", "coordinates": [ [ -73.4938272, 45.6635955 ], [ -73.4938581, 45.6637171 ], [ -73.4939258, 45.6639911 ], [ -73.4940014, 45.6643285 ] ] } },
{ "type": "Feature", "properties": { "u": 617477501, "v": 295801380, "key": 0, "highway": "secondary", "length_km": 0.093498890618942065, "h_neige": 2.46, "is_crit_security_social": true, "is_crit_economique": true, "quartier": "riviere_des_prairies", "scenario_1": true, "scenario_2": true, "scenario_3": true }, "geometry": { "type": "LineString", "coordinates": [ [ -73.4938272, 45.6635955 ], [ -73.4938033, 45.663501 ], [ -73.4936373, 45.6627652 ] ] } },
{ "type": "Feature", "properties": { "u": 620809759, "v": 297623827, "key": 0, "highway": "residential", "length_km": 0.23859454977900021, "h_neige": 6.09, "is_crit_security_social": true, "is_crit_economique": false, "quartier": "riviere_des_prairies", "scenario_1": true, "scenario_2": false, "scenario_3": true }, "geometry": { "type": "LineString", "coordinates": [ [ -73.4892309, 45.6898077 ], [ -73.4893256, 45.6898228 ], [ -73.4894012, 45.6898349 ], [ -73.4922303, 45.6902706 ] ] } },
{ "type": "Feature", "properties": { "u": 620809759, "v": 623324627, "key": 0, "highway": "secondary", "length_km": 0.080993769241000685, "h_neige": 7.8, "is_crit_security_social": true, "is_crit_economique": true, "quartier": "riviere_des_prairies", "scenario_1": true, "scenario_2": true, "scenario_3": true }, "geometry": { "type": "LineString", "coordinates": [ [ -73.4892309, 45.6898077 ], [ -73.4892157, 45.6898621 ], [ -73.489055, 45.6904372 ], [ -73.4890481, 45.6904611 ], [ -73.4890304, 45.6905225 ] ] } },
{ "type": "Feature", "properties": { "u": 620809759, "v": 620809843, "key": 0, "highway": "secondary", "length_km": 0.088454562440360332, "h_neige": 7.3, "is_crit_security_social": true, "is_crit_economique": true, "quartier": "riviere_des_prairies", "scenario_1": true, "scenario_2": true, "scenario_3": true }, "geometry": { "type": "LineString", "coordinates": [ [ -73.4892309, 45.6898077 ], [ -73.489248, 45.6897472 ], [ -73.4894194, 45.6891413 ], [ -73.4894277, 45.6891096 ], [ -73.4894494, 45.689027 ] ] } },
{ "type": "Feature", "properties": { "u": 620809759, "v": 297623828, "key": 0, "highway": "residential", "length_km": 0.27322490638709429, "h_neige": 9.82, "is_crit_security_social": true, "is_crit_economique": false, "quartier": "riviere_des_prairies", "scenario_1": true, "scenario_2": false, "scenario_3": true }, "geometry": { "type": "LineString", "coordinates": [ [ -73.4892309, 45.6898077 ], [ -73.4891338, 45.6897924 ], [ -73.4890674, 45.689782 ], [ -73.4859502, 45.6893038 ], [ -73.4858725, 45.6892919 ], [ -73.4857954, 45.6892801 ] ] } },
{ "type": "Feature", "properties": { "u": 620809764, "v": 620809843, "key": 0, "highway": "secondary", "length_km": 0.088442621350554126, "h_neige": 5.76, "is_crit_security_social": true, "is_crit_economique": true, "quartier": "riviere_des_prairies", "scenario_1": true, "scenario_2": true, "scenario_3": true }, "geometry": { "type": "LineString", "coordinates": [ [ -73.4896589, 45.6882452 ], [ -73.4896428, 45.6883051 ], [ -73.4894783, 45.6889152 ], [ -73.4894731, 45.6889355 ], [ -73.4894494, 45.689027 ] ] } },
{ "type": "Feature", "properties": { "u": 620809764, "v": 297622966, "key": 0, "highway": "secondary", "length_km": 0.081574767715930335, "h_neige": 1.1, "is_crit_security_social": true, "is_crit_economique": true, "quartier": "riviere_des_prairies", "scenario_1": true, "scenario_2": true, "scenario_3": true }, "geometry": { "type": "LineString", "coordinates": [ [ -73.4896589, 45.6882452 ], [ -73.4896757, 45.6881843 ], [ -73.4898581, 45.6875249 ] ] } },
{ "type": "Feature", "properties": { "u": 620809843, "v": 620809764, "key": 0, "highway": "secondary", "length_km": 0.088442621350554126, "h_neige": 10.46, "is_crit_security_social": true, "is_crit_economique": true, "quartier": "riviere_des_prairies", "scenario_1": true, "scenario_2": true, "scenario_3": true }, "geometry": { "type": "LineString", "coordinates": [ [ -73.4894494, 45.689027 ], [ -73.4894731, 45.6889355 ], [ -73.4894783, 45.6889152 ], [ -73.4896428, 45.6883051 ], [ -73.4896589, 45.6882452 ] ] } },
{ "type": "Feature", "properties": { "u": 620809843, "v": 4503806282, "key": 0, "highway": "residential", "length_km": 0.27880586933151463, "h_neige": 15.17, "is_crit_security_social": true, "is_crit_economique": false, "quartier": "riviere_des_prairies", "scenario_1": true, "scenario_2": false, "scenario_3": true }, "geometry": { "type": "LineString", "coordinates": [ [ -73.4894494, 45.689027 ], [ -73.4895419, 45.6890709 ], [ -73.4895787, 45.6890883 ], [ -73.4925055, 45.6895458 ], [ -73.492627, 45.6895648 ], [ -73.4927592, 45.6895865 ], [ -73.4929286, 45.6896131 ] ] } },
{ "type": "Feature", "properties": { "u": 620809843, "v": 620809759, "key": 0, "highway": "secondary", "length_km": 0.088454562440360318, "h_neige": 5.88, "is_crit_security_social": true, "is_crit_economique": true, "quartier": "riviere_des_prairies", "scenario_1": true, "scenario_2": true, "scenario_3": true }, "geometry": { "type": "LineString", "coordinates": [ [ -73.4894494, 45.689027 ], [ -73.4894277, 45.6891096 ], [ -73.4894194, 45.6891413 ], [ -73.489248, 45.6897472 ], [ -73.4892309, 45.6898077 ] ] } },
{ "type": "Feature", "properties": { "u": 620814333, "v": 623509919, "key": 0, "highway": "secondary", "length_km": 0.085432184758701998, "h_neige": 7.42, "is_crit_security_social": true, "is_crit_economique": true, "quartier": "riviere_des_prairies", "scenario_1": true, "scenario_2": true, "scenario_3": true }, "geometry": { "type": "LineString", "coordinates": [ [ -73.4937635, 45.671623 ], [ -73.4935739, 45.6723798 ] ] } },
{ "type": "Feature", "properties": { "u": 620814333, "v": 297622193, "key": 0, "highway": "secondary", "length_km": 0.086338619723262844, "h_neige": 9.04, "is_crit_security_social": true, "is_crit_economique": true, "quartier": "riviere_des_prairies", "scenario_1": true, "scenario_2": true, "scenario_3": true }, "geometry": { "type": "LineString", "coordinates": [ [ -73.4937635, 45.671623 ], [ -73.493947, 45.6708572 ] ] } },
{ "type": "Feature", "properties": { "u": 620814333, "v": 297622192, "key": 0, "highway": "residential", "length_km": 0.14419103182896501, "h_neige": 15.68, "is_crit_security_social": true, "is_crit_economique": false, "quartier": "riviere_des_prairies", "scenario_1": true, "scenario_2": false, "scenario_3": true }, "geometry": { "type": "LineString", "coordinates": [ [ -73.4937635, 45.671623 ], [ -73.4936304, 45.6715953 ], [ -73.4919636, 45.6713077 ] ] } },
{ "type": "Feature", "properties": { "u": 620814333, "v": 623509921, "key": 0, "highway": "residential", "length_km": 0.20077916366597548, "h_neige": 1.37, "is_crit_security_social": true, "is_crit_economique": false, "quartier": "riviere_des_prairies", "scenario_1": true, "scenario_2": false, "scenario_3": true }, "geometry": { "type": "LineString", "coordinates": [ [ -73.4937635, 45.671623 ], [ -73.4939097, 45.6716529 ], [ -73.4951411, 45.6718573 ], [ -73.4951874, 45.6718726 ], [ -73.495203, 45.6718847 ], [ -73.4952158, 45.6718946 ], [ -73.4952331, 45.6719224 ], [ -73.4952337, 45.6719577 ], [ -73.4950115, 45.6726236 ] ] } },
{ "type": "Feature", "properties": { "u": 620814341, "v": 297622542, "key": 0, "highway": "secondary", "length_km": 0.070214165386099647, "h_neige": 11.48, "is_crit_security_social": true, "is_crit_economique": true, "quartier": "riviere_des_prairies", "scenario_1": true, "scenario_2": true, "scenario_3": true }, "geometry": { "type": "LineString", "coordinates": [ [ -73.4923697, 45.6779724 ], [ -73.4922523, 45.6785985 ] ] } },
{ "type": "Feature", "properties": { "u": 620814341, "v": 297622385, "key": 0, "highway": "secondary", "length_km": 0.069687682305704768, "h_neige": 13.82, "is_crit_security_social": true, "is_crit_economique": true, "quartier": "riviere_des_prairies", "scenario_1": true, "scenario_2": true, "scenario_3": true }, "geometry": { "type": "LineString", "coordinates": [ [ -73.4923697, 45.6779724 ], [ -73.4924735, 45.6774018 ], [ -73.492484, 45.6773508 ] ] } },
{ "type": "Feature", "properties": { "u": 620815773, "v": 295076277, "key": 0, "highway": "secondary", "length_km": 0.091802970306755702, "h_neige": 18.56, "is_crit_security_social": true, "is_crit_economique": true, "quartier": "riviere_des_prairies", "scenario_1": true, "scenario_2": true, "scenario_3": true }, "geometry": { "type": "LineString", "coordinates": [ [ -73.4925999, 45.6585149 ], [ -73.4923333, 45.6577106 ] ] } },
{ "type": "Feature", "properties": { "u": 620815773, "v": 295801352, "key": 0, "highway": "secondary", "length_km": 0.24670603079301187, "h_neige": 10.86, "is_crit_security_social": true, "is_crit_economique": true, "quartier": "riviere_des_prairies", "scenario_1": true, "scenario_2": true, "scenario_3": true }, "geometry": { "type": "LineString", "coordinates": [ [ -73.4925999, 45.6585149 ], [ -73.4927228, 45.6589147 ], [ -73.4928224, 45.6592969 ], [ -73.4930828, 45.6603434 ], [ -73.4931626, 45.6606981 ] ] } },
{ "type": "Feature", "properties": { "u": 621015579, "v": 595748567, "key": 0, "highway": "secondary", "length_km": 0.088351176008241536, "h_neige": 2.88, "is_crit_security_social": true, "is_crit_economique": true, "quartier": "riviere_des_prairies", "scenario_1": true, "scenario_2": true, "scenario_3": true }, "geometry": { "type": "LineString", "coordinates": [ [ -73.519137, 45.6669949 ], [ -73.5190599, 45.6665904 ], [ -73.5189662, 45.6662095 ] ] } },
{ "type": "Feature", "properties": { "u": 621016672, "v": 621016675, "key": 0, "highway": "primary", "length_km": 0.01207551544371082, "h_neige": 10.78, "is_crit_security_social": true, "is_crit_economique": true, "quartier": "riviere_des_prairies", "scenario_1": true, "scenario_2": true, "scenario_3": true }, "geometry": { "type": "LineString", "coordinates": [ [ -73.5049055, 45.6692994 ], [ -73.5048867, 45.6694072 ] ] } },
{ "type": "Feature", "properties": { "u": 621016675, "v": 224826112, "key": 0, "highway": "primary", "length_km": 0.13391113829054965, "h_neige": 10.31, "is_crit_security_social": true, "is_crit_economique": true, "quartier": "riviere_des_prairies", "scenario_1": true, "scenario_2": true, "scenario_3": true }, "geometry": { "type": "LineString", "coordinates": [ [ -73.5048867, 45.6694072 ], [ -73.504873, 45.6694657 ], [ -73.5047885, 45.6698205 ], [ -73.5047366, 45.6700488 ], [ -73.5046077, 45.6705956 ] ] } },
{ "type": "Feature", "properties": { "u": 621016693, "v": 621016696, "key": 0, "highway": "primary", "length_km": 0.011642939988908261, "h_neige": 1.91, "is_crit_security_social": true, "is_crit_economique": true, "quartier": "riviere_des_prairies", "scenario_1": true, "scenario_2": true, "scenario_3": true }, "geometry": { "type": "LineString", "coordinates": [ [ -73.5052215, 45.6694618 ], [ -73.5052823, 45.6693661 ] ] } },
{ "type": "Feature", "properties": { "u": 621016696, "v": 4035259445, "key": 0, "highway": "primary", "length_km": 0.062727171196776926, "h_neige": 2.9, "is_crit_security_social": true, "is_crit_economique": true, "quartier": "riviere_des_prairies", "scenario_1": true, "scenario_2": true, "scenario_3": true }, "geometry": { "type": "LineString", "coordinates": [ [ -73.5052823, 45.6693661 ], [ -73.5053236, 45.6693098 ], [ -73.5056163, 45.6689035 ], [ -73.5056509, 45.6688644 ] ] } },
{ "type": "Feature", "properties": { "u": 621038884, "v": 4031745343, "key": 0, "highway": "primary", "length_km": 0.67077182613791164, "h_neige": 18.91, "is_crit_security_social": true, "is_crit_economique": true, "quartier": "riviere_des_prairies", "scenario_1": true, "scenario_2": true, "scenario_3": true }, "geometry": { "type": "LineString", "coordinates": [ [ -73.5285881, 45.6561783 ], [ -73.5301018, 45.6554309 ], [ -73.531124, 45.6549347 ], [ -73.5322055, 45.6544096 ], [ -73.5322643, 45.6543811 ], [ -73.5323739, 45.6543279 ], [ -73.5324526, 45.6542891 ], [ -73.5330213, 45.6540084 ], [ -73.5348834, 45.6531043 ], [ -73.5356494, 45.6527105 ] ] } },
{ "type": "Feature", "properties": { "u": 623324599, "v": 282596731, "key": 0, "highway": "residential", "length_km": 0.071465528451777366, "h_neige": 15.32, "is_crit_security_social": true, "is_crit_economique": false, "quartier": "riviere_des_prairies", "scenario_1": true, "scenario_2": false, "scenario_3": true }, "geometry": { "type": "LineString", "coordinates": [ [ -73.5061945, 45.6432735 ], [ -73.506366, 45.6427643 ], [ -73.5064033, 45.6426476 ] ] } },
{ "type": "Feature", "properties": { "u": 623324616, "v": 224843651, "key": 0, "highway": "tertiary", "length_km": 0.10188541489698147, "h_neige": 9.61, "is_crit_security_social": true, "is_crit_economique": true, "quartier": "riviere_des_prairies", "scenario_1": true, "scenario_2": true, "scenario_3": true }, "geometry": { "type": "LineString", "coordinates": [ [ -73.4956459, 45.667748 ], [ -73.4956027, 45.6677404 ], [ -73.4955586, 45.6677328 ], [ -73.4952779, 45.6676847 ], [ -73.4945412, 45.6675571 ], [ -73.4945175, 45.667553 ], [ -73.4943689, 45.6675582 ] ] } },
{ "type": "Feature", "properties": { "u": 623324627, "v": 12107087535, "key": 0, "highway": "secondary", "length_km": 0.15144229181336008, "h_neige": 16.93, "is_crit_security_social": true, "is_crit_economique": true, "quartier": "riviere_des_prairies", "scenario_1": true, "scenario_2": true, "scenario_3": true }, "geometry": { "type": "LineString", "coordinates": [ [ -73.4890304, 45.6905225 ], [ -73.4890127, 45.6905864 ], [ -73.4890066, 45.6906083 ], [ -73.4886793, 45.6918047 ], [ -73.4886641, 45.6918602 ] ] } },
{ "type": "Feature", "properties": { "u": 623324627, "v": 620809759, "key": 0, "highway": "secondary", "length_km": 0.080993769241000685, "h_neige": 13.48, "is_crit_security_social": true, "is_crit_economique": true, "quartier": "riviere_des_prairies", "scenario_1": true, "scenario_2": true, "scenario_3": true }, "geometry": { "type": "LineString", "coordinates": [ [ -73.4890304, 45.6905225 ], [ -73.4890481, 45.6904611 ], [ -73.489055, 45.6904372 ], [ -73.4892157, 45.6898621 ], [ -73.4892309, 45.6898077 ] ] } },
{ "type": "Feature", "properties": { "u": 623324627, "v": 297623824, "key": 0, "highway": "residential", "length_km": 0.081567914746597317, "h_neige": 11.65, "is_crit_security_social": true, "is_crit_economique": false, "quartier": "riviere_des_prairies", "scenario_1": true, "scenario_2": false, "scenario_3": true }, "geometry": { "type": "LineString", "coordinates": [ [ -73.4890304, 45.6905225 ], [ -73.4891275, 45.6905372 ], [ -73.489165, 45.6905429 ], [ -73.4900548, 45.6906839 ] ] } },
{ "type": "Feature", "properties": { "u": 623324627, "v": 297623806, "key": 0, "highway": "residential", "length_km": 0.16078891091719885, "h_neige": 6.06, "is_crit_security_social": true, "is_crit_economique": false, "quartier": "riviere_des_prairies", "scenario_1": true, "scenario_2": false, "scenario_3": true }, "geometry": { "type": "LineString", "coordinates": [ [ -73.4890304, 45.6905225 ], [ -73.4889362, 45.6905085 ], [ -73.4888941, 45.6905022 ], [ -73.4870081, 45.6902137 ] ] } },
{ "type": "Feature", "properties": { "u": 623509905, "v": 295801355, "key": 0, "highway": "secondary", "length_km": 0.1123003149175727, "h_neige": 3.98, "is_crit_security_social": true, "is_crit_economique": true, "quartier": "riviere_des_prairies", "scenario_1": true, "scenario_2": true, "scenario_3": true }, "geometry": { "type": "LineString", "coordinates": [ [ -73.4932016, 45.6608613 ], [ -73.4934268, 45.6618589 ] ] } },
{ "type": "Feature", "properties": { "u": 623509905, "v": 295801352, "key": 0, "highway": "secondary", "length_km": 0.018398401924631692, "h_neige": 6.1, "is_crit_security_social": true, "is_crit_economique": true, "quartier": "riviere_des_prairies", "scenario_1": true, "scenario_2": true, "scenario_3": true }, "geometry": { "type": "LineString", "coordinates": [ [ -73.4932016, 45.6608613 ], [ -73.4931626, 45.6606981 ] ] } },
{ "type": "Feature", "properties": { "u": 623509919, "v": 620814333, "key": 0, "highway": "secondary", "length_km": 0.085432184758701998, "h_neige": 17.41, "is_crit_security_social": true, "is_crit_economique": true, "quartier": "riviere_des_prairies", "scenario_1": true, "scenario_2": true, "scenario_3": true }, "geometry": { "type": "LineString", "coordinates": [ [ -73.4935739, 45.6723798 ], [ -73.4937635, 45.671623 ] ] } },
{ "type": "Feature", "properties": { "u": 623509919, "v": 623509921, "key": 0, "highway": "residential", "length_km": 0.11494239109940026, "h_neige": 19.43, "is_crit_security_social": true, "is_crit_economique": false, "quartier": "riviere_des_prairies", "scenario_1": true, "scenario_2": false, "scenario_3": true }, "geometry": { "type": "LineString", "coordinates": [ [ -73.4935739, 45.6723798 ], [ -73.4937278, 45.6724067 ], [ -73.4950115, 45.6726236 ] ] } },
{ "type": "Feature", "properties": { "u": 623509919, "v": 12128832421, "key": 0, "highway": "residential", "length_km": 0.075618652972242684, "h_neige": 14.64, "is_crit_security_social": true, "is_crit_economique": false, "quartier": "riviere_des_prairies", "scenario_1": true, "scenario_2": false, "scenario_3": true }, "geometry": { "type": "LineString", "coordinates": [ [ -73.4935739, 45.6723798 ], [ -73.4927403, 45.672241 ], [ -73.49265, 45.6721898 ] ] } },
{ "type": "Feature", "properties": { "u": 623509919, "v": 297622249, "key": 0, "highway": "secondary", "length_km": 0.081985891130007094, "h_neige": 18.72, "is_crit_security_social": true, "is_crit_economique": true, "quartier": "riviere_des_prairies", "scenario_1": true, "scenario_2": true, "scenario_3": true }, "geometry": { "type": "LineString", "coordinates": [ [ -73.4935739, 45.6723798 ], [ -73.4934442, 45.6728242 ], [ -73.4933942, 45.6730208 ], [ -73.4933889, 45.6730437 ], [ -73.4933749, 45.6731038 ] ] } },
{ "type": "Feature", "properties": { "u": 623509921, "v": 290233367, "key": 0, "highway": "residential", "length_km": 0.04606730658945065, "h_neige": 18.62, "is_crit_security_social": true, "is_crit_economique": false, "quartier": "riviere_des_prairies", "scenario_1": true, "scenario_2": false, "scenario_3": true }, "geometry": { "type": "LineString", "coordinates": [ [ -73.4950115, 45.6726236 ], [ -73.494884, 45.6730282 ] ] } },
{ "type": "Feature", "properties": { "u": 623509921, "v": 623509919, "key": 0, "highway": "residential", "length_km": 0.11494239109940026, "h_neige": 0.41, "is_crit_security_social": true, "is_crit_economique": false, "quartier": "riviere_des_prairies", "scenario_1": true, "scenario_2": false, "scenario_3": true }, "geometry": { "type": "LineString", "coordinates": [ [ -73.4950115, 45.6726236 ], [ -73.4937278, 45.6724067 ], [ -73.4935739, 45.6723798 ] ] } },
{ "type": "Feature", "properties": { "u": 623509921, "v": 620814333, "key": 0, "highway": "residential", "length_km": 0.20077916366597548, "h_neige": 16.5, "is_crit_security_social": true, "is_crit_economique": false, "quartier": "riviere_des_prairies", "scenario_1": true, "scenario_2": false, "scenario_3": true }, "geometry": { "type": "LineString", "coordinates": [ [ -73.4950115, 45.6726236 ], [ -73.4952337, 45.6719577 ], [ -73.4952331, 45.6719224 ], [ -73.4952158, 45.6718946 ], [ -73.495203, 45.6718847 ], [ -73.4951874, 45.6718726 ], [ -73.4951411, 45.6718573 ], [ -73.4939097, 45.6716529 ], [ -73.4937635, 45.671623 ] ] } },
{ "type": "Feature", "properties": { "u": 623509930, "v": 623509936, "key": 0, "highway": "residential", "length_km": 0.095197328584905733, "h_neige": 12.43, "is_crit_security_social": true, "is_crit_economique": false, "quartier": "riviere_des_prairies", "scenario_1": true, "scenario_2": false, "scenario_3": true }, "geometry": { "type": "LineString", "coordinates": [ [ -73.4940366, 45.6744932 ], [ -73.4939779, 45.6746567 ], [ -73.4939594, 45.6746852 ], [ -73.4939275, 45.674702 ], [ -73.4938863, 45.6747093 ], [ -73.4938385, 45.6747048 ], [ -73.4932643, 45.6746091 ], [ -73.4931907, 45.6745987 ], [ -73.4931499, 45.6745931 ], [ -73.4930503, 45.6745792 ] ] } },
{ "type": "Feature", "properties": { "u": 623509936, "v": 297622262, "key": 0, "highway": "secondary", "length_km": 0.09493803947278126, "h_neige": 17.32, "is_crit_security_social": true, "is_crit_economique": true, "quartier": "riviere_des_prairies", "scenario_1": true, "scenario_2": true, "scenario_3": true }, "geometry": { "type": "LineString", "coordinates": [ [ -73.4930503, 45.6745792 ], [ -73.4928724, 45.6754239 ] ] } },
{ "type": "Feature", "properties": { "u": 623509936, "v": 297622251, "key": 0, "highway": "secondary", "length_km": 0.095821840135681624, "h_neige": 13.25, "is_crit_security_social": true, "is_crit_economique": true, "quartier": "riviere_des_prairies", "scenario_1": true, "scenario_2": true, "scenario_3": true }, "geometry": { "type": "LineString", "coordinates": [ [ -73.4930503, 45.6745792 ], [ -73.4932184, 45.6738025 ], [ -73.4932343, 45.6737271 ] ] } },
{ "type": "Feature", "properties": { "u": 623509936, "v": 623509930, "key": 0, "highway": "residential", "length_km": 0.095197328584905747, "h_neige": 1.68, "is_crit_security_social": true, "is_crit_economique": false, "quartier": "riviere_des_prairies", "scenario_1": true, "scenario_2": false, "scenario_3": true }, "geometry": { "type": "LineString", "coordinates": [ [ -73.4930503, 45.6745792 ], [ -73.4931499, 45.6745931 ], [ -73.4931907, 45.6745987 ], [ -73.4932643, 45.6746091 ], [ -73.4938385, 45.6747048 ], [ -73.4938863, 45.6747093 ], [ -73.4939275, 45.674702 ], [ -73.4939594, 45.6746852 ], [ -73.4939779, 45.6746567 ], [ -73.4940366, 45.6744932 ] ] } },
{ "type": "Feature", "properties": { "u": 623509948, "v": 297622542, "key": 0, "highway": "secondary", "length_km": 0.03071492180282832, "h_neige": 12.26, "is_crit_security_social": true, "is_crit_economique": true, "quartier": "riviere_des_prairies", "scenario_1": true, "scenario_2": true, "scenario_3": true }, "geometry": { "type": "LineString", "coordinates": [ [ -73.4922057, 45.6788728 ], [ -73.4922523, 45.6785985 ] ] } },
{ "type": "Feature", "properties": { "u": 623509948, "v": 297622544, "key": 0, "highway": "secondary", "length_km": 0.052063702640270215, "h_neige": 19.36, "is_crit_security_social": true, "is_crit_economique": true, "quartier": "riviere_des_prairies", "scenario_1": true, "scenario_2": true, "scenario_3": true }, "geometry": { "type": "LineString", "coordinates": [ [ -73.4922057, 45.6788728 ], [ -73.4921372, 45.6791886 ], [ -73.492115, 45.6792774 ], [ -73.4921006, 45.6793352 ] ] } },
{ "type": "Feature", "properties": { "u": 632182902, "v": 10916654077, "key": 0, "highway": "primary", "length_km": 0.052689497948152426, "h_neige": 10.88, "is_crit_security_social": true, "is_crit_economique": true, "quartier": "riviere_des_prairies", "scenario_1": true, "scenario_2": true, "scenario_3": true }, "geometry": { "type": "LineString", "coordinates": [ [ -73.5228738, 45.6589103 ], [ -73.523035, 45.6588265 ], [ -73.5232107, 45.6587398 ], [ -73.523337, 45.6586797 ], [ -73.5234275, 45.658637 ] ] } },
{ "type": "Feature", "properties": { "u": 632183115, "v": 305092054, "key": 0, "highway": "residential", "length_km": 0.07290761846698747, "h_neige": 2.45, "is_crit_security_social": true, "is_crit_economique": false, "quartier": "riviere_des_prairies", "scenario_1": true, "scenario_2": false, "scenario_3": true }, "geometry": { "type": "LineString", "coordinates": [ [ -73.5129294, 45.6597401 ], [ -73.5131234, 45.6590986 ] ] } },
{ "type": "Feature", "properties": { "u": 632183126, "v": 4667313108, "key": 0, "highway": "primary", "length_km": 0.081892249040759396, "h_neige": 11.2, "is_crit_security_social": true, "is_crit_economique": true, "quartier": "riviere_des_prairies", "scenario_1": true, "scenario_2": true, "scenario_3": true }, "geometry": { "type": "LineString", "coordinates": [ [ -73.5096894, 45.6555106 ], [ -73.5095604, 45.655883 ], [ -73.5094415, 45.6562264 ] ] } },
{ "type": "Feature", "properties": { "u": 632183127, "v": 4539923793, "key": 0, "highway": "primary", "length_km": 0.087168756292844041, "h_neige": 16.28, "is_crit_security_social": true, "is_crit_economique": true, "quartier": "riviere_des_prairies", "scenario_1": true, "scenario_2": true, "scenario_3": true }, "geometry": { "type": "LineString", "coordinates": [ [ -73.5099132, 45.6555347 ], [ -73.5099723, 45.6553637 ], [ -73.510062, 45.6551043 ], [ -73.5101766, 45.6547727 ] ] } },
{ "type": "Feature", "properties": { "u": 632183127, "v": 305092424, "key": 0, "highway": "residential", "length_km": 0.62477807806808594, "h_neige": 16.8, "is_crit_security_social": true, "is_crit_economique": false, "quartier": "riviere_des_prairies", "scenario_1": true, "scenario_2": false, "scenario_3": true }, "geometry": { "type": "LineString", "coordinates": [ [ -73.5099132, 45.6555347 ], [ -73.5100549, 45.6555568 ], [ -73.5108856, 45.6556868 ], [ -73.5109951, 45.6557039 ], [ -73.5110587, 45.6557138 ], [ -73.5118031, 45.6558292 ], [ -73.5124783, 45.655934 ], [ -73.5125708, 45.6559484 ], [ -73.5126352, 45.6560234 ], [ -73.5126222, 45.6560645 ], [ -73.5122489, 45.6572458 ], [ -73.5123133, 45.6573507 ], [ -73.515479, 45.6578215 ] ] } },
{ "type": "Feature", "properties": { "u": 632183298, "v": 8892226337, "key": 0, "highway": "secondary", "length_km": 0.28356008548892053, "h_neige": 9.51, "is_crit_security_social": true, "is_crit_economique": true, "quartier": "riviere_des_prairies", "scenario_1": true, "scenario_2": true, "scenario_3": true }, "geometry": { "type": "LineString", "coordinates": [ [ -73.5212868, 45.6555081 ], [ -73.5211628, 45.6556489 ], [ -73.5203584, 45.6565623 ], [ -73.5202692, 45.6566636 ], [ -73.5197143, 45.657289 ], [ -73.5195448, 45.6574803 ], [ -73.5193695, 45.6576777 ] ] } },
{ "type": "Feature", "properties": { "u": 632183814, "v": 8892969686, "key": 0, "highway": "secondary", "length_km": 0.057622381198281093, "h_neige": 2.52, "is_crit_security_social": true, "is_crit_economique": true, "quartier": "riviere_des_prairies", "scenario_1": true, "scenario_2": true, "scenario_3": true }, "geometry": { "type": "LineString", "coordinates": [ [ -73.5300282, 45.6490716 ], [ -73.5302356, 45.6491499 ], [ -73.5306805, 45.6493178 ] ] } },
{ "type": "Feature", "properties": { "u": 643967471, "v": 595752868, "key": 0, "highway": "primary", "length_km": 0.038490079258895672, "h_neige": 8.34, "is_crit_security_social": true, "is_crit_economique": true, "quartier": "riviere_des_prairies", "scenario_1": true, "scenario_2": true, "scenario_3": true }, "geometry": { "type": "LineString", "coordinates": [ [ -73.5536384, 45.643819 ], [ -73.5538835, 45.6436799 ], [ -73.5539098, 45.643666 ], [ -73.5540292, 45.6436067 ] ] } },
{ "type": "Feature", "properties": { "u": 653993004, "v": 8892349158, "key": 0, "highway": "secondary", "length_km": 0.2257304355954827, "h_neige": 8.18, "is_crit_security_social": true, "is_crit_economique": true, "quartier": "riviere_des_prairies", "scenario_1": true, "scenario_2": true, "scenario_3": true }, "geometry": { "type": "LineString", "coordinates": [ [ -73.5238033, 45.6462743 ], [ -73.5239038, 45.6463197 ], [ -73.5240629, 45.6463916 ], [ -73.5245694, 45.6466202 ], [ -73.5251895, 45.6469002 ], [ -73.5253797, 45.6469869 ], [ -73.5260661, 45.6472999 ], [ -73.5262403, 45.6473782 ] ] } },
{ "type": "Feature", "properties": { "u": 656415498, "v": 8892258629, "key": 0, "highway": "secondary", "length_km": 0.19357813133755961, "h_neige": 10.83, "is_crit_security_social": true, "is_crit_economique": true, "quartier": "riviere_des_prairies", "scenario_1": true, "scenario_2": true, "scenario_3": true }, "geometry": { "type": "LineString", "coordinates": [ [ -73.5234912, 45.6530332 ], [ -73.5221872, 45.6545164 ] ] } },
{ "type": "Feature", "properties": { "u": 656417708, "v": 656417757, "key": 0, "highway": "secondary", "length_km": 0.071045264974718872, "h_neige": 18.08, "is_crit_security_social": true, "is_crit_economique": true, "quartier": "riviere_des_prairies", "scenario_1": true, "scenario_2": true, "scenario_3": true }, "geometry": { "type": "LineString", "coordinates": [ [ -73.5800783, 45.6485642 ], [ -73.5805638, 45.6481387 ], [ -73.5806491, 45.6480652 ] ] } },
{ "type": "Feature", "properties": { "u": 656417757, "v": 596571120, "key": 0, "highway": "secondary", "length_km": 0.19600171401903818, "h_neige": 11.18, "is_crit_security_social": true, "is_crit_economique": true, "quartier": "riviere_des_prairies", "scenario_1": true, "scenario_2": true, "scenario_3": true }, "geometry": { "type": "LineString", "coordinates": [ [ -73.5806491, 45.6480652 ], [ -73.5821495, 45.646785 ], [ -73.5822462, 45.6467012 ] ] } },
{ "type": "Feature", "properties": { "u": 656429735, "v": 596643891, "key": 0, "highway": "primary", "length_km": 0.2028610443884899, "h_neige": 12.67, "is_crit_security_social": true, "is_crit_economique": true, "quartier": "riviere_des_prairies", "scenario_1": true, "scenario_2": true, "scenario_3": true }, "geometry": { "type": "LineString", "coordinates": [ [ -73.5883526, 45.6207701 ], [ -73.5888737, 45.6204212 ], [ -73.589067, 45.6202918 ], [ -73.5897572, 45.6198181 ], [ -73.5899034, 45.6197124 ], [ -73.5902168, 45.6194942 ] ] } },
{ "type": "Feature", "properties": { "u": 659460913, "v": 597658358, "key": 0, "highway": "residential", "length_km": 0.24312438806907732, "h_neige": 0.48, "is_crit_security_social": true, "is_crit_economique": false, "quartier": "riviere_des_prairies", "scenario_1": true, "scenario_2": false, "scenario_3": true }, "geometry": { "type": "LineString", "coordinates": [ [ -73.509558, 45.6412251 ], [ -73.5085708, 45.6410665 ], [ -73.5065101, 45.6407355 ] ] } },
{ "type": "Feature", "properties": { "u": 923862433, "v": 369557528, "key": 0, "highway": "secondary", "length_km": 0.043568518662323433, "h_neige": 12.89, "is_crit_security_social": true, "is_crit_economique": true, "quartier": "riviere_des_prairies", "scenario_1": true, "scenario_2": true, "scenario_3": true }, "geometry": { "type": "LineString", "coordinates": [ [ -73.4944775, 45.6405944 ], [ -73.4939321, 45.6405043 ] ] } },
{ "type": "Feature", "properties": { "u": 923862524, "v": 4035259430, "key": 0, "highway": "primary", "length_km": 0.023255294129125501, "h_neige": 1.11, "is_crit_security_social": true, "is_crit_economique": true, "quartier": "riviere_des_prairies", "scenario_1": true, "scenario_2": true, "scenario_3": true }, "geometry": { "type": "LineString", "coordinates": [ [ -73.5050529, 45.6685814 ], [ -73.5050102, 45.6687884 ] ] } },
{ "type": "Feature", "properties": { "u": 923866353, "v": 387222120, "key": 0, "highway": "secondary", "length_km": 0.083094358384942738, "h_neige": 10.76, "is_crit_security_social": true, "is_crit_economique": true, "quartier": "riviere_des_prairies", "scenario_1": true, "scenario_2": true, "scenario_3": true }, "geometry": { "type": "LineString", "coordinates": [ [ -73.4899863, 45.6413005 ], [ -73.4899672, 45.6413998 ], [ -73.4899531, 45.6415013 ], [ -73.4899517, 45.6415112 ], [ -73.4899035, 45.6419831 ], [ -73.4898995, 45.6420451 ] ] } },
{ "type": "Feature", "properties": { "u": 923866353, "v": 224843590, "key": 0, "highway": "secondary", "length_km": 0.14747858687909268, "h_neige": 18.87, "is_crit_security_social": true, "is_crit_economique": true, "quartier": "riviere_des_prairies", "scenario_1": true, "scenario_2": true, "scenario_3": true }, "geometry": { "type": "LineString", "coordinates": [ [ -73.4899863, 45.6413005 ], [ -73.4899992, 45.6412302 ], [ -73.4900411, 45.6409574 ], [ -73.4900527, 45.640896 ], [ -73.490103, 45.6406302 ], [ -73.4901275, 45.6405166 ], [ -73.4902211, 45.6400818 ], [ -73.4902341, 45.6399858 ] ] } },
{ "type": "Feature", "properties": { "u": 950760884, "v": 282597769, "key": 0, "highway": "tertiary", "length_km": 0.078231203993055706, "h_neige": 9.84, "is_crit_security_social": true, "is_crit_economique": true, "quartier": "riviere_des_prairies", "scenario_1": true, "scenario_2": true, "scenario_3": true }, "geometry": { "type": "LineString", "coordinates": [ [ -73.491219, 45.6975148 ], [ -73.4912767, 45.69751 ], [ -73.4913345, 45.6975003 ], [ -73.4913729, 45.6974893 ], [ -73.491406, 45.6974799 ], [ -73.4917587, 45.697361 ], [ -73.4918848, 45.6973188 ], [ -73.4919335, 45.6973015 ], [ -73.4919698, 45.6972946 ], [ -73.4919875, 45.6972912 ], [ -73.4920432, 45.6972847 ], [ -73.4921563, 45.6972749 ] ] } },
{ "type": "Feature", "properties": { "u": 1262898543, "v": 595756360, "key": 0, "highway": "tertiary", "length_km": 0.14639488324770991, "h_neige": 6.02, "is_crit_security_social": true, "is_crit_economique": true, "quartier": "riviere_des_prairies", "scenario_1": true, "scenario_2": true, "scenario_3": true }, "geometry": { "type": "LineString", "coordinates": [ [ -73.5767181, 45.6471187 ], [ -73.5756592, 45.6461427 ], [ -73.5755826, 45.6460684 ] ] } },
{ "type": "Feature", "properties": { "u": 1314049471, "v": 224991801, "key": 0, "highway": "secondary", "length_km": 0.079100733820555463, "h_neige": 16.74, "is_crit_security_social": true, "is_crit_economique": true, "quartier": "riviere_des_prairies", "scenario_1": true, "scenario_2": true, "scenario_3": true }, "geometry": { "type": "LineString", "coordinates": [ [ -73.6119377, 45.6293653 ], [ -73.6118674, 45.6294352 ], [ -73.6116603, 45.6295803 ], [ -73.6113614, 45.6297881 ], [ -73.6113164, 45.629819 ], [ -73.6112268, 45.629872 ] ] } },
{ "type": "Feature", "properties": { "u": 1314049471, "v": 1314049541, "key": 0, "highway": "secondary", "length_km": 0.95160433201554484, "h_neige": 18.11, "is_crit_security_social": true, "is_crit_economique": true, "quartier": "riviere_des_prairies", "scenario_1": true, "scenario_2": true, "scenario_3": true }, "geometry": { "type": "LineString", "coordinates": [ [ -73.6119377, 45.6293653 ], [ -73.6118941, 45.6293279 ], [ -73.6118531, 45.6292926 ], [ -73.6118335, 45.6292758 ], [ -73.6116433, 45.6290979 ], [ -73.6101349, 45.627679 ], [ -73.6087157, 45.6263436 ], [ -73.608086, 45.6257522 ], [ -73.606681, 45.6244325 ], [ -73.6063014, 45.6240686 ], [ -73.6056622, 45.6234712 ], [ -73.6047323, 45.622593 ], [ -73.6047122, 45.6225726 ], [ -73.6046865, 45.6225496 ], [ -73.6046345, 45.6224987 ] ] } },
{ "type": "Feature", "properties": { "u": 1314049520, "v": 8875271136, "key": 0, "highway": "secondary", "length_km": 0.32526217084100095, "h_neige": 15.08, "is_crit_security_social": true, "is_crit_economique": true, "quartier": "riviere_des_prairies", "scenario_1": true, "scenario_2": true, "scenario_3": true }, "geometry": { "type": "LineString", "coordinates": [ [ -73.6044944, 45.622371 ], [ -73.604458, 45.6223371 ], [ -73.6044266, 45.622308 ], [ -73.6040332, 45.6219391 ], [ -73.6030668, 45.6210221 ], [ -73.6021565, 45.6201683 ], [ -73.6019986, 45.6200238 ] ] } },
{ "type": "Feature", "properties": { "u": 1314049541, "v": 1314049520, "key": 0, "highway": "secondary", "length_km": 0.01789794705136331, "h_neige": 9.18, "is_crit_security_social": true, "is_crit_economique": true, "quartier": "riviere_des_prairies", "scenario_1": true, "scenario_2": true, "scenario_3": true }, "geometry": { "type": "LineString", "coordinates": [ [ -73.6046345, 45.6224987 ], [ -73.6044944, 45.622371 ] ] } },
{ "type": "Feature", "properties": { "u": 1314049547, "v": 1314049471, "key": 0, "highway": "secondary", "length_km": 0.01645045637910791, "h_neige": 1.68, "is_crit_security_social": true, "is_crit_economique": true, "quartier": "riviere_des_prairies", "scenario_1": true, "scenario_2": true, "scenario_3": true }, "geometry": { "type": "LineString", "coordinates": [ [ -73.6120632, 45.6294844 ], [ -73.6119377, 45.6293653 ] ] } },
{ "type": "Feature", "properties": { "u": 1314049547, "v": 286753009, "key": 0, "highway": "secondary", "length_km": 0.32920175816062897, "h_neige": 11.68, "is_crit_security_social": true, "is_crit_economique": true, "quartier": "riviere_des_prairies", "scenario_1": true, "scenario_2": true, "scenario_3": true }, "geometry": { "type": "LineString", "coordinates": [ [ -73.6120632, 45.6294844 ], [ -73.612164, 45.6294167 ], [ -73.6121831, 45.6294045 ], [ -73.6124262, 45.6292362 ], [ -73.6124923, 45.6291864 ], [ -73.6125658, 45.6291298 ], [ -73.6126601, 45.6290546 ], [ -73.6127544, 45.628981 ], [ -73.6128505, 45.628905 ], [ -73.6129397, 45.6288387 ], [ -73.6130301, 45.6287753 ], [ -73.613232, 45.6286371 ], [ -73.6139042, 45.6281724 ], [ -73.6146498, 45.6276542 ], [ -73.6149507, 45.6274475 ], [ -73.6149749, 45.6274296 ], [ -73.6150052, 45.6274071 ], [ -73.6150407, 45.6273809 ] ] } },
{ "type": "Feature", "properties": { "u": 2305542058, "v": 224843836, "key": 0, "highway": "primary", "length_km": 0.058829996213183418, "h_neige": 17.47, "is_crit_security_social": true, "is_crit_economique": true, "quartier": "riviere_des_prairies", "scenario_1": true, "scenario_2": true, "scenario_3": true }, "geometry": { "type": "LineString", "coordinates": [ [ -73.483821, 45.6998389 ], [ -73.4839259, 45.6995979 ], [ -73.4840611, 45.6993373 ] ] } },
{ "type": "Feature", "properties": { "u": 2328418640, "v": 224826155, "key": 0, "highway": "primary", "length_km": 0.087489162133151235, "h_neige": 4.3, "is_crit_security_social": true, "is_crit_economique": true, "quartier": "riviere_des_prairies", "scenario_1": true, "scenario_2": true, "scenario_3": true }, "geometry": { "type": "LineString", "coordinates": [ [ -73.505718, 45.6687885 ], [ -73.5058406, 45.6686498 ], [ -73.5059006, 45.6685819 ], [ -73.5061499, 45.6682999 ], [ -73.5063097, 45.6681191 ] ] } },
{ "type": "Feature", "properties": { "u": 2328418657, "v": 224826093, "key": 0, "highway": "primary", "length_km": 0.17543954355461738, "h_neige": 16.65, "is_crit_security_social": true, "is_crit_economique": true, "quartier": "riviere_des_prairies", "scenario_1": true, "scenario_2": true, "scenario_3": true }, "geometry": { "type": "LineString", "coordinates": [ [ -73.505809, 45.6663089 ], [ -73.5054887, 45.667216 ], [ -73.5052818, 45.667843 ] ] } },
{ "type": "Feature", "properties": { "u": 2328418671, "v": 2328418657, "key": 0, "highway": "primary", "length_km": 0.095629294924613861, "h_neige": 19.88, "is_crit_security_social": true, "is_crit_economique": true, "quartier": "riviere_des_prairies", "scenario_1": true, "scenario_2": true, "scenario_3": true }, "geometry": { "type": "LineString", "coordinates": [ [ -73.5061339, 45.6654794 ], [ -73.5060975, 45.6655722 ], [ -73.505956, 45.6659335 ], [ -73.5058631, 45.6661708 ], [ -73.505809, 45.6663089 ] ] } },
{ "type": "Feature", "properties": { "u": 2388532737, "v": 8875463718, "key": 0, "highway": "primary", "length_km": 0.29140413586850294, "h_neige": 10.71, "is_crit_security_social": true, "is_crit_economique": true, "quartier": "riviere_des_prairies", "scenario_1": true, "scenario_2": true, "scenario_3": true }, "geometry": { "type": "LineString", "coordinates": [ [ -73.5944088, 45.6166351 ], [ -73.5945913, 45.6165095 ], [ -73.5947312, 45.6164125 ], [ -73.5949309, 45.6162769 ], [ -73.595273, 45.616047 ], [ -73.5960851, 45.6154865 ], [ -73.5961495, 45.6154439 ], [ -73.5962442, 45.6153811 ], [ -73.5964003, 45.6152778 ], [ -73.5965111, 45.6152086 ], [ -73.5966589, 45.6151147 ], [ -73.5968049, 45.6150285 ], [ -73.5971391, 45.6148429 ] ] } },
{ "type": "Feature", "properties": { "u": 2388532789, "v": 2388532737, "key": 0, "highway": "primary", "length_km": 0.046786793820900272, "h_neige": 15.94, "is_crit_security_social": true, "is_crit_economique": true, "quartier": "riviere_des_prairies", "scenario_1": true, "scenario_2": true, "scenario_3": true }, "geometry": { "type": "LineString", "coordinates": [ [ -73.5939824, 45.6169319 ], [ -73.5941811, 45.6167936 ], [ -73.5944088, 45.6166351 ] ] } },
{ "type": "Feature", "properties": { "u": 2388532869, "v": 224911362, "key": 0, "highway": "primary", "length_km": 0.14894421812255351, "h_neige": 18.93, "is_crit_security_social": true, "is_crit_economique": true, "quartier": "riviere_des_prairies", "scenario_1": true, "scenario_2": true, "scenario_3": true }, "geometry": { "type": "LineString", "coordinates": [ [ -73.5975194, 45.614637 ], [ -73.5976868, 45.6145535 ], [ -73.5980644, 45.6143686 ], [ -73.5985936, 45.6141214 ], [ -73.5987567, 45.6140442 ], [ -73.5989946, 45.6139335 ], [ -73.5990299, 45.6139151 ], [ -73.5990999, 45.6138809 ] ] } },
{ "type": "Feature", "properties": { "u": 2578898420, "v": 224873302, "key": 0, "highway": "secondary", "length_km": 0.77629371090867683, "h_neige": 19.11, "is_crit_security_social": true, "is_crit_economique": true, "quartier": "riviere_des_prairies", "scenario_1": true, "scenario_2": true, "scenario_3": true }, "geometry": { "type": "LineString", "coordinates": [ [ -73.5423451, 45.6598046 ], [ -73.5423772, 45.6598471 ], [ -73.5424723, 45.6599606 ], [ -73.5437429, 45.6617308 ], [ -73.5443806, 45.6626338 ], [ -73.5444003, 45.6626611 ], [ -73.5444906, 45.6627861 ], [ -73.5468398, 45.666039 ] ] } },
{ "type": "Feature", "properties": { "u": 2578898420, "v": 5407310533, "key": 0, "highway": "secondary", "length_km": 0.063407134375055824, "h_neige": 2.9, "is_crit_security_social": true, "is_crit_economique": true, "quartier": "riviere_des_prairies", "scenario_1": true, "scenario_2": true, "scenario_3": true }, "geometry": { "type": "LineString", "coordinates": [ [ -73.5423451, 45.6598046 ], [ -73.5423027, 45.6596591 ], [ -73.5420654, 45.6594126 ], [ -73.5420461, 45.659393 ], [ -73.5420125, 45.6593588 ], [ -73.5419608, 45.6593117 ] ] } },
{ "type": "Feature", "properties": { "u": 2626154086, "v": 224992016, "key": 0, "highway": "secondary", "length_km": 0.26626673795678357, "h_neige": 13.98, "is_crit_security_social": true, "is_crit_economique": true, "quartier": "riviere_des_prairies", "scenario_1": true, "scenario_2": true, "scenario_3": true }, "geometry": { "type": "LineString", "coordinates": [ [ -73.5560594, 45.663444 ], [ -73.5564488, 45.6631286 ], [ -73.5569322, 45.6627527 ], [ -73.5574307, 45.662389 ], [ -73.5578804, 45.662082 ], [ -73.5583507, 45.6617943 ], [ -73.5584495, 45.6617323 ] ] } },
{ "type": "Feature", "properties": { "u": 2626154087, "v": 595756592, "key": 0, "highway": "secondary", "length_km": 0.23902582628082539, "h_neige": 11.84, "is_crit_security_social": true, "is_crit_economique": true, "quartier": "riviere_des_prairies", "scenario_1": true, "scenario_2": true, "scenario_3": true }, "geometry": { "type": "LineString", "coordinates": [ [ -73.5746072, 45.6530067 ], [ -73.5742915, 45.6532648 ], [ -73.5739502, 45.6535025 ], [ -73.5737195, 45.6536498 ], [ -73.5735545, 45.6537499 ], [ -73.5733742, 45.6538455 ], [ -73.573006, 45.6540316 ], [ -73.5722811, 45.6543998 ] ] } },
{ "type": "Feature", "properties": { "u": 2629865773, "v": 595756360, "key": 0, "highway": "residential", "length_km": 0.012019326377100443, "h_neige": 18.59, "is_crit_security_social": true, "is_crit_economique": false, "quartier": "riviere_des_prairies", "scenario_1": true, "scenario_2": false, "scenario_3": true }, "geometry": { "type": "LineString", "coordinates": [ [ -73.5754703, 45.6461427 ], [ -73.5755826, 45.6460684 ] ] } },
{ "type": "Feature", "properties": { "u": 3409334632, "v": 224843845, "key": 0, "highway": "primary", "length_km": 0.20784047410485235, "h_neige": 17.77, "is_crit_security_social": true, "is_crit_economique": true, "quartier": "riviere_des_prairies", "scenario_1": true, "scenario_2": true, "scenario_3": true }, "geometry": { "type": "LineString", "coordinates": [ [ -73.4837739, 45.6994284 ], [ -73.483487, 45.7000202 ], [ -73.4834449, 45.7001584 ], [ -73.4834143, 45.700294 ], [ -73.4833916, 45.7004337 ], [ -73.4833785, 45.7007931 ], [ -73.4834015, 45.7010218 ], [ -73.4834701, 45.7012533 ] ] } },
{ "type": "Feature", "properties": { "u": 3409336043, "v": 224826210, "key": 0, "highway": "primary", "length_km": 0.20254663713193208, "h_neige": 10.47, "is_crit_security_social": true, "is_crit_economique": true, "quartier": "riviere_des_prairies", "scenario_1": true, "scenario_2": true, "scenario_3": true }, "geometry": { "type": "LineString", "coordinates": [ [ -73.4937746, 45.6959153 ], [ -73.4929801, 45.6963317 ], [ -73.4928932, 45.6963745 ], [ -73.4925711, 45.6965405 ], [ -73.4917852, 45.6969537 ], [ -73.4917557, 45.69697 ], [ -73.4916877, 45.6970076 ] ] } },
{ "type": "Feature", "properties": { "u": 3679455597, "v": 656415498, "key": 0, "highway": "secondary", "length_km": 0.23718145117690115, "h_neige": 14.1, "is_crit_security_social": true, "is_crit_economique": true, "quartier": "riviere_des_prairies", "scenario_1": true, "scenario_2": true, "scenario_3": true }, "geometry": { "type": "LineString", "coordinates": [ [ -73.5250935, 45.6512179 ], [ -73.5244176, 45.651983 ], [ -73.5234912, 45.6530332 ] ] } },
{ "type": "Feature", "properties": { "u": 3681514792, "v": 293047779, "key": 0, "highway": "secondary", "length_km": 0.069777175568188368, "h_neige": 7.54, "is_crit_security_social": true, "is_crit_economique": true, "quartier": "riviere_des_prairies", "scenario_1": true, "scenario_2": true, "scenario_3": true }, "geometry": { "type": "LineString", "coordinates": [ [ -73.4913626, 45.640177 ], [ -73.4921754, 45.6403158 ], [ -73.4922345, 45.6403259 ] ] } },
{ "type": "Feature", "properties": { "u": 3821895035, "v": 294966947, "key": 0, "highway": "secondary", "length_km": 0.03395108418670844, "h_neige": 15.15, "is_crit_security_social": true, "is_crit_economique": true, "quartier": "riviere_des_prairies", "scenario_1": true, "scenario_2": true, "scenario_3": true }, "geometry": { "type": "LineString", "coordinates": [ [ -73.5122265, 45.6435681 ], [ -73.5126515, 45.6436384 ] ] } },
{ "type": "Feature", "properties": { "u": 4007744795, "v": 224843673, "key": 0, "highway": "secondary", "length_km": 0.40264507087995921, "h_neige": 1.19, "is_crit_security_social": true, "is_crit_economique": true, "quartier": "riviere_des_prairies", "scenario_1": true, "scenario_2": true, "scenario_3": true }, "geometry": { "type": "LineString", "coordinates": [ [ -73.4845086, 45.6983856 ], [ -73.4844748, 45.6982876 ], [ -73.4844603, 45.6982079 ], [ -73.4844616, 45.6981599 ], [ -73.4844826, 45.698094 ], [ -73.4845076, 45.6980382 ], [ -73.4845421, 45.6979874 ], [ -73.4846624, 45.6978687 ], [ -73.4850159, 45.697544 ], [ -73.485145, 45.6974239 ], [ -73.4855355, 45.6970605 ], [ -73.4856481, 45.6969543 ], [ -73.4862823, 45.6963559 ], [ -73.4868499, 45.6958144 ], [ -73.4869343, 45.695726 ], [ -73.4872394, 45.6953901 ] ] } },
{ "type": "Feature", "properties": { "u": 4007744795, "v": 224843700, "key": 0, "highway": "primary", "length_km": 0.020337845584856937, "h_neige": 12.17, "is_crit_security_social": true, "is_crit_economique": true, "quartier": "riviere_des_prairies", "scenario_1": true, "scenario_2": true, "scenario_3": true }, "geometry": { "type": "LineString", "coordinates": [ [ -73.4845086, 45.6983856 ], [ -73.4844298, 45.6983595 ], [ -73.484343, 45.6983526 ], [ -73.4842578, 45.6983659 ] ] } },
{ "type": "Feature", "properties": { "u": 4007744799, "v": 4007744795, "key": 0, "highway": "primary", "length_km": 0.010200756713917703, "h_neige": 18.59, "is_crit_security_social": true, "is_crit_economique": true, "quartier": "riviere_des_prairies", "scenario_1": true, "scenario_2": true, "scenario_3": true }, "geometry": { "type": "LineString", "coordinates": [ [ -73.4845941, 45.6984543 ], [ -73.4845575, 45.6984162 ], [ -73.4845086, 45.6983856 ] ] } },
{ "type": "Feature", "properties": { "u": 4031745296, "v": 3679455597, "key": 0, "highway": "secondary", "length_km": 0.22681425408760555, "h_neige": 17.46, "is_crit_security_social": true, "is_crit_economique": true, "quartier": "riviere_des_prairies", "scenario_1": true, "scenario_2": true, "scenario_3": true }, "geometry": { "type": "LineString", "coordinates": [ [ -73.5266649, 45.6495002 ], [ -73.5253356, 45.6509174 ], [ -73.5252424, 45.6510207 ], [ -73.5250935, 45.6512179 ] ] } },
{ "type": "Feature", "properties": { "u": 4031745322, "v": 632183814, "key": 0, "highway": "secondary", "length_km": 0.044275499626279941, "h_neige": 0.66, "is_crit_security_social": true, "is_crit_economique": true, "quartier": "riviere_des_prairies", "scenario_1": true, "scenario_2": true, "scenario_3": true }, "geometry": { "type": "LineString", "coordinates": [ [ -73.5295475, 45.648858 ], [ -73.5296059, 45.6488845 ], [ -73.5300282, 45.6490716 ] ] } },
{ "type": "Feature", "properties": { "u": 4031745323, "v": 4031745324, "key": 0, "highway": "secondary", "length_km": 0.25001901991374326, "h_neige": 5.41, "is_crit_security_social": true, "is_crit_economique": true, "quartier": "riviere_des_prairies", "scenario_1": true, "scenario_2": true, "scenario_3": true }, "geometry": { "type": "LineString", "coordinates": [ [ -73.5296059, 45.6487485 ], [ -73.5294227, 45.6486632 ], [ -73.5291584, 45.6485466 ], [ -73.5286657, 45.648348 ], [ -73.5277924, 45.647956 ], [ -73.5268885, 45.6475464 ] ] } },
{ "type": "Feature", "properties": { "u": 4031745324, "v": 10916525872, "key": 0, "highway": "secondary", "length_km": 0.053199884737948393, "h_neige": 14.32, "is_crit_security_social": true, "is_crit_economique": true, "quartier": "riviere_des_prairies", "scenario_1": true, "scenario_2": true, "scenario_3": true }, "geometry": { "type": "LineString", "coordinates": [ [ -73.5268885, 45.6475464 ], [ -73.5268294, 45.647503 ], [ -73.5266494, 45.6474237 ], [ -73.5263296, 45.6472727 ] ] } },
{ "type": "Feature", "properties": { "u": 4031745325, "v": 8892349036, "key": 0, "highway": "secondary", "length_km": 0.06089797177381568, "h_neige": 19.26, "is_crit_security_social": true, "is_crit_economique": true, "quartier": "riviere_des_prairies", "scenario_1": true, "scenario_2": true, "scenario_3": true }, "geometry": { "type": "LineString", "coordinates": [ [ -73.5267738, 45.6476084 ], [ -73.5273024, 45.647844 ], [ -73.5274181, 45.6479177 ] ] } },
{ "type": "Feature", "properties": { "u": 4031745330, "v": 224873308, "key": 0, "highway": "primary", "length_km": 0.011029698561684023, "h_neige": 4.89, "is_crit_security_social": true, "is_crit_economique": true, "quartier": "riviere_des_prairies", "scenario_1": true, "scenario_2": true, "scenario_3": true }, "geometry": { "type": "LineString", "coordinates": [ [ -73.5362198, 45.6524355 ], [ -73.5363328, 45.6523755 ] ] } },
{ "type": "Feature", "properties": { "u": 4031745330, "v": 4031745347, "key": 0, "highway": "secondary", "length_km": 0.03121784928322394, "h_neige": 2.13, "is_crit_security_social": true, "is_crit_economique": true, "quartier": "riviere_des_prairies", "scenario_1": true, "scenario_2": true, "scenario_3": true }, "geometry": { "type": "LineString", "coordinates": [ [ -73.5362198, 45.6524355 ], [ -73.5362796, 45.652528 ], [ -73.5363834, 45.6526919 ] ] } },
{ "type": "Feature", "properties": { "u": 4031745331, "v": 224873133, "key": 0, "highway": "primary", "length_km": 0.010968145502298597, "h_neige": 3.02, "is_crit_security_social": true, "is_crit_economique": true, "quartier": "riviere_des_prairies", "scenario_1": true, "scenario_2": true, "scenario_3": true }, "geometry": { "type": "LineString", "coordinates": [ [ -73.5362798, 45.6522728 ], [ -73.5361619, 45.652327 ] ] } },
{ "type": "Feature", "properties": { "u": 4031745331, "v": 4031745354, "key": 0, "highway": "secondary", "length_km": 0.028788120576718913, "h_neige": 16.3, "is_crit_security_social": true, "is_crit_economique": true, "quartier": "riviere_des_prairies", "scenario_1": true, "scenario_2": true, "scenario_3": true }, "geometry": { "type": "LineString", "coordinates": [ [ -73.5362798, 45.6522728 ], [ -73.5362156, 45.6521889 ], [ -73.5361046, 45.6520447 ] ] } },
{ "type": "Feature", "properties": { "u": 4031745332, "v": 224873308, "key": 0, "highway": "secondary", "length_km": 0.19482203081069119, "h_neige": 13.54, "is_crit_security_social": true, "is_crit_economique": true, "quartier": "riviere_des_prairies", "scenario_1": true, "scenario_2": true, "scenario_3": true }, "geometry": { "type": "LineString", "coordinates": [ [ -73.5374045, 45.6539572 ], [ -73.5369835, 45.6532678 ], [ -73.5366135, 45.6527811 ], [ -73.5364513, 45.6525677 ], [ -73.5363996, 45.6524997 ], [ -73.5363869, 45.6524762 ], [ -73.5363328, 45.6523755 ] ] } },
{ "type": "Feature", "properties": { "u": 4031745332, "v": 224873287, "key": 0, "highway": "secondary", "length_km": 0.47512558363376306, "h_neige": 6.66, "is_crit_security_social": true, "is_crit_economique": true, "quartier": "riviere_des_prairies", "scenario_1": true, "scenario_2": true, "scenario_3": true }, "geometry": { "type": "LineString", "coordinates": [ [ -73.5374045, 45.6539572 ], [ -73.5379002, 45.6546439 ], [ -73.5388102, 45.655884 ], [ -73.539818, 45.6572732 ], [ -73.5401786, 45.6577648 ] ] } },
{ "type": "Feature", "properties": { "u": 4031745343, "v": 4031745330, "key": 0, "highway": "primary", "length_km": 0.053860677961283188, "h_neige": 4.17, "is_crit_security_social": true, "is_crit_economique": true, "quartier": "riviere_des_prairies", "scenario_1": true, "scenario_2": true, "scenario_3": true }, "geometry": { "type": "LineString", "coordinates": [ [ -73.5356494, 45.6527105 ], [ -73.5361061, 45.6524903 ], [ -73.5361392, 45.6524756 ], [ -73.5362198, 45.6524355 ] ] } },
{ "type": "Feature", "properties": { "u": 4031745347, "v": 4031745332, "key": 0, "highway": "secondary", "length_km": 0.16159146348439687, "h_neige": 13.81, "is_crit_security_social": true, "is_crit_economique": true, "quartier": "riviere_des_prairies", "scenario_1": true, "scenario_2": true, "scenario_3": true }, "geometry": { "type": "LineString", "coordinates": [ [ -73.5363834, 45.6526919 ], [ -73.5368544, 45.6533142 ], [ -73.5374045, 45.6539572 ] ] } },
{ "type": "Feature", "properties": { "u": 4031745348, "v": 4031745331, "key": 0, "highway": "primary", "length_km": 0.053507770974393382, "h_neige": 7.17, "is_crit_security_social": true, "is_crit_economique": true, "quartier": "riviere_des_prairies", "scenario_1": true, "scenario_2": true, "scenario_3": true }, "geometry": { "type": "LineString", "coordinates": [ [ -73.5368412, 45.6519946 ], [ -73.5365134, 45.6521647 ], [ -73.5363865, 45.6522234 ], [ -73.5363576, 45.6522363 ], [ -73.5362798, 45.6522728 ] ] } },
{ "type": "Feature", "properties": { "u": 4031745354, "v": 224873268, "key": 0, "highway": "secondary", "length_km": 0.082571585291185703, "h_neige": 7.36, "is_crit_security_social": true, "is_crit_economique": true, "quartier": "riviere_des_prairies", "scenario_1": true, "scenario_2": true, "scenario_3": true }, "geometry": { "type": "LineString", "coordinates": [ [ -73.5361046, 45.6520447 ], [ -73.5359546, 45.651862 ], [ -73.5358289, 45.6517054 ], [ -73.5355405, 45.6514164 ] ] } },
{ "type": "Feature", "properties": { "u": 4035259419, "v": 2328418671, "key": 1, "highway": "primary", "length_km": 0.074569334552678321, "h_neige": 7.39, "is_crit_security_social": true, "is_crit_economique": true, "quartier": "riviere_des_prairies", "scenario_1": true, "scenario_2": true, "scenario_3": true }, "geometry": { "type": "LineString", "coordinates": [ [ -73.5065027, 45.6648611 ], [ -73.5064719, 45.6649396 ], [ -73.5061339, 45.6654794 ] ] } },
{ "type": "Feature", "properties": { "u": 4035259425, "v": 224826129, "key": 0, "highway": "primary", "length_km": 0.088635456610872659, "h_neige": 19.59, "is_crit_security_social": true, "is_crit_economique": true, "quartier": "riviere_des_prairies", "scenario_1": true, "scenario_2": true, "scenario_3": true }, "geometry": { "type": "LineString", "coordinates": [ [ -73.5069824, 45.6664097 ], [ -73.5068514, 45.6660361 ], [ -73.5067097, 45.6656357 ] ] } },
{ "type": "Feature", "properties": { "u": 4035259425, "v": 2328418657, "key": 0, "highway": "primary", "length_km": 0.092883189827554349, "h_neige": 6.5, "is_crit_security_social": true, "is_crit_economique": true, "quartier": "riviere_des_prairies", "scenario_1": true, "scenario_2": true, "scenario_3": true }, "geometry": { "type": "LineString", "coordinates": [ [ -73.5069824, 45.6664097 ], [ -73.5067804, 45.6664033 ], [ -73.5063861, 45.6663529 ], [ -73.5060041, 45.6662876 ], [ -73.5059863, 45.6662846 ], [ -73.505809, 45.6663089 ] ] } },
{ "type": "Feature", "properties": { "u": 4035259430, "v": 621016672, "key": 0, "highway": "primary", "length_km": 0.057401366672701917, "h_neige": 11.66, "is_crit_security_social": true, "is_crit_economique": true, "quartier": "riviere_des_prairies", "scenario_1": true, "scenario_2": true, "scenario_3": true }, "geometry": { "type": "LineString", "coordinates": [ [ -73.5050102, 45.6687884 ], [ -73.5049217, 45.6692204 ], [ -73.5049159, 45.6692444 ], [ -73.5049055, 45.6692994 ] ] } },
{ "type": "Feature", "properties": { "u": 4035259445, "v": 2328418640, "key": 0, "highway": "primary", "length_km": 0.0099203603234881144, "h_neige": 2.2, "is_crit_security_social": true, "is_crit_economique": true, "quartier": "riviere_des_prairies", "scenario_1": true, "scenario_2": true, "scenario_3": true }, "geometry": { "type": "LineString", "coordinates": [ [ -73.5056509, 45.6688644 ], [ -73.505718, 45.6687885 ] ] } },
{ "type": "Feature", "properties": { "u": 4101043565, "v": 8891358123, "key": 0, "highway": "primary", "length_km": 0.17412942118200533, "h_neige": 16.95, "is_crit_security_social": true, "is_crit_economique": true, "quartier": "riviere_des_prairies", "scenario_1": true, "scenario_2": true, "scenario_3": true }, "geometry": { "type": "LineString", "coordinates": [ [ -73.5140121, 45.6634235 ], [ -73.514665, 45.6630938 ], [ -73.5152212, 45.6628127 ], [ -73.5158268, 45.6625049 ] ] } },
{ "type": "Feature", "properties": { "u": 4502149345, "v": 369558103, "key": 0, "highway": "secondary", "length_km": 0.033685081767393571, "h_neige": 15.68, "is_crit_security_social": true, "is_crit_economique": true, "quartier": "riviere_des_prairies", "scenario_1": true, "scenario_2": true, "scenario_3": true }, "geometry": { "type": "LineString", "coordinates": [ [ -73.5126773, 45.643553 ], [ -73.5122538, 45.6434889 ] ] } },
{ "type": "Feature", "properties": { "u": 4502211574, "v": 4502212259, "key": 0, "highway": "secondary", "length_km": 0.18672102845687091, "h_neige": 4.2, "is_crit_security_social": true, "is_crit_economique": true, "quartier": "riviere_des_prairies", "scenario_1": true, "scenario_2": true, "scenario_3": true }, "geometry": { "type": "LineString", "coordinates": [ [ -73.5043773, 45.6422227 ], [ -73.5020385, 45.6418405 ] ] } },
{ "type": "Feature", "properties": { "u": 4502211575, "v": 282596731, "key": 0, "highway": "secondary", "length_km": 0.164627059804096, "h_neige": 0.89, "is_crit_security_social": true, "is_crit_economique": true, "quartier": "riviere_des_prairies", "scenario_1": true, "scenario_2": true, "scenario_3": true }, "geometry": { "type": "LineString", "coordinates": [ [ -73.5043414, 45.6423101 ], [ -73.5062811, 45.6426276 ], [ -73.5064033, 45.6426476 ] ] } },
{ "type": "Feature", "properties": { "u": 4502212259, "v": 292782954, "key": 0, "highway": "secondary", "length_km": 0.12526474006885741, "h_neige": 12.04, "is_crit_security_social": true, "is_crit_economique": true, "quartier": "riviere_des_prairies", "scenario_1": true, "scenario_2": true, "scenario_3": true }, "geometry": { "type": "LineString", "coordinates": [ [ -73.5020385, 45.6418405 ], [ -73.5011811, 45.6417006 ], [ -73.5006209, 45.6416092 ], [ -73.5004689, 45.6415859 ] ] } },
{ "type": "Feature", "properties": { "u": 4502212260, "v": 4502211575, "key": 0, "highway": "secondary", "length_km": 0.1863953800803286, "h_neige": 18.97, "is_crit_security_social": true, "is_crit_economique": true, "quartier": "riviere_des_prairies", "scenario_1": true, "scenario_2": true, "scenario_3": true }, "geometry": { "type": "LineString", "coordinates": [ [ -73.5020071, 45.6419273 ], [ -73.5041675, 45.6422813 ], [ -73.5043414, 45.6423101 ] ] } },
{ "type": "Feature", "properties": { "u": 4502227323, "v": 294209452, "key": 0, "highway": "secondary", "length_km": 0.25052825165428627, "h_neige": 13.06, "is_crit_security_social": true, "is_crit_economique": true, "quartier": "riviere_des_prairies", "scenario_1": true, "scenario_2": true, "scenario_3": true }, "geometry": { "type": "LineString", "coordinates": [ [ -73.4944315, 45.6406871 ], [ -73.4947513, 45.6407394 ], [ -73.4975692, 45.6412007 ] ] } },
{ "type": "Feature", "properties": { "u": 4502304226, "v": 369557369, "key": 0, "highway": "secondary", "length_km": 0.17932871620456253, "h_neige": 1.88, "is_crit_security_social": true, "is_crit_economique": true, "quartier": "riviere_des_prairies", "scenario_1": true, "scenario_2": true, "scenario_3": true }, "geometry": { "type": "LineString", "coordinates": [ [ -73.5112128, 45.6433262 ], [ -73.5104493, 45.6432072 ], [ -73.5089613, 45.6429752 ] ] } },
{ "type": "Feature", "properties": { "u": 4502304227, "v": 3821895035, "key": 0, "highway": "secondary", "length_km": 0.083905643227108181, "h_neige": 12.06, "is_crit_security_social": true, "is_crit_economique": true, "quartier": "riviere_des_prairies", "scenario_1": true, "scenario_2": true, "scenario_3": true }, "geometry": { "type": "LineString", "coordinates": [ [ -73.5111731, 45.6434037 ], [ -73.5122265, 45.6435681 ] ] } },
{ "type": "Feature", "properties": { "u": 4502314652, "v": 4502314654, "key": 0, "highway": "primary", "length_km": 0.032559058353442617, "h_neige": 7.75, "is_crit_security_social": true, "is_crit_economique": true, "quartier": "riviere_des_prairies", "scenario_1": true, "scenario_2": true, "scenario_3": true }, "geometry": { "type": "LineString", "coordinates": [ [ -73.5148382, 45.6407017 ], [ -73.5147484, 45.6409877 ] ] } },
{ "type": "Feature", "properties": { "u": 4502314653, "v": 4502327944, "key": 0, "highway": "primary", "length_km": 0.078712974298873514, "h_neige": 15.84, "is_crit_security_social": true, "is_crit_economique": true, "quartier": "riviere_des_prairies", "scenario_1": true, "scenario_2": true, "scenario_3": true }, "geometry": { "type": "LineString", "coordinates": [ [ -73.5150057, 45.6407332 ], [ -73.5151884, 45.6401957 ], [ -73.5152398, 45.6400445 ] ] } },
{ "type": "Feature", "properties": { "u": 4502314654, "v": 595748274, "key": 0, "highway": "primary", "length_km": 0.041093439229239297, "h_neige": 1.4, "is_crit_security_social": true, "is_crit_economique": true, "quartier": "riviere_des_prairies", "scenario_1": true, "scenario_2": true, "scenario_3": true }, "geometry": { "type": "LineString", "coordinates": [ [ -73.5147484, 45.6409877 ], [ -73.5146581, 45.6412691 ], [ -73.5146511, 45.6412909 ], [ -73.5146327, 45.6413483 ] ] } },
{ "type": "Feature", "properties": { "u": 4502314655, "v": 4502314653, "key": 0, "highway": "primary", "length_km": 0.030500519699681213, "h_neige": 2.03, "is_crit_security_social": true, "is_crit_economique": true, "quartier": "riviere_des_prairies", "scenario_1": true, "scenario_2": true, "scenario_3": true }, "geometry": { "type": "LineString", "coordinates": [ [ -73.5149146, 45.641 ], [ -73.514994, 45.6407677 ], [ -73.5150057, 45.6407332 ] ] } },
{ "type": "Feature", "properties": { "u": 4502327944, "v": 595748266, "key": 0, "highway": "primary", "length_km": 0.14674125286633288, "h_neige": 7.3, "is_crit_security_social": true, "is_crit_economique": true, "quartier": "riviere_des_prairies", "scenario_1": true, "scenario_2": true, "scenario_3": true }, "geometry": { "type": "LineString", "coordinates": [ [ -73.5152398, 45.6400445 ], [ -73.5152654, 45.6399693 ], [ -73.5156437, 45.6388564 ], [ -73.5156498, 45.6388384 ], [ -73.5156763, 45.6387606 ] ] } },
{ "type": "Feature", "properties": { "u": 4503806279, "v": 620809843, "key": 0, "highway": "residential", "length_km": 0.27907690992365919, "h_neige": 4.6, "is_crit_security_social": true, "is_crit_economique": false, "quartier": "riviere_des_prairies", "scenario_1": true, "scenario_2": false, "scenario_3": true }, "geometry": { "type": "LineString", "coordinates": [ [ -73.4929543, 45.6895315 ], [ -73.4926495, 45.6894857 ], [ -73.4925178, 45.6894658 ], [ -73.489598, 45.6890033 ], [ -73.4895539, 45.6890103 ], [ -73.4894494, 45.689027 ] ] } },
{ "type": "Feature", "properties": { "u": 4539923790, "v": 4539923792, "key": 0, "highway": "primary", "length_km": 0.096196869596818849, "h_neige": 11.41, "is_crit_security_social": true, "is_crit_economique": true, "quartier": "riviere_des_prairies", "scenario_1": true, "scenario_2": true, "scenario_3": true }, "geometry": { "type": "LineString", "coordinates": [ [ -73.5102862, 45.6538142 ], [ -73.5101291, 45.654262 ], [ -73.510058, 45.6544649 ], [ -73.5099955, 45.6546551 ] ] } },
{ "type": "Feature", "properties": { "u": 4539923791, "v": 224826072, "key": 0, "highway": "primary", "length_km": 0.12901358765568594, "h_neige": 4.5, "is_crit_security_social": true, "is_crit_economique": true, "quartier": "riviere_des_prairies", "scenario_1": true, "scenario_2": true, "scenario_3": true }, "geometry": { "type": "LineString", "coordinates": [ [ -73.5104505, 45.6539776 ], [ -73.5105637, 45.6536494 ], [ -73.5106388, 45.6534319 ], [ -73.5107345, 45.6531543 ], [ -73.5107995, 45.6529662 ], [ -73.5108397, 45.6528497 ] ] } },
{ "type": "Feature", "properties": { "u": 4539923792, "v": 632183126, "key": 0, "highway": "primary", "length_km": 0.098057336680760124, "h_neige": 5.66, "is_crit_security_social": true, "is_crit_economique": true, "quartier": "riviere_des_prairies", "scenario_1": true, "scenario_2": true, "scenario_3": true }, "geometry": { "type": "LineString", "coordinates": [ [ -73.5099955, 45.6546551 ], [ -73.5099698, 45.6547268 ], [ -73.5097219, 45.6554185 ], [ -73.5096894, 45.6555106 ] ] } },
{ "type": "Feature", "properties": { "u": 4539923793, "v": 4539923791, "key": 0, "highway": "primary", "length_km": 0.090938128971937454, "h_neige": 0.62, "is_crit_security_social": true, "is_crit_economique": true, "quartier": "riviere_des_prairies", "scenario_1": true, "scenario_2": true, "scenario_3": true }, "geometry": { "type": "LineString", "coordinates": [ [ -73.5101766, 45.6547727 ], [ -73.5104505, 45.6539776 ] ] } },
{ "type": "Feature", "properties": { "u": 4541060053, "v": 369557152, "key": 0, "highway": "secondary", "length_km": 0.091455582760898241, "h_neige": 1.83, "is_crit_security_social": true, "is_crit_economique": true, "quartier": "riviere_des_prairies", "scenario_1": true, "scenario_2": true, "scenario_3": true }, "geometry": { "type": "LineString", "coordinates": [ [ -73.4914023, 45.6400808 ], [ -73.4904929, 45.6399303 ], [ -73.4902566, 45.6398943 ] ] } },
{ "type": "Feature", "properties": { "u": 4667249872, "v": 4667249874, "key": 0, "highway": "secondary", "length_km": 0.12517040528678891, "h_neige": 8.2, "is_crit_security_social": true, "is_crit_economique": true, "quartier": "riviere_des_prairies", "scenario_1": true, "scenario_2": true, "scenario_3": true }, "geometry": { "type": "LineString", "coordinates": [ [ -73.5176652, 45.6443364 ], [ -73.5160979, 45.6440784 ] ] } },
{ "type": "Feature", "properties": { "u": 4667249873, "v": 595748282, "key": 0, "highway": "secondary", "length_km": 0.09371250765671324, "h_neige": 15.41, "is_crit_security_social": true, "is_crit_economique": true, "quartier": "riviere_des_prairies", "scenario_1": true, "scenario_2": true, "scenario_3": true }, "geometry": { "type": "LineString", "coordinates": [ [ -73.5176321, 45.6444349 ], [ -73.5188066, 45.6446248 ] ] } },
{ "type": "Feature", "properties": { "u": 4667249874, "v": 4667249876, "key": 0, "highway": "secondary", "length_km": 0.03266620554216422, "h_neige": 5.02, "is_crit_security_social": true, "is_crit_economique": true, "quartier": "riviere_des_prairies", "scenario_1": true, "scenario_2": true, "scenario_3": true }, "geometry": { "type": "LineString", "coordinates": [ [ -73.5160979, 45.6440784 ], [ -73.5156889, 45.644011 ] ] } },
{ "type": "Feature", "properties": { "u": 4667249875, "v": 4667249873, "key": 0, "highway": "secondary", "length_km": 0.12491517347927071, "h_neige": 17.21, "is_crit_security_social": true, "is_crit_economique": true, "quartier": "riviere_des_prairies", "scenario_1": true, "scenario_2": true, "scenario_3": true }, "geometry": { "type": "LineString", "coordinates": [ [ -73.5160665, 45.6441819 ], [ -73.5176321, 45.6444349 ] ] } },
{ "type": "Feature", "properties": { "u": 4667249876, "v": 369558048, "key": 0, "highway": "secondary", "length_km": 0.13605558838073958, "h_neige": 2.92, "is_crit_security_social": true, "is_crit_economique": true, "quartier": "riviere_des_prairies", "scenario_1": true, "scenario_2": true, "scenario_3": true }, "geometry": { "type": "LineString", "coordinates": [ [ -73.5156889, 45.644011 ], [ -73.5141051, 45.6437714 ], [ -73.5140815, 45.6437672 ], [ -73.5139794, 45.643749 ] ] } },
{ "type": "Feature", "properties": { "u": 4667249877, "v": 4667249875, "key": 0, "highway": "secondary", "length_km": 0.032539895152687473, "h_neige": 13.49, "is_crit_security_social": true, "is_crit_economique": true, "quartier": "riviere_des_prairies", "scenario_1": true, "scenario_2": true, "scenario_3": true }, "geometry": { "type": "LineString", "coordinates": [ [ -73.5156587, 45.6441159 ], [ -73.5160665, 45.6441819 ] ] } },
{ "type": "Feature", "properties": { "u": 4667249878, "v": 224817696, "key": 0, "highway": "primary", "length_km": 0.18999170225387876, "h_neige": 10.35, "is_crit_security_social": true, "is_crit_economique": true, "quartier": "riviere_des_prairies", "scenario_1": true, "scenario_2": true, "scenario_3": true }, "geometry": { "type": "LineString", "coordinates": [ [ -73.5112385, 45.6510396 ], [ -73.511125, 45.6513666 ], [ -73.5106969, 45.6526005 ], [ -73.5106624, 45.6527001 ] ] } },
{ "type": "Feature", "properties": { "u": 4667249879, "v": 4667249881, "key": 0, "highway": "primary", "length_km": 0.061638675472108065, "h_neige": 8.34, "is_crit_security_social": true, "is_crit_economique": true, "quartier": "riviere_des_prairies", "scenario_1": true, "scenario_2": true, "scenario_3": true }, "geometry": { "type": "LineString", "coordinates": [ [ -73.5114504, 45.6510841 ], [ -73.5115765, 45.6507145 ], [ -73.511635, 45.650545 ] ] } },
{ "type": "Feature", "properties": { "u": 4667249880, "v": 4667249878, "key": 0, "highway": "primary", "length_km": 0.060571831590448225, "h_neige": 9.27, "is_crit_security_social": true, "is_crit_economique": true, "quartier": "riviere_des_prairies", "scenario_1": true, "scenario_2": true, "scenario_3": true }, "geometry": { "type": "LineString", "coordinates": [ [ -73.5114221, 45.6505102 ], [ -73.5113772, 45.6506397 ], [ -73.5112385, 45.6510396 ] ] } },
{ "type": "Feature", "properties": { "u": 4667249881, "v": 4667249883, "key": 0, "highway": "primary", "length_km": 0.15963518113734626, "h_neige": 16.55, "is_crit_security_social": true, "is_crit_economique": true, "quartier": "riviere_des_prairies", "scenario_1": true, "scenario_2": true, "scenario_3": true }, "geometry": { "type": "LineString", "coordinates": [ [ -73.511635, 45.650545 ], [ -73.5121166, 45.6491494 ] ] } },
{ "type": "Feature", "properties": { "u": 4667249882, "v": 4667249880, "key": 0, "highway": "primary", "length_km": 0.1599061545110424, "h_neige": 12.11, "is_crit_security_social": true, "is_crit_economique": true, "quartier": "riviere_des_prairies", "scenario_1": true, "scenario_2": true, "scenario_3": true }, "geometry": { "type": "LineString", "coordinates": [ [ -73.5119067, 45.6491126 ], [ -73.5114221, 45.6505102 ] ] } },
{ "type": "Feature", "properties": { "u": 4667249883, "v": 4667249885, "key": 0, "highway": "primary", "length_km": 0.061757937103651316, "h_neige": 17.56, "is_crit_security_social": true, "is_crit_economique": true, "quartier": "riviere_des_prairies", "scenario_1": true, "scenario_2": true, "scenario_3": true }, "geometry": { "type": "LineString", "coordinates": [ [ -73.5121166, 45.6491494 ], [ -73.512303, 45.6486095 ] ] } },
{ "type": "Feature", "properties": { "u": 4667249884, "v": 4667249882, "key": 0, "highway": "primary", "length_km": 0.061532802287347504, "h_neige": 10.52, "is_crit_security_social": true, "is_crit_economique": true, "quartier": "riviere_des_prairies", "scenario_1": true, "scenario_2": true, "scenario_3": true }, "geometry": { "type": "LineString", "coordinates": [ [ -73.5120932, 45.6485748 ], [ -73.5119067, 45.6491126 ] ] } },
{ "type": "Feature", "properties": { "u": 4667249885, "v": 294966982, "key": 0, "highway": "primary", "length_km": 0.18417067617379237, "h_neige": 15.04, "is_crit_security_social": true, "is_crit_economique": true, "quartier": "riviere_des_prairies", "scenario_1": true, "scenario_2": true, "scenario_3": true }, "geometry": { "type": "LineString", "coordinates": [ [ -73.512303, 45.6486095 ], [ -73.5128221, 45.6471052 ], [ -73.5128586, 45.6469994 ] ] } },
{ "type": "Feature", "properties": { "u": 4667249886, "v": 294966981, "key": 0, "highway": "primary", "length_km": 0.049638669262778864, "h_neige": 2.09, "is_crit_security_social": true, "is_crit_economique": true, "quartier": "riviere_des_prairies", "scenario_1": true, "scenario_2": true, "scenario_3": true }, "geometry": { "type": "LineString", "coordinates": [ [ -73.5128148, 45.646536 ], [ -73.5126808, 45.646888 ], [ -73.5126506, 45.6469674 ] ] } },
{ "type": "Feature", "properties": { "u": 4667249887, "v": 4667250389, "key": 0, "highway": "primary", "length_km": 0.045156806811333772, "h_neige": 4.63, "is_crit_security_social": true, "is_crit_economique": true, "quartier": "riviere_des_prairies", "scenario_1": true, "scenario_2": true, "scenario_3": true }, "geometry": { "type": "LineString", "coordinates": [ [ -73.5130078, 45.6465689 ], [ -73.5131445, 45.6461742 ] ] } },
{ "type": "Feature", "properties": { "u": 4667249888, "v": 4667249886, "key": 0, "highway": "primary", "length_km": 0.045291015864928001, "h_neige": 5.19, "is_crit_security_social": true, "is_crit_economique": true, "quartier": "riviere_des_prairies", "scenario_1": true, "scenario_2": true, "scenario_3": true }, "geometry": { "type": "LineString", "coordinates": [ [ -73.5129647, 45.6461424 ], [ -73.5128148, 45.646536 ] ] } },
{ "type": "Feature", "properties": { "u": 4667250389, "v": 595748303, "key": 0, "highway": "primary", "length_km": 0.059778859288999737, "h_neige": 0.64, "is_crit_security_social": true, "is_crit_economique": true, "quartier": "riviere_des_prairies", "scenario_1": true, "scenario_2": true, "scenario_3": true }, "geometry": { "type": "LineString", "coordinates": [ [ -73.5131445, 45.6461742 ], [ -73.5133255, 45.6456517 ] ] } },
{ "type": "Feature", "properties": { "u": 4667250390, "v": 595748302, "key": 0, "highway": "primary", "length_km": 0.077581025597449768, "h_neige": 16.07, "is_crit_security_social": true, "is_crit_economique": true, "quartier": "riviere_des_prairies", "scenario_1": true, "scenario_2": true, "scenario_3": true }, "geometry": { "type": "LineString", "coordinates": [ [ -73.5133789, 45.6449475 ], [ -73.5131399, 45.6456249 ] ] } },
{ "type": "Feature", "properties": { "u": 4667250391, "v": 224826079, "key": 0, "highway": "primary", "length_km": 0.13100539304491293, "h_neige": 14.9, "is_crit_security_social": true, "is_crit_economique": true, "quartier": "riviere_des_prairies", "scenario_1": true, "scenario_2": true, "scenario_3": true }, "geometry": { "type": "LineString", "coordinates": [ [ -73.5135612, 45.6449813 ], [ -73.5137273, 45.6445088 ], [ -73.5137482, 45.6444494 ], [ -73.5137838, 45.6443422 ], [ -73.5138906, 45.6440207 ], [ -73.5139179, 45.6439384 ], [ -73.5139236, 45.6439212 ], [ -73.5139521, 45.6438353 ] ] } },
{ "type": "Feature", "properties": { "u": 4667250394, "v": 369558134, "key": 0, "highway": "primary", "length_km": 0.10758668123955153, "h_neige": 10.29, "is_crit_security_social": true, "is_crit_economique": true, "quartier": "riviere_des_prairies", "scenario_1": true, "scenario_2": true, "scenario_3": true }, "geometry": { "type": "LineString", "coordinates": [ [ -73.5141177, 45.6427801 ], [ -73.5140239, 45.6430383 ], [ -73.5139155, 45.6433367 ], [ -73.5138038, 45.6436441 ], [ -73.5137977, 45.6436644 ], [ -73.5137815, 45.6437186 ] ] } },
{ "type": "Feature", "properties": { "u": 4667250395, "v": 224826053, "key": 0, "highway": "primary", "length_km": 0.089795551962099013, "h_neige": 19.22, "is_crit_security_social": true, "is_crit_economique": true, "quartier": "riviere_des_prairies", "scenario_1": true, "scenario_2": true, "scenario_3": true }, "geometry": { "type": "LineString", "coordinates": [ [ -73.5143042, 45.6428197 ], [ -73.5144481, 45.6424067 ], [ -73.5145691, 45.6420337 ] ] } },
{ "type": "Feature", "properties": { "u": 4667313100, "v": 224873210, "key": 0, "highway": "primary", "length_km": 0.091914766996754396, "h_neige": 14.6, "is_crit_security_social": true, "is_crit_economique": true, "quartier": "riviere_des_prairies", "scenario_1": true, "scenario_2": true, "scenario_3": true }, "geometry": { "type": "LineString", "coordinates": [ [ -73.5121927, 45.6637691 ], [ -73.5119078, 45.6639399 ], [ -73.511691, 45.6640694 ], [ -73.5114289, 45.6642143 ], [ -73.5113868, 45.6642349 ], [ -73.5112746, 45.6642894 ] ] } },
{ "type": "Feature", "properties": { "u": 4667313106, "v": 295079723, "key": 0, "highway": "primary", "length_km": 0.10776226491870861, "h_neige": 12.29, "is_crit_security_social": true, "is_crit_economique": true, "quartier": "riviere_des_prairies", "scenario_1": true, "scenario_2": true, "scenario_3": true }, "geometry": { "type": "LineString", "coordinates": [ [ -73.509226, 45.6568559 ], [ -73.5090912, 45.6572377 ], [ -73.5088973, 45.6577974 ] ] } },
{ "type": "Feature", "properties": { "u": 4667313107, "v": 4667313109, "key": 0, "highway": "primary", "length_km": 0.073738059408906834, "h_neige": 12.8, "is_crit_security_social": true, "is_crit_economique": true, "quartier": "riviere_des_prairies", "scenario_1": true, "scenario_2": true, "scenario_3": true }, "geometry": { "type": "LineString", "coordinates": [ [ -73.509442, 45.6569065 ], [ -73.5096624, 45.6562615 ] ] } },
{ "type": "Feature", "properties": { "u": 4667313108, "v": 4667313106, "key": 0, "highway": "primary", "length_km": 0.071973226393759554, "h_neige": 19.32, "is_crit_security_social": true, "is_crit_economique": true, "quartier": "riviere_des_prairies", "scenario_1": true, "scenario_2": true, "scenario_3": true }, "geometry": { "type": "LineString", "coordinates": [ [ -73.5094415, 45.6562264 ], [ -73.5093518, 45.6564885 ], [ -73.509226, 45.6568559 ] ] } },
{ "type": "Feature", "properties": { "u": 4667313109, "v": 632183127, "key": 0, "highway": "primary", "length_km": 0.083134115193249619, "h_neige": 17.13, "is_crit_security_social": true, "is_crit_economique": true, "quartier": "riviere_des_prairies", "scenario_1": true, "scenario_2": true, "scenario_3": true }, "geometry": { "type": "LineString", "coordinates": [ [ -73.5096624, 45.6562615 ], [ -73.5098139, 45.6558224 ], [ -73.5098776, 45.6556379 ], [ -73.5099132, 45.6555347 ] ] } },
{ "type": "Feature", "properties": { "u": 4667440701, "v": 224843651, "key": 0, "highway": "secondary", "length_km": 0.36138907452786823, "h_neige": 17.35, "is_crit_security_social": true, "is_crit_economique": true, "quartier": "riviere_des_prairies", "scenario_1": true, "scenario_2": true, "scenario_3": true }, "geometry": { "type": "LineString", "coordinates": [ [ -73.4940014, 45.6643285 ], [ -73.4942637, 45.6654983 ], [ -73.4943202, 45.6657505 ], [ -73.4943792, 45.6660755 ], [ -73.4943957, 45.6663482 ], [ -73.4943944, 45.6663819 ], [ -73.494394, 45.6664259 ], [ -73.4943925, 45.6664851 ], [ -73.494392, 45.6665133 ], [ -73.4943708, 45.6674706 ], [ -73.4943689, 45.6675582 ] ] } },
{ "type": "Feature", "properties": { "u": 4667440701, "v": 617477501, "key": 0, "highway": "secondary", "length_km": 0.082625644412099353, "h_neige": 13.2, "is_crit_security_social": true, "is_crit_economique": true, "quartier": "riviere_des_prairies", "scenario_1": true, "scenario_2": true, "scenario_3": true }, "geometry": { "type": "LineString", "coordinates": [ [ -73.4940014, 45.6643285 ], [ -73.4939258, 45.6639911 ], [ -73.4938581, 45.6637171 ], [ -73.4938272, 45.6635955 ] ] } },
{ "type": "Feature", "properties": { "u": 5305594196, "v": 595756384, "key": 0, "highway": "residential", "length_km": 0.082446796224187616, "h_neige": 19.66, "is_crit_security_social": true, "is_crit_economique": false, "quartier": "riviere_des_prairies", "scenario_1": true, "scenario_2": false, "scenario_3": true }, "geometry": { "type": "LineString", "coordinates": [ [ -73.574643, 45.6465832 ], [ -73.5740183, 45.645984 ] ] } },
{ "type": "Feature", "properties": { "u": 5349628392, "v": 5349628393, "key": 0, "highway": "primary", "length_km": 0.08136338862830135, "h_neige": 9.43, "is_crit_security_social": true, "is_crit_economique": true, "quartier": "riviere_des_prairies", "scenario_1": true, "scenario_2": true, "scenario_3": true }, "geometry": { "type": "LineString", "coordinates": [ [ -73.5045602, 45.6707317 ], [ -73.5043122, 45.6714426 ] ] } },
{ "type": "Feature", "properties": { "u": 5349628392, "v": 224826112, "key": 0, "highway": "primary", "length_km": 0.01557720785808547, "h_neige": 1.55, "is_crit_security_social": true, "is_crit_economique": true, "quartier": "riviere_des_prairies", "scenario_1": true, "scenario_2": true, "scenario_3": true }, "geometry": { "type": "LineString", "coordinates": [ [ -73.5045602, 45.6707317 ], [ -73.5046077, 45.6705956 ] ] } },
{ "type": "Feature", "properties": { "u": 5349628393, "v": 5349628392, "key": 0, "highway": "primary", "length_km": 0.08136338862830135, "h_neige": 7.27, "is_crit_security_social": true, "is_crit_economique": true, "quartier": "riviere_des_prairies", "scenario_1": true, "scenario_2": true, "scenario_3": true }, "geometry": { "type": "LineString", "coordinates": [ [ -73.5043122, 45.6714426 ], [ -73.5045602, 45.6707317 ] ] } },
{ "type": "Feature", "properties": { "u": 5349628393, "v": 295801588, "key": 0, "highway": "primary", "length_km": 0.07961475882338416, "h_neige": 17.57, "is_crit_security_social": true, "is_crit_economique": true, "quartier": "riviere_des_prairies", "scenario_1": true, "scenario_2": true, "scenario_3": true }, "geometry": { "type": "LineString", "coordinates": [ [ -73.5043122, 45.6714426 ], [ -73.5041096, 45.6720231 ], [ -73.5040694, 45.6721382 ] ] } },
{ "type": "Feature", "properties": { "u": 5407303238, "v": 224873287, "key": 0, "highway": "secondary", "length_km": 0.21066289501536034, "h_neige": 18.02, "is_crit_security_social": true, "is_crit_economique": true, "quartier": "riviere_des_prairies", "scenario_1": true, "scenario_2": true, "scenario_3": true }, "geometry": { "type": "LineString", "coordinates": [ [ -73.5418747, 45.6592327 ], [ -73.5418204, 45.659185 ], [ -73.5417453, 45.659119 ], [ -73.5417098, 45.6590867 ], [ -73.5415766, 45.6589941 ], [ -73.5413855, 45.6588539 ], [ -73.5411977, 45.6587222 ], [ -73.5408665, 45.658479 ], [ -73.5408074, 45.6584321 ], [ -73.5407565, 45.6583848 ], [ -73.5406526, 45.6582859 ], [ -73.5405479, 45.6581702 ], [ -73.5404125, 45.6580216 ], [ -73.5401786, 45.6577648 ] ] } },
{ "type": "Feature", "properties": { "u": 5407310533, "v": 5407303238, "key": 0, "highway": "secondary", "length_km": 0.011042692257570347, "h_neige": 19.78, "is_crit_security_social": true, "is_crit_economique": true, "quartier": "riviere_des_prairies", "scenario_1": true, "scenario_2": true, "scenario_3": true }, "geometry": { "type": "LineString", "coordinates": [ [ -73.5419608, 45.6593117 ], [ -73.5418747, 45.6592327 ] ] } },
{ "type": "Feature", "properties": { "u": 5407310535, "v": 2578898420, "key": 0, "highway": "secondary", "length_km": 0.060914950906938659, "h_neige": 1.69, "is_crit_security_social": true, "is_crit_economique": true, "quartier": "riviere_des_prairies", "scenario_1": true, "scenario_2": true, "scenario_3": true }, "geometry": { "type": "LineString", "coordinates": [ [ -73.5418642, 45.6593747 ], [ -73.5419198, 45.6594196 ], [ -73.5419505, 45.6594506 ], [ -73.5422109, 45.6597153 ], [ -73.5423451, 45.6598046 ] ] } },
{ "type": "Feature", "properties": { "u": 5413953143, "v": 574794173, "key": 0, "highway": "secondary", "length_km": 0.10004638083699979, "h_neige": 2.89, "is_crit_security_social": true, "is_crit_economique": true, "quartier": "riviere_des_prairies", "scenario_1": true, "scenario_2": true, "scenario_3": true }, "geometry": { "type": "LineString", "coordinates": [ [ -73.5779798, 45.6501284 ], [ -73.5777323, 45.6503463 ], [ -73.5775701, 45.6504891 ], [ -73.5772623, 45.6507601 ], [ -73.5771759, 45.650831 ] ] } },
{ "type": "Feature", "properties": { "u": 5413953144, "v": 596571410, "key": 0, "highway": "secondary", "length_km": 0.10746747338188466, "h_neige": 19.01, "is_crit_security_social": true, "is_crit_economique": true, "quartier": "riviere_des_prairies", "scenario_1": true, "scenario_2": true, "scenario_3": true }, "geometry": { "type": "LineString", "coordinates": [ [ -73.5781375, 45.6502031 ], [ -73.578213, 45.6501426 ], [ -73.5789293, 45.6495216 ], [ -73.5790065, 45.6494515 ] ] } },
{ "type": "Feature", "properties": { "u": 8872102981, "v": 536273507, "key": 0, "highway": "secondary", "length_km": 0.05506094324091395, "h_neige": 18.08, "is_crit_security_social": true, "is_crit_economique": true, "quartier": "riviere_des_prairies", "scenario_1": true, "scenario_2": true, "scenario_3": true }, "geometry": { "type": "LineString", "coordinates": [ [ -73.6033218, 45.6223639 ], [ -73.6036544, 45.6226908 ], [ -73.6036736, 45.6227099 ], [ -73.6036936, 45.6227298 ], [ -73.6037322, 45.6227674 ] ] } },
{ "type": "Feature", "properties": { "u": 8872479574, "v": 3749532520, "key": 0, "highway": "tertiary", "length_km": 0.27623415645684574, "h_neige": 13.09, "is_crit_security_social": true, "is_crit_economique": true, "quartier": "riviere_des_prairies", "scenario_1": true, "scenario_2": true, "scenario_3": true }, "geometry": { "type": "LineString", "coordinates": [ [ -73.6164119, 45.6311343 ], [ -73.6163525, 45.6311632 ], [ -73.6163074, 45.6311901 ], [ -73.61616, 45.631278 ], [ -73.616063, 45.631331 ], [ -73.6159881, 45.6313701 ], [ -73.6159169, 45.6314057 ], [ -73.6158108, 45.6314512 ], [ -73.6155152, 45.6315698 ], [ -73.6154039, 45.6316172 ], [ -73.6153111, 45.6316573 ], [ -73.615171, 45.6317222 ], [ -73.6150667, 45.6317708 ], [ -73.6150295, 45.6317881 ], [ -73.6148503, 45.631878 ], [ -73.6147654, 45.6319206 ], [ -73.6145205, 45.6320451 ], [ -73.6140653, 45.6322777 ], [ -73.61404, 45.6322906 ], [ -73.6139641, 45.6323294 ], [ -73.6139009, 45.6323617 ], [ -73.6138662, 45.6323794 ], [ -73.6136326, 45.6325023 ], [ -73.6135946, 45.6325217 ], [ -73.6135502, 45.6325444 ], [ -73.6135116, 45.6325642 ] ] } },
{ "type": "Feature", "properties": { "u": 8872479574, "v": 286752998, "key": 0, "highway": "tertiary", "length_km": 0.16456269817098274, "h_neige": 6.78, "is_crit_security_social": true, "is_crit_economique": true, "quartier": "riviere_des_prairies", "scenario_1": true, "scenario_2": true, "scenario_3": true }, "geometry": { "type": "LineString", "coordinates": [ [ -73.6164119, 45.6311343 ], [ -73.6164723, 45.6311029 ], [ -73.6165245, 45.6310724 ], [ -73.6166739, 45.6309708 ], [ -73.6169874, 45.6307577 ], [ -73.6173158, 45.6305375 ], [ -73.6176225, 45.6303314 ], [ -73.6177433, 45.6302503 ], [ -73.6178035, 45.6302098 ], [ -73.6178718, 45.6301639 ], [ -73.6179261, 45.6301292 ], [ -73.6179466, 45.630116 ] ] } },
{ "type": "Feature", "properties": { "u": 8875269601, "v": 8875464001, "key": 0, "highway": "secondary", "length_km": 0.093281525122398706, "h_neige": 18.93, "is_crit_security_social": true, "is_crit_economique": true, "quartier": "riviere_des_prairies", "scenario_1": true, "scenario_2": true, "scenario_3": true }, "geometry": { "type": "LineString", "coordinates": [ [ -73.5974582, 45.6162862 ], [ -73.5973237, 45.6162128 ], [ -73.5972028, 45.6161496 ], [ -73.596896, 45.6159891 ], [ -73.5966869, 45.615886 ], [ -73.5964922, 45.6157892 ] ] } },
{ "type": "Feature", "properties": { "u": 8875271136, "v": 8875269601, "key": 0, "highway": "secondary", "length_km": 0.54731349341741065, "h_neige": 0.01, "is_crit_security_social": true, "is_crit_economique": true, "quartier": "riviere_des_prairies", "scenario_1": true, "scenario_2": true, "scenario_3": true }, "geometry": { "type": "LineString", "coordinates": [ [ -73.6019986, 45.6200238 ], [ -73.6014756, 45.6195286 ], [ -73.5997787, 45.6179359 ], [ -73.5996517, 45.6178227 ], [ -73.5995595, 45.6177401 ], [ -73.5994472, 45.6176443 ], [ -73.5993089, 45.6175304 ], [ -73.5992656, 45.6174956 ], [ -73.5992223, 45.6174609 ], [ -73.5991516, 45.6174066 ], [ -73.5990872, 45.6173549 ], [ -73.5990005, 45.6172864 ], [ -73.5989247, 45.6172304 ], [ -73.5988385, 45.617168 ], [ -73.5987419, 45.6170972 ], [ -73.59864, 45.6170246 ], [ -73.5985556, 45.6169659 ], [ -73.5985178, 45.6169396 ], [ -73.5983682, 45.6168391 ], [ -73.5981682, 45.6167099 ], [ -73.5980109, 45.6166113 ], [ -73.5978609, 45.6165185 ], [ -73.5976343, 45.6163864 ], [ -73.5974582, 45.6162862 ] ] } },
{ "type": "Feature", "properties": { "u": 8875463624, "v": 224991752, "key": 0, "highway": "secondary", "length_km": 0.21047743080552681, "h_neige": 1.68, "is_crit_security_social": true, "is_crit_economique": true, "quartier": "riviere_des_prairies", "scenario_1": true, "scenario_2": true, "scenario_3": true }, "geometry": { "type": "LineString", "coordinates": [ [ -73.5975924, 45.6170941 ], [ -73.5978626, 45.6172715 ], [ -73.5979641, 45.6173397 ], [ -73.5980278, 45.6173825 ], [ -73.5981311, 45.6174554 ], [ -73.598275, 45.617559 ], [ -73.5984137, 45.6176618 ], [ -73.5985491, 45.6177678 ], [ -73.5986743, 45.6178667 ], [ -73.5987473, 45.6179256 ], [ -73.598841, 45.6180039 ], [ -73.5989575, 45.6181039 ], [ -73.5990695, 45.6182018 ], [ -73.5992222, 45.6183369 ], [ -73.5993999, 45.6184988 ] ] } },
{ "type": "Feature", "properties": { "u": 8875463718, "v": 2388532869, "key": 0, "highway": "primary", "length_km": 0.03740475048986918, "h_neige": 10.27, "is_crit_security_social": true, "is_crit_economique": true, "quartier": "riviere_des_prairies", "scenario_1": true, "scenario_2": true, "scenario_3": true }, "geometry": { "type": "LineString", "coordinates": [ [ -73.5971391, 45.6148429 ], [ -73.5974284, 45.6146862 ], [ -73.5975194, 45.614637 ] ] } },
{ "type": "Feature", "properties": { "u": 8891037245, "v": 369552373, "key": 0, "highway": "secondary", "length_km": 0.10480723908680119, "h_neige": 2.27, "is_crit_security_social": true, "is_crit_economique": true, "quartier": "riviere_des_prairies", "scenario_1": true, "scenario_2": true, "scenario_3": true }, "geometry": { "type": "LineString", "coordinates": [ [ -73.5282754, 45.648456 ], [ -73.5284375, 45.6482809 ], [ -73.5287716, 45.6479201 ], [ -73.5289984, 45.6476605 ] ] } },
{ "type": "Feature", "properties": { "u": 8891037250, "v": 10916525882, "key": 0, "highway": "secondary", "length_km": 0.22467485598576131, "h_neige": 11.91, "is_crit_security_social": true, "is_crit_economique": true, "quartier": "riviere_des_prairies", "scenario_1": true, "scenario_2": true, "scenario_3": true }, "geometry": { "type": "LineString", "coordinates": [ [ -73.5252436, 45.652018 ], [ -73.525528, 45.6517158 ], [ -73.5258837, 45.6513216 ], [ -73.5261594, 45.6510048 ], [ -73.5262728, 45.6508758 ], [ -73.5263739, 45.6507494 ], [ -73.5265356, 45.6505518 ], [ -73.5267474, 45.6502931 ] ] } },
{ "type": "Feature", "properties": { "u": 8891331240, "v": 224867651, "key": 0, "highway": "primary", "length_km": 0.11976066302074789, "h_neige": 12.25, "is_crit_security_social": true, "is_crit_economique": true, "quartier": "riviere_des_prairies", "scenario_1": true, "scenario_2": true, "scenario_3": true }, "geometry": { "type": "LineString", "coordinates": [ [ -73.5199159, 45.6604112 ], [ -73.5202256, 45.6602935 ], [ -73.520344, 45.6602321 ], [ -73.5205161, 45.6601444 ], [ -73.5207094, 45.6600463 ], [ -73.5209186, 45.659937 ], [ -73.5210179, 45.6598859 ], [ -73.5211921, 45.6598108 ] ] } },
{ "type": "Feature", "properties": { "u": 8891331273, "v": 10916608845, "key": 0, "highway": "primary", "length_km": 0.32790854316047074, "h_neige": 16.36, "is_crit_security_social": true, "is_crit_economique": true, "quartier": "riviere_des_prairies", "scenario_1": true, "scenario_2": true, "scenario_3": true }, "geometry": { "type": "LineString", "coordinates": [ [ -73.5199611, 45.6596948 ], [ -73.5190902, 45.6599465 ], [ -73.5178157, 45.6603109 ], [ -73.5177179, 45.6603426 ], [ -73.5175963, 45.6603827 ], [ -73.5174339, 45.6604395 ], [ -73.5172594, 45.6605042 ], [ -73.517118, 45.6605593 ], [ -73.5169883, 45.6606112 ], [ -73.5168319, 45.6606754 ], [ -73.5167025, 45.6607326 ], [ -73.5166007, 45.660778 ], [ -73.5164761, 45.6608371 ], [ -73.5163678, 45.6608908 ], [ -73.516146, 45.6609293 ] ] } },
{ "type": "Feature", "properties": { "u": 8891331382, "v": 8892360938, "key": 0, "highway": "secondary", "length_km": 0.77957843669972948, "h_neige": 15.87, "is_crit_security_social": true, "is_crit_economique": true, "quartier": "riviere_des_prairies", "scenario_1": true, "scenario_2": true, "scenario_3": true }, "geometry": { "type": "LineString", "coordinates": [ [ -73.5181114, 45.6664171 ], [ -73.5181566, 45.6667727 ], [ -73.5182098, 45.6670561 ], [ -73.5183666, 45.6678656 ], [ -73.5185066, 45.6685951 ], [ -73.518521, 45.66867 ], [ -73.5186123, 45.6691644 ], [ -73.5186269, 45.6692659 ], [ -73.5186362, 45.6693559 ], [ -73.5186473, 45.6694823 ], [ -73.5186535, 45.6695846 ], [ -73.5186553, 45.6696721 ], [ -73.5186565, 45.6697635 ], [ -73.5186577, 45.6698352 ], [ -73.5186571, 45.6698552 ], [ -73.5186549, 45.6699213 ], [ -73.5186487, 45.6699997 ], [ -73.5186405, 45.6701131 ], [ -73.5186279, 45.6702373 ], [ -73.5186059, 45.6704419 ], [ -73.5185924, 45.6706187 ], [ -73.5185364, 45.6712512 ], [ -73.5185243, 45.6713917 ], [ -73.5185238, 45.671432 ], [ -73.518531, 45.6714717 ], [ -73.5185475, 45.6715166 ], [ -73.5185693, 45.6715506 ], [ -73.5186042, 45.6715819 ], [ -73.518647, 45.6716087 ], [ -73.5186991, 45.6716277 ], [ -73.5187489, 45.6716392 ], [ -73.5188024, 45.6716429 ], [ -73.518846, 45.6716419 ], [ -73.5188859, 45.6716371 ], [ -73.5189362, 45.6716277 ], [ -73.5197783, 45.6714224 ], [ -73.5198302, 45.6714081 ], [ -73.5198749, 45.6713938 ], [ -73.5198993, 45.6713833 ], [ -73.5199278, 45.6713709 ], [ -73.5199646, 45.6713507 ], [ -73.5200085, 45.6713167 ], [ -73.5200435, 45.6712808 ], [ -73.5200771, 45.6712341 ], [ -73.5201001, 45.6711918 ], [ -73.520113, 45.6711501 ], [ -73.5201203, 45.6711055 ], [ -73.520117, 45.6710613 ], [ -73.5201005, 45.6709957 ], [ -73.5200078, 45.6706352 ], [ -73.5199997, 45.6706043 ] ] } },
{ "type": "Feature", "properties": { "u": 8891358123, "v": 8891331240, "key": 0, "highway": "primary", "length_km": 0.39394957758164334, "h_neige": 1.61, "is_crit_security_social": true, "is_crit_economique": true, "quartier": "riviere_des_prairies", "scenario_1": true, "scenario_2": true, "scenario_3": true }, "geometry": { "type": "LineString", "coordinates": [ [ -73.5158268, 45.6625049 ], [ -73.5161021, 45.662363 ], [ -73.5174898, 45.6616597 ], [ -73.5187502, 45.6610221 ], [ -73.5193273, 45.6607245 ], [ -73.5196052, 45.660578 ], [ -73.5197678, 45.6604921 ], [ -73.5199159, 45.6604112 ] ] } },
{ "type": "Feature", "properties": { "u": 8891358329, "v": 595748562, "key": 0, "highway": "primary", "length_km": 0.047367252344226729, "h_neige": 2.41, "is_crit_security_social": true, "is_crit_economique": true, "quartier": "riviere_des_prairies", "scenario_1": true, "scenario_2": true, "scenario_3": true }, "geometry": { "type": "LineString", "coordinates": [ [ -73.5152429, 45.6615933 ], [ -73.5148202, 45.6619002 ] ] } },
{ "type": "Feature", "properties": { "u": 8892226319, "v": 369547030, "key": 0, "highway": "secondary", "length_km": 0.27113335867608629, "h_neige": 4.97, "is_crit_security_social": true, "is_crit_economique": true, "quartier": "riviere_des_prairies", "scenario_1": true, "scenario_2": true, "scenario_3": true }, "geometry": { "type": "LineString", "coordinates": [ [ -73.5194463, 45.6587963 ], [ -73.5195566, 45.6586095 ], [ -73.5196515, 45.6584575 ], [ -73.5197501, 45.6583076 ], [ -73.5198512, 45.6581641 ], [ -73.5199602, 45.6580118 ], [ -73.5200776, 45.657854 ], [ -73.5201881, 45.657712 ], [ -73.5202932, 45.6575801 ], [ -73.5204785, 45.6573604 ], [ -73.5206663, 45.6571479 ], [ -73.5208618, 45.6569242 ], [ -73.5208985, 45.6568865 ], [ -73.5211274, 45.6566663 ] ] } },
{ "type": "Feature", "properties": { "u": 8892226337, "v": 369550962, "key": 0, "highway": "secondary", "length_km": 0.7006417943896629, "h_neige": 6.36, "is_crit_security_social": true, "is_crit_economique": true, "quartier": "riviere_des_prairies", "scenario_1": true, "scenario_2": true, "scenario_3": true }, "geometry": { "type": "LineString", "coordinates": [ [ -73.5193695, 45.6576777 ], [ -73.5192066, 45.6580298 ], [ -73.5190742, 45.6582233 ], [ -73.5189894, 45.6583539 ], [ -73.5189176, 45.6584676 ], [ -73.5188272, 45.6586142 ], [ -73.518747, 45.6587508 ], [ -73.5186626, 45.6588998 ], [ -73.5185786, 45.6590502 ], [ -73.5185115, 45.6591792 ], [ -73.5184351, 45.6593283 ], [ -73.5183709, 45.6594692 ], [ -73.5183127, 45.6596021 ], [ -73.5182508, 45.6597414 ], [ -73.5181923, 45.6598797 ], [ -73.5181426, 45.6600087 ], [ -73.5181003, 45.6601169 ], [ -73.5180362, 45.6602995 ], [ -73.5179666, 45.6605106 ], [ -73.517912, 45.660697 ], [ -73.5178643, 45.660867 ], [ -73.5178237, 45.66103 ], [ -73.5177885, 45.6611883 ], [ -73.517757, 45.6613374 ], [ -73.5177346, 45.6614727 ], [ -73.5177066, 45.6616275 ], [ -73.5176852, 45.6617869 ], [ -73.5176637, 45.661945 ], [ -73.5176448, 45.6620919 ], [ -73.5176322, 45.662261 ], [ -73.5176217, 45.6624144 ], [ -73.5176128, 45.6626096 ], [ -73.5176093, 45.6627565 ], [ -73.5176078, 45.6629036 ], [ -73.51761, 45.6630691 ], [ -73.5176167, 45.6631948 ], [ -73.5176215, 45.6632984 ], [ -73.517625, 45.6637895 ] ] } },
{ "type": "Feature", "properties": { "u": 8892258629, "v": 8892258632, "key": 0, "highway": "secondary", "length_km": 0.038554350055641826, "h_neige": 6.98, "is_crit_security_social": true, "is_crit_economique": true, "quartier": "riviere_des_prairies", "scenario_1": true, "scenario_2": true, "scenario_3": true }, "geometry": { "type": "LineString", "coordinates": [ [ -73.5221872, 45.6545164 ], [ -73.5219127, 45.6548052 ] ] } },
{ "type": "Feature", "properties": { "u": 8892258632, "v": 632183298, "key": 0, "highway": "secondary", "length_km": 0.092061936054235585, "h_neige": 0.12, "is_crit_security_social": true, "is_crit_economique": true, "quartier": "riviere_des_prairies", "scenario_1": true, "scenario_2": true, "scenario_3": true }, "geometry": { "type": "LineString", "coordinates": [ [ -73.5219127, 45.6548052 ], [ -73.5215603, 45.6552033 ], [ -73.5212868, 45.6555081 ] ] } },
{ "type": "Feature", "properties": { "u": 8892348812, "v": 8891037250, "key": 0, "highway": "secondary", "length_km": 0.32599072965660464, "h_neige": 2.57, "is_crit_security_social": true, "is_crit_economique": true, "quartier": "riviere_des_prairies", "scenario_1": true, "scenario_2": true, "scenario_3": true }, "geometry": { "type": "LineString", "coordinates": [ [ -73.5230422, 45.6545134 ], [ -73.5236609, 45.653809 ], [ -73.5237536, 45.653704 ], [ -73.5242816, 45.6531063 ], [ -73.5246554, 45.6526847 ], [ -73.5252436, 45.652018 ] ] } },
{ "type": "Feature", "properties": { "u": 8892349011, "v": 4031745322, "key": 0, "highway": "secondary", "length_km": 0.061100427345580313, "h_neige": 14.12, "is_crit_security_social": true, "is_crit_economique": true, "quartier": "riviere_des_prairies", "scenario_1": true, "scenario_2": true, "scenario_3": true }, "geometry": { "type": "LineString", "coordinates": [ [ -73.5288753, 45.6485743 ], [ -73.5290482, 45.6486346 ], [ -73.5292067, 45.6487044 ], [ -73.5294429, 45.6488111 ], [ -73.5295475, 45.648858 ] ] } },
{ "type": "Feature", "properties": { "u": 8892349036, "v": 8892349011, "key": 0, "highway": "secondary", "length_km": 0.13476877018096906, "h_neige": 15.92, "is_crit_security_social": true, "is_crit_economique": true, "quartier": "riviere_des_prairies", "scenario_1": true, "scenario_2": true, "scenario_3": true }, "geometry": { "type": "LineString", "coordinates": [ [ -73.5274181, 45.6479177 ], [ -73.5277103, 45.6480457 ], [ -73.5285834, 45.6484379 ], [ -73.5287367, 45.6485099 ], [ -73.5288753, 45.6485743 ] ] } },
{ "type": "Feature", "properties": { "u": 8892349158, "v": 4031745325, "key": 0, "highway": "secondary", "length_km": 0.048771575845225214, "h_neige": 10.89, "is_crit_security_social": true, "is_crit_economique": true, "quartier": "riviere_des_prairies", "scenario_1": true, "scenario_2": true, "scenario_3": true }, "geometry": { "type": "LineString", "coordinates": [ [ -73.5262403, 45.6473782 ], [ -73.5264191, 45.6474461 ], [ -73.5267258, 45.6475853 ], [ -73.5267738, 45.6476084 ] ] } },
{ "type": "Feature", "properties": { "u": 8892349160, "v": 4031745296, "key": 0, "highway": "secondary", "length_km": 0.14254752378009936, "h_neige": 14.97, "is_crit_security_social": true, "is_crit_economique": true, "quartier": "riviere_des_prairies", "scenario_1": true, "scenario_2": true, "scenario_3": true }, "geometry": { "type": "LineString", "coordinates": [ [ -73.5276493, 45.6484187 ], [ -73.5275463, 45.6485382 ], [ -73.5271311, 45.6490005 ], [ -73.5270659, 45.6490708 ], [ -73.5269832, 45.6491596 ], [ -73.5267945, 45.6493615 ], [ -73.5266649, 45.6495002 ] ] } },
{ "type": "Feature", "properties": { "u": 8892360938, "v": 621015579, "key": 0, "highway": "secondary", "length_km": 0.407078529903869, "h_neige": 4.55, "is_crit_security_social": true, "is_crit_economique": true, "quartier": "riviere_des_prairies", "scenario_1": true, "scenario_2": true, "scenario_3": true }, "geometry": { "type": "LineString", "coordinates": [ [ -73.5199997, 45.6706043 ], [ -73.519758, 45.6696864 ], [ -73.5197286, 45.6695772 ], [ -73.5196758, 45.6693815 ], [ -73.5195041, 45.6688226 ], [ -73.5194741, 45.6686985 ], [ -73.5194394, 45.6685425 ], [ -73.5194268, 45.6684808 ], [ -73.5194053, 45.6683758 ], [ -73.5193723, 45.6682167 ], [ -73.5193448, 45.6680909 ], [ -73.5193255, 45.6679943 ], [ -73.5193188, 45.667961 ], [ -73.5192954, 45.6678322 ], [ -73.5192477, 45.6675753 ], [ -73.519137, 45.6669949 ] ] } },
{ "type": "Feature", "properties": { "u": 8892969686, "v": 224873268, "key": 0, "highway": "secondary", "length_km": 0.44819169737353909, "h_neige": 12.81, "is_crit_security_social": true, "is_crit_economique": true, "quartier": "riviere_des_prairies", "scenario_1": true, "scenario_2": true, "scenario_3": true }, "geometry": { "type": "LineString", "coordinates": [ [ -73.5306805, 45.6493178 ], [ -73.5313142, 45.6496 ], [ -73.5323012, 45.6500469 ], [ -73.5324921, 45.6501331 ], [ -73.5326515, 45.6502055 ], [ -73.532794, 45.6502661 ], [ -73.5329229, 45.6503216 ], [ -73.5330548, 45.6503735 ], [ -73.5331927, 45.6504234 ], [ -73.5333201, 45.6504644 ], [ -73.5334489, 45.6505045 ], [ -73.5335812, 45.6505418 ], [ -73.5337495, 45.650585 ], [ -73.5339308, 45.6506283 ], [ -73.534101, 45.6506719 ], [ -73.5342315, 45.6507069 ], [ -73.5343655, 45.6507485 ], [ -73.5344713, 45.6507837 ], [ -73.5345691, 45.6508196 ], [ -73.5346578, 45.650854 ], [ -73.5347528, 45.6508954 ], [ -73.5348349, 45.6509329 ], [ -73.5349368, 45.6509824 ], [ -73.5350126, 45.6510224 ], [ -73.5350946, 45.6510687 ], [ -73.535163, 45.6511084 ], [ -73.5352245, 45.6511499 ], [ -73.5352799, 45.651188 ], [ -73.5353358, 45.6512321 ], [ -73.5354016, 45.6512848 ], [ -73.5354623, 45.6513393 ], [ -73.5355101, 45.6513839 ], [ -73.5355405, 45.6514164 ] ] } },
{ "type": "Feature", "properties": { "u": 8892969686, "v": 369564363, "key": 0, "highway": "secondary", "length_km": 0.067515616063104036, "h_neige": 1.11, "is_crit_security_social": true, "is_crit_economique": true, "quartier": "riviere_des_prairies", "scenario_1": true, "scenario_2": true, "scenario_3": true }, "geometry": { "type": "LineString", "coordinates": [ [ -73.5306805, 45.6493178 ], [ -73.5302736, 45.649095 ], [ -73.5299967, 45.6489434 ] ] } },
{ "type": "Feature", "properties": { "u": 8893001423, "v": 8891331273, "key": 0, "highway": "primary", "length_km": 0.22956927485332901, "h_neige": 2.19, "is_crit_security_social": true, "is_crit_economique": true, "quartier": "riviere_des_prairies", "scenario_1": true, "scenario_2": true, "scenario_3": true }, "geometry": { "type": "LineString", "coordinates": [ [ -73.5226287, 45.6588257 ], [ -73.5223447, 45.6589622 ], [ -73.5221643, 45.6590333 ], [ -73.5219859, 45.6591009 ], [ -73.5218156, 45.6591604 ], [ -73.521654, 45.6592156 ], [ -73.5214572, 45.6592753 ], [ -73.5213272, 45.6593155 ], [ -73.5211293, 45.6593767 ], [ -73.5209595, 45.6594264 ], [ -73.5208561, 45.6594585 ], [ -73.520425, 45.6595842 ], [ -73.5201914, 45.6596499 ], [ -73.5201333, 45.6596667 ], [ -73.5199611, 45.6596948 ] ] } },
{ "type": "Feature", "properties": { "u": 8893268396, "v": 369554210, "key": 0, "highway": "secondary", "length_km": 0.55874293287858268, "h_neige": 13.11, "is_crit_security_social": true, "is_crit_economique": true, "quartier": "riviere_des_prairies", "scenario_1": true, "scenario_2": true, "scenario_3": true }, "geometry": { "type": "LineString", "coordinates": [ [ -73.5322335, 45.6432061 ], [ -73.5317807, 45.6436978 ], [ -73.5313705, 45.6441493 ], [ -73.5312616, 45.6442677 ], [ -73.5311416, 45.6444029 ], [ -73.5310331, 45.6445271 ], [ -73.5309365, 45.6446424 ], [ -73.5308688, 45.6447284 ], [ -73.5307965, 45.6448214 ], [ -73.5307222, 45.6449176 ], [ -73.5306543, 45.6450049 ], [ -73.5305707, 45.6451056 ], [ -73.5304903, 45.6452017 ], [ -73.5303344, 45.6453854 ], [ -73.529589, 45.6462321 ], [ -73.52861, 45.6473417 ], [ -73.5284758, 45.6474885 ] ] } },
{ "type": "Feature", "properties": { "u": 10916525872, "v": 595748223, "key": 0, "highway": "secondary", "length_km": 0.22551059340874494, "h_neige": 7.08, "is_crit_security_social": true, "is_crit_economique": true, "quartier": "riviere_des_prairies", "scenario_1": true, "scenario_2": true, "scenario_3": true }, "geometry": { "type": "LineString", "coordinates": [ [ -73.5263296, 45.6472727 ], [ -73.526205, 45.6472239 ], [ -73.5260515, 45.6471625 ], [ -73.5259078, 45.6471052 ], [ -73.5258108, 45.6470665 ], [ -73.5256159, 45.6469823 ], [ -73.5253845, 45.6468788 ], [ -73.5239696, 45.6462395 ], [ -73.5238723, 45.6461957 ] ] } },
{ "type": "Feature", "properties": { "u": 10916525882, "v": 8891037245, "key": 0, "highway": "secondary", "length_km": 0.23635047055294306, "h_neige": 16.26, "is_crit_security_social": true, "is_crit_economique": true, "quartier": "riviere_des_prairies", "scenario_1": true, "scenario_2": true, "scenario_3": true }, "geometry": { "type": "LineString", "coordinates": [ [ -73.5267474, 45.6502931 ], [ -73.5273289, 45.6495506 ], [ -73.5274808, 45.6493716 ], [ -73.5277341, 45.6490814 ], [ -73.5280219, 45.6487465 ], [ -73.5281659, 45.6485791 ], [ -73.5282754, 45.648456 ] ] } },
{ "type": "Feature", "properties": { "u": 10916608845, "v": 8891358329, "key": 0, "highway": "primary", "length_km": 0.1018700934964107, "h_neige": 19.93, "is_crit_security_social": true, "is_crit_economique": true, "quartier": "riviere_des_prairies", "scenario_1": true, "scenario_2": true, "scenario_3": true }, "geometry": { "type": "LineString", "coordinates": [ [ -73.516146, 45.6609293 ], [ -73.5159925, 45.6610397 ], [ -73.5155559, 45.6613628 ], [ -73.5153962, 45.6614791 ], [ -73.5152429, 45.6615933 ] ] } },
{ "type": "Feature", "properties": { "u": 10916608851, "v": 8893001423, "key": 0, "highway": "primary", "length_km": 0.026351897008221204, "h_neige": 15.49, "is_crit_security_social": true, "is_crit_economique": true, "quartier": "riviere_des_prairies", "scenario_1": true, "scenario_2": true, "scenario_3": true }, "geometry": { "type": "LineString", "coordinates": [ [ -73.5229209, 45.6587055 ], [ -73.5228117, 45.658749 ], [ -73.5226287, 45.6588257 ] ] } },
{ "type": "Feature", "properties": { "u": 10916654077, "v": 621038884, "key": 0, "highway": "primary", "length_km": 0.48542954088053814, "h_neige": 14.74, "is_crit_security_social": true, "is_crit_economique": true, "quartier": "riviere_des_prairies", "scenario_1": true, "scenario_2": true, "scenario_3": true }, "geometry": { "type": "LineString", "coordinates": [ [ -73.5234275, 45.658637 ], [ -73.5240233, 45.6583652 ], [ -73.5243342, 45.6582244 ], [ -73.5245702, 45.6581159 ], [ -73.5247442, 45.658036 ], [ -73.5249486, 45.6579371 ], [ -73.5251708, 45.6578295 ], [ -73.5255109, 45.6576649 ], [ -73.5256419, 45.6576015 ], [ -73.5257651, 45.6575424 ], [ -73.526841, 45.6570263 ], [ -73.5268564, 45.6570188 ], [ -73.5284091, 45.6562652 ], [ -73.5285881, 45.6561783 ] ] } },
{ "type": "Feature", "properties": { "u": 12107087535, "v": 297623735, "key": 0, "highway": "secondary", "length_km": 0.082361522728532269, "h_neige": 12.73, "is_crit_security_social": true, "is_crit_economique": true, "quartier": "riviere_des_prairies", "scenario_1": true, "scenario_2": true, "scenario_3": true }, "geometry": { "type": "LineString", "coordinates": [ [ -73.4886641, 45.6918602 ], [ -73.4886494, 45.6919124 ], [ -73.488485, 45.692496 ], [ -73.4884779, 45.6925243 ], [ -73.488462, 45.6925873 ] ] } },
{ "type": "Feature", "properties": { "u": 12107087535, "v": 623324627, "key": 0, "highway": "secondary", "length_km": 0.15144229181336008, "h_neige": 4.08, "is_crit_security_social": true, "is_crit_economique": true, "quartier": "riviere_des_prairies", "scenario_1": true, "scenario_2": true, "scenario_3": true }, "geometry": { "type": "LineString", "coordinates": [ [ -73.4886641, 45.6918602 ], [ -73.4886793, 45.6918047 ], [ -73.4890066, 45.6906083 ], [ -73.4890127, 45.6905864 ], [ -73.4890304, 45.6905225 ] ] } },
{ "type": "Feature", "properties": { "u": 12128832421, "v": 623509919, "key": 0, "highway": "residential", "length_km": 0.075618652972242684, "h_neige": 13.67, "is_crit_security_social": true, "is_crit_economique": false, "quartier": "riviere_des_prairies", "scenario_1": true, "scenario_2": false, "scenario_3": true }, "geometry": { "type": "LineString", "coordinates": [ [ -73.49265, 45.6721898 ], [ -73.4927403, 45.672241 ], [ -73.4935739, 45.6723798 ] ] } },
{ "type": "Feature", "properties": { "u": 12131968161, "v": 13360662228, "key": 0, "highway": "residential", "length_km": 0.066526861332540932, "h_neige": 7.99, "is_crit_security_social": true, "is_crit_economique": false, "quartier": "riviere_des_prairies", "scenario_1": true, "scenario_2": false, "scenario_3": true }, "geometry": { "type": "LineString", "coordinates": [ [ -73.4908688, 45.696526 ], [ -73.4909477, 45.6965358 ], [ -73.4911486, 45.6965647 ], [ -73.4912449, 45.6965904 ], [ -73.4913, 45.6966204 ], [ -73.4915396, 45.6968427 ] ] } },
{ "type": "Feature", "properties": { "u": 13360662228, "v": 12131968161, "key": 0, "highway": "residential", "length_km": 0.066526861332540932, "h_neige": 1.42, "is_crit_security_social": true, "is_crit_economique": false, "quartier": "riviere_des_prairies", "scenario_1": true, "scenario_2": false, "scenario_3": true }, "geometry": { "type": "LineString", "coordinates": [ [ -73.4915396, 45.6968427 ], [ -73.4913, 45.6966204 ], [ -73.4912449, 45.6965904 ], [ -73.4911486, 45.6965647 ], [ -73.4909477, 45.6965358 ], [ -73.4908688, 45.696526 ] ] } }
]
}
